{
	"format_version": "1.21.11",
	"credit": "Made with Blockbench",
	"textures": {
		"0": "item/aciddemon",
		"particle": "item/aciddemon"
	},
	"elements": [
		{
			"from": [7.6, 0.5, 7.75],
			"to": [8.35, 5.25, 8.25],
			"faces": {
				"north": {"uv": [7.75, 11.625, 8.125, 14], "texture": "#0"},
				"east": {"uv": [8, 11.625, 8.125, 14], "texture": "#0"},
				"south": {"uv": [8.125, 11.625, 7.75, 14], "texture": "#0"},
				"west": {"uv": [8, 11.625, 8.125, 14], "texture": "#0"}
			}
		},
		{
			"from": [8.6, 5.5, 7.75],
			"to": [9.35, 5.75, 8.25],
			"faces": {
				"north": {"uv": [7.25, 11.375, 7.625, 11.5], "texture": "#0"},
				"east": {"uv": [7.25, 11.375, 7.375, 11.5], "texture": "#0"},
				"south": {"uv": [7.625, 11.375, 7.25, 11.5], "texture": "#0"},
				"down": {"uv": [7.625, 11.375, 7.25, 11.5], "texture": "#0"}
			}
		},
		{
			"from": [6.6, 5.5, 7.75],
			"to": [7.35, 5.75, 8.25],
			"faces": {
				"north": {"uv": [8.25, 11.375, 8.625, 11.5], "texture": "#0"},
				"south": {"uv": [8.625, 11.375, 8.25, 11.5], "texture": "#0"},
				"west": {"uv": [7.25, 11.375, 7.375, 11.5], "texture": "#0"},
				"down": {"uv": [8.625, 11.375, 8.25, 11.5], "texture": "#0"}
			}
		},
		{
			"from": [6.6, 5.25, 7.75],
			"to": [7.1, 5.5, 8.25],
			"faces": {
				"north": {"uv": [8.375, 11.5, 8.625, 11.625], "texture": "#0"},
				"east": {"uv": [7.5, 11.5, 7.375, 11.625], "texture": "#0"},
				"south": {"uv": [8.625, 11.5, 8.375, 11.625], "texture": "#0"},
				"west": {"uv": [7.25, 11.375, 7.375, 11.5], "texture": "#0"},
				"down": {"uv": [8.625, 11.5, 8.375, 11.625], "texture": "#0"}
			}
		},
		{
			"from": [8.85, 5.25, 7.75],
			"to": [9.35, 5.5, 8.25],
			"faces": {
				"north": {"uv": [7.25, 11.5, 7.5, 11.625], "texture": "#0"},
				"east": {"uv": [7.25, 11.375, 7.375, 11.5], "texture": "#0"},
				"south": {"uv": [7.5, 11.5, 7.25, 11.625], "texture": "#0"},
				"west": {"uv": [7.5, 11.5, 7.375, 11.625], "texture": "#0"},
				"down": {"uv": [7.5, 11.5, 7.25, 11.625], "texture": "#0"}
			}
		},
		{
			"from": [7.35, 0.75, 7.5],
			"to": [8.6, 1.25, 8.5],
			"faces": {
				"north": {"uv": [7.625, 13.625, 8.25, 13.875], "texture": "#0"},
				"east": {"uv": [7.625, 13.625, 8.125, 13.875], "texture": "#0"},
				"south": {"uv": [7.625, 13.625, 8.25, 13.875], "texture": "#0"},
				"west": {"uv": [7.625, 13.625, 8.125, 13.875], "texture": "#0"},
				"up": {"uv": [7.75, 13.625, 7.875, 13.75], "texture": "#0"},
				"down": {"uv": [7.625, 13.75, 7.75, 13.875], "texture": "#0"}
			}
		},
		{
			"from": [7.35, 4.5, 7.5],
			"to": [8.6, 5, 8.5],
			"faces": {
				"north": {"uv": [7.625, 13.625, 8.25, 13.875], "texture": "#0"},
				"east": {"uv": [7.625, 13.625, 8.125, 13.875], "texture": "#0"},
				"south": {"uv": [7.625, 13.625, 8.25, 13.875], "texture": "#0"},
				"west": {"uv": [7.625, 13.625, 8.125, 13.875], "texture": "#0"},
				"up": {"uv": [7.75, 13.625, 7.875, 13.75], "texture": "#0"},
				"down": {"uv": [7.625, 13.75, 7.75, 13.875], "texture": "#0"}
			}
		},
		{
			"from": [7.35, 0, 7.5],
			"to": [8.6, 0.5, 8.5],
			"faces": {
				"north": {"uv": [7.625, 14, 8.25, 14.25], "texture": "#0"},
				"east": {"uv": [7.625, 13.625, 8.125, 13.875], "texture": "#0"},
				"south": {"uv": [7.625, 14, 8.25, 14.25], "texture": "#0"},
				"west": {"uv": [7.625, 13.625, 8.125, 13.875], "texture": "#0"},
				"up": {"uv": [7.75, 13.75, 7.875, 13.875], "texture": "#0"},
				"down": {"uv": [7.625, 13.75, 7.75, 13.875], "texture": "#0"}
			}
		},
		{
			"from": [7.6, -0.25, 7.88],
			"to": [8.35, 0, 8.13],
			"faces": {
				"north": {"uv": [7.75, 14.25, 8.125, 14.375], "texture": "#0"},
				"east": {"uv": [7.875, 14.25, 8, 14.375], "texture": "#0"},
				"south": {"uv": [8.125, 14.25, 7.75, 14.375], "texture": "#0"},
				"west": {"uv": [7.875, 14.25, 8, 14.375], "texture": "#0"},
				"down": {"uv": [8.125, 14.25, 7.75, 14.375], "texture": "#0"}
			}
		},
		{
			"from": [7.6, -1.25, 7.88],
			"to": [8.35, -1, 8.13],
			"faces": {
				"north": {"uv": [7.75, 14.75, 8.125, 14.875], "texture": "#0"},
				"east": {"uv": [7.75, 14.75, 7.875, 14.875], "texture": "#0"},
				"south": {"uv": [8.125, 14.75, 7.75, 14.875], "texture": "#0"},
				"west": {"uv": [7.875, 14.25, 8, 14.375], "texture": "#0"},
				"up": {"uv": [8.125, 14.75, 7.75, 14.875], "texture": "#0"},
				"down": {"uv": [8.125, 14.75, 7.75, 14.875], "texture": "#0"}
			}
		},
		{
			"from": [8.35, -1, 7.88],
			"to": [8.6, -0.25, 8.13],
			"faces": {
				"north": {"uv": [7.625, 14.375, 7.75, 14.75], "texture": "#0"},
				"east": {"uv": [7.625, 14.375, 7.75, 14.75], "texture": "#0"},
				"south": {"uv": [7.625, 14.375, 7.75, 14.75], "texture": "#0"},
				"west": {"uv": [7.625, 14.375, 7.75, 14.75], "texture": "#0"},
				"up": {"uv": [7.75, 14.375, 7.625, 14.5], "texture": "#0"},
				"down": {"uv": [7.875, 14.75, 7.75, 14.875], "texture": "#0"}
			}
		},
		{
			"from": [7.6, -1, 7.88],
			"to": [7.85, -0.75, 8.13],
			"faces": {
				"north": {"uv": [7.75, 14.625, 7.875, 14.75], "texture": "#0"},
				"east": {"uv": [7.75, 14.625, 7.875, 14.75], "texture": "#0"},
				"south": {"uv": [7.75, 14.625, 7.875, 14.75], "texture": "#0"},
				"up": {"uv": [7.75, 14.625, 7.875, 14.75], "texture": "#0"}
			}
		},
		{
			"from": [8.1, -1, 7.88],
			"to": [8.35, -0.75, 8.13],
			"faces": {
				"north": {"uv": [7.75, 14.625, 7.875, 14.75], "texture": "#0"},
				"south": {"uv": [7.75, 14.625, 7.875, 14.75], "texture": "#0"},
				"west": {"uv": [7.75, 14.625, 7.875, 14.75], "texture": "#0"},
				"up": {"uv": [7.75, 14.625, 7.875, 14.75], "texture": "#0"}
			}
		},
		{
			"from": [7.6, -0.5, 7.88],
			"to": [7.85, -0.25, 8.13],
			"faces": {
				"north": {"uv": [7.75, 14.625, 7.875, 14.75], "texture": "#0"},
				"east": {"uv": [7.75, 14.625, 7.875, 14.75], "texture": "#0"},
				"south": {"uv": [7.75, 14.625, 7.875, 14.75], "texture": "#0"},
				"down": {"uv": [7.75, 14.625, 7.875, 14.75], "texture": "#0"}
			}
		},
		{
			"from": [8.1, -0.5, 7.88],
			"to": [8.35, -0.25, 8.13],
			"faces": {
				"north": {"uv": [7.75, 14.625, 7.875, 14.75], "texture": "#0"},
				"south": {"uv": [7.75, 14.625, 7.875, 14.75], "texture": "#0"},
				"west": {"uv": [7.75, 14.625, 7.875, 14.75], "texture": "#0"},
				"down": {"uv": [7.75, 14.625, 7.875, 14.75], "texture": "#0"}
			}
		},
		{
			"from": [7.35, -1, 7.88],
			"to": [7.6, -0.25, 8.13],
			"faces": {
				"north": {"uv": [8.125, 14.375, 8.25, 14.75], "texture": "#0"},
				"east": {"uv": [8.125, 14.375, 8.25, 14.75], "texture": "#0"},
				"south": {"uv": [8.125, 14.375, 8.25, 14.75], "texture": "#0"},
				"west": {"uv": [8.125, 14.375, 8.25, 14.75], "texture": "#0"},
				"up": {"uv": [7.75, 14.375, 7.625, 14.5], "texture": "#0"},
				"down": {"uv": [7.875, 14.75, 7.75, 14.875], "texture": "#0"}
			}
		},
		{
			"from": [7.349, 5.25, 7.56],
			"to": [8.601, 6, 8.435],
			"faces": {
				"north": {"uv": [7.625, 11.25, 8.25, 11.625], "texture": "#0"},
				"east": {"uv": [7.625, 11.25, 7.75, 11.625], "texture": "#0"},
				"south": {"uv": [8.25, 11.25, 7.625, 11.625], "texture": "#0"},
				"west": {"uv": [8.125, 11.25, 8.25, 11.625], "texture": "#0"},
				"up": {"uv": [8.25, 11.25, 7.625, 11.375], "texture": "#0"},
				"down": {"uv": [8.25, 11.5, 7.625, 11.625], "texture": "#0"}
			}
		},
		{
			"from": [8.599, 5.75, 7.56],
			"to": [9.601, 6.5, 8.435],
			"faces": {
				"north": {"uv": [7.125, 11, 7.625, 11.375], "texture": "#0"},
				"east": {"uv": [7.125, 11, 7.25, 11.375], "texture": "#0"},
				"south": {"uv": [7.625, 11, 7.125, 11.375], "texture": "#0"},
				"west": {"uv": [7.5, 11, 7.625, 11.375], "texture": "#0"},
				"up": {"uv": [7.625, 11, 7.125, 11.125], "texture": "#0"},
				"down": {"uv": [7.625, 11.25, 7.125, 11.375], "texture": "#0"}
			}
		},
		{
			"from": [6.349, 5.75, 7.56],
			"to": [7.351, 6.5, 8.435],
			"faces": {
				"north": {"uv": [8.25, 11, 8.75, 11.375], "texture": "#0"},
				"east": {"uv": [8.25, 11, 8.375, 11.375], "texture": "#0"},
				"south": {"uv": [8.75, 11, 8.25, 11.375], "texture": "#0"},
				"west": {"uv": [8.625, 11, 8.75, 11.375], "texture": "#0"},
				"up": {"uv": [8.75, 11, 8.25, 11.125], "texture": "#0"},
				"down": {"uv": [8.75, 11.25, 8.25, 11.375], "texture": "#0"}
			}
		},
		{
			"from": [7.35, 6, 7.933],
			"to": [8.6, 7.25, 8.058],
			"faces": {
				"north": {"uv": [7.625, 10.625, 8.25, 11.25], "texture": "#0"},
				"east": {"uv": [7.625, 10.625, 7.75, 11.25], "texture": "#0"},
				"south": {"uv": [8.25, 10.625, 7.625, 11.25], "texture": "#0"},
				"up": {"uv": [8.25, 10.625, 7.625, 10.75], "texture": "#0"}
			}
		},
		{
			"from": [7.35, 7.25, 7.933],
			"to": [8.35, 7.75, 8.058],
			"faces": {
				"north": {"uv": [7.75, 10.375, 8.25, 10.625], "texture": "#0"},
				"east": {"uv": [7.75, 10.375, 7.875, 10.625], "texture": "#0"},
				"south": {"uv": [8.25, 10.375, 7.75, 10.625], "texture": "#0"}
			}
		},
		{
			"from": [7.1, 7.75, 7.933],
			"to": [8.35, 8, 8.058],
			"faces": {
				"north": {"uv": [7.75, 10.25, 8.375, 10.375], "texture": "#0"},
				"east": {"uv": [7.75, 10.25, 7.875, 10.375], "texture": "#0"},
				"south": {"uv": [8.375, 10.25, 7.75, 10.375], "texture": "#0"},
				"west": {"uv": [8.25, 10.25, 8.375, 10.375], "texture": "#0"},
				"up": {"uv": [8.375, 10.25, 7.75, 10.375], "texture": "#0"},
				"down": {"uv": [8.125, 10.5, 8, 10.625], "texture": "#0"}
			}
		},
		{
			"from": [7.1, 8, 7.933],
			"to": [8.1, 8.25, 8.058],
			"faces": {
				"north": {"uv": [7.875, 10.125, 8.375, 10.25], "texture": "#0"},
				"east": {"uv": [7.875, 10.125, 8, 10.25], "texture": "#0"},
				"south": {"uv": [7.875, 10.125, 8.375, 10.25], "texture": "#0"},
				"west": {"uv": [8.25, 10.125, 8.375, 10.25], "texture": "#0"}
			}
		},
		{
			"from": [6.85, 8.25, 7.933],
			"to": [8.1, 8.75, 8.058],
			"faces": {
				"north": {"uv": [7.875, 9.875, 8.5, 10.125], "texture": "#0"},
				"east": {"uv": [7.875, 9.875, 8, 10.125], "texture": "#0"},
				"south": {"uv": [8.5, 9.875, 7.875, 10.125], "texture": "#0"},
				"up": {"uv": [8.5, 9.875, 7.875, 10], "texture": "#0"}
			}
		},
		{
			"from": [6.85, 8.75, 7.933],
			"to": [7.6, 9, 8.058],
			"faces": {
				"north": {"uv": [8.125, 9.75, 8.5, 9.875], "texture": "#0"},
				"east": {"uv": [8.125, 9.75, 8.25, 9.875], "texture": "#0"},
				"south": {"uv": [8.125, 9.75, 8.5, 9.875], "texture": "#0"}
			}
		},
		{
			"from": [8.1, 8.75, 7.933],
			"to": [8.85, 9, 8.058],
			"faces": {
				"north": {"uv": [7.5, 9.75, 7.875, 9.875], "texture": "#0"},
				"east": {"uv": [8.125, 9.75, 8.25, 9.875], "texture": "#0"},
				"south": {"uv": [7.875, 9.75, 7.5, 9.875], "texture": "#0"},
				"west": {"uv": [7.5, 10.125, 7.625, 10.25], "texture": "#0"},
				"down": {"uv": [7.5, 10.125, 7.625, 10.25], "texture": "#0"}
			}
		},
		{
			"from": [8.35, 8.5, 7.933],
			"to": [8.85, 8.75, 8.058],
			"faces": {
				"north": {"uv": [7.5, 9.875, 7.75, 10], "texture": "#0"},
				"east": {"uv": [8.125, 9.75, 8.25, 9.875], "texture": "#0"},
				"south": {"uv": [7.75, 9.875, 7.5, 10], "texture": "#0"},
				"west": {"uv": [7.5, 10.125, 7.625, 10.25], "texture": "#0"},
				"down": {"uv": [7.5, 10.125, 7.625, 10.25], "texture": "#0"}
			}
		},
		{
			"from": [8.6, 8, 7.933],
			"to": [8.85, 8.5, 8.058],
			"faces": {
				"north": {"uv": [7.5, 10, 7.625, 10.25], "texture": "#0"},
				"east": {"uv": [7.5, 10, 7.625, 10.25], "texture": "#0"},
				"south": {"uv": [7.625, 10, 7.5, 10.25], "texture": "#0"},
				"west": {"uv": [7.5, 10, 7.625, 10.25], "texture": "#0"},
				"down": {"uv": [7.5, 10.125, 7.625, 10.25], "texture": "#0"}
			}
		},
		{
			"from": [6.6, 10.25, 7.933],
			"to": [6.85, 11.25, 8.058],
			"faces": {
				"north": {"uv": [8.5, 8.625, 8.625, 9.125], "texture": "#0"},
				"south": {"uv": [8.5, 8.625, 8.625, 9.125], "texture": "#0"},
				"west": {"uv": [8.5, 8.625, 8.625, 9.125], "texture": "#0"},
				"up": {"uv": [8.625, 8.75, 8.75, 8.875], "texture": "#0"},
				"down": {"uv": [8.75, 8.875, 8.875, 9], "texture": "#0"}
			}
		},
		{
			"from": [6.85, 12.25, 7.933],
			"to": [7.1, 13, 8.058],
			"faces": {
				"north": {"uv": [8.375, 7.75, 8.5, 8.125], "texture": "#0"},
				"south": {"uv": [8.375, 7.75, 8.5, 8.125], "texture": "#0"},
				"west": {"uv": [8.375, 7.75, 8.5, 8.125], "texture": "#0"},
				"up": {"uv": [8.5, 7.75, 8.625, 7.875], "texture": "#0"},
				"down": {"uv": [8.75, 8.875, 8.875, 9], "texture": "#0"}
			}
		},
		{
			"from": [6.6, 12.75, 7.933],
			"to": [6.85, 13, 8.058],
			"faces": {
				"north": {"uv": [8.5, 7.75, 8.625, 7.875], "texture": "#0"},
				"south": {"uv": [8.5, 7.75, 8.625, 7.875], "texture": "#0"},
				"west": {"uv": [8.5, 7.75, 8.625, 7.875], "texture": "#0"},
				"up": {"uv": [8.5, 7.75, 8.625, 7.875], "texture": "#0"},
				"down": {"uv": [8.5, 7.75, 8.625, 7.875], "texture": "#0"}
			}
		},
		{
			"from": [8.6, 16, 7.933],
			"to": [8.85, 16.25, 8.058],
			"faces": {
				"north": {"uv": [7.5, 6.125, 7.625, 6.25], "texture": "#0"},
				"east": {"uv": [7.5, 10, 7.625, 10.25], "texture": "#0"},
				"south": {"uv": [7.5, 6.125, 7.625, 6.25], "texture": "#0"},
				"west": {"uv": [7.5, 6.125, 7.625, 6.25], "texture": "#0"},
				"down": {"uv": [7.5, 6.125, 7.625, 6.25], "texture": "#0"}
			}
		},
		{
			"from": [6.35, 10.5, 7.933],
			"to": [6.6, 11, 8.058],
			"faces": {
				"north": {"uv": [8.625, 8.75, 8.75, 9], "texture": "#0"},
				"south": {"uv": [8.625, 8.75, 8.75, 9], "texture": "#0"},
				"west": {"uv": [8.625, 8.75, 8.75, 9], "texture": "#0"},
				"up": {"uv": [8.625, 8.75, 8.75, 8.875], "texture": "#0"},
				"down": {"uv": [8.75, 8.875, 8.875, 9], "texture": "#0"}
			}
		},
		{
			"from": [6.1, 10.5, 7.933],
			"to": [6.35, 10.75, 8.058],
			"faces": {
				"north": {"uv": [8.75, 8.875, 8.875, 9], "texture": "#0"},
				"south": {"uv": [8.75, 8.875, 8.875, 9], "texture": "#0"},
				"west": {"uv": [8.75, 8.875, 8.875, 9], "texture": "#0"},
				"up": {"uv": [8.75, 8.875, 8.875, 9], "texture": "#0"},
				"down": {"uv": [8.75, 8.875, 8.875, 9], "texture": "#0"}
			}
		},
		{
			"from": [6.85, 9, 7.933],
			"to": [8.85, 11.75, 8.058],
			"faces": {
				"north": {"uv": [7.5, 8.375, 8.5, 9.75], "texture": "#0"},
				"east": {"uv": [7.5, 8.375, 7.625, 9.75], "texture": "#0"},
				"south": {"uv": [8.5, 8.375, 7.5, 9.75], "texture": "#0"},
				"west": {"uv": [8.375, 8.375, 8.5, 9.75], "texture": "#0"},
				"up": {"uv": [8.5, 8.375, 7.5, 8.5], "texture": "#0"},
				"down": {"uv": [7.5, 9.625, 8.5, 9.75], "texture": "#0"}
			}
		},
		{
			"from": [7.1, 11.75, 7.933],
			"to": [8.85, 13.75, 8.058],
			"faces": {
				"north": {"uv": [7.5, 7.375, 8.375, 8.375], "texture": "#0"},
				"east": {"uv": [7.5, 7.375, 7.625, 8.375], "texture": "#0"},
				"south": {"uv": [8.375, 7.375, 7.5, 8.375], "texture": "#0"},
				"west": {"uv": [8.25, 7.375, 8.375, 8.375], "texture": "#0"},
				"up": {"uv": [8.5, 8.375, 7.5, 8.5], "texture": "#0"}
			}
		},
		{
			"from": [7.1, 13.75, 7.933],
			"to": [8.6, 15, 8.058],
			"faces": {
				"north": {"uv": [7.625, 6.75, 8.375, 7.375], "texture": "#0"},
				"east": {"uv": [7.625, 6.75, 7.75, 7.375], "texture": "#0"},
				"south": {"uv": [8.375, 6.75, 7.625, 7.375], "texture": "#0"},
				"up": {"uv": [8.375, 6.75, 7.625, 6.875], "texture": "#0"}
			}
		},
		{
			"from": [7.1, 15, 7.933],
			"to": [8.35, 15.75, 8.058],
			"faces": {
				"north": {"uv": [7.75, 6.375, 8.375, 6.75], "texture": "#0"},
				"east": {"uv": [7.75, 6.375, 7.875, 6.75], "texture": "#0"},
				"south": {"uv": [8.375, 6.375, 7.75, 6.75], "texture": "#0"},
				"up": {"uv": [8.375, 6.375, 7.75, 6.5], "texture": "#0"}
			}
		},
		{
			"from": [7.1, 15.75, 7.933],
			"to": [8.1, 16.25, 8.058],
			"faces": {
				"north": {"uv": [7.875, 6.125, 8.375, 6.375], "texture": "#0"},
				"east": {"uv": [7.875, 6.125, 8, 6.375], "texture": "#0"},
				"south": {"uv": [8.375, 6.125, 7.875, 6.375], "texture": "#0"}
			}
		},
		{
			"from": [7.1, 16.25, 7.933],
			"to": [8.85, 17, 8.058],
			"faces": {
				"north": {"uv": [7.5, 5.75, 8.375, 6.125], "texture": "#0"},
				"east": {"uv": [7.5, 5.75, 7.625, 6.125], "texture": "#0"},
				"south": {"uv": [8.375, 5.75, 7.5, 6.125], "texture": "#0"},
				"down": {"uv": [8.375, 6, 7.5, 6.125], "texture": "#0"}
			}
		},
		{
			"from": [6.85, 17, 7.933],
			"to": [8.85, 17.75, 8.058],
			"faces": {
				"north": {"uv": [7.5, 5.375, 8.5, 5.75], "texture": "#0"},
				"east": {"uv": [7.5, 5.375, 7.625, 5.75], "texture": "#0"},
				"south": {"uv": [8.5, 5.375, 7.5, 5.75], "texture": "#0"},
				"west": {"uv": [8.375, 5.375, 8.5, 5.75], "texture": "#0"},
				"up": {"uv": [8.5, 5.375, 7.5, 5.5], "texture": "#0"},
				"down": {"uv": [8.5, 5.625, 7.5, 5.75], "texture": "#0"}
			}
		},
		{
			"from": [6.6, 17.75, 7.933],
			"to": [8.6, 18, 8.058],
			"faces": {
				"north": {"uv": [7.625, 5.25, 8.625, 5.375], "texture": "#0"},
				"east": {"uv": [7.5, 6.125, 7.625, 6.25], "texture": "#0"},
				"south": {"uv": [8.625, 5.25, 7.625, 5.375], "texture": "#0"},
				"west": {"uv": [8.5, 5.25, 8.625, 5.375], "texture": "#0"},
				"up": {"uv": [8.5, 5.375, 7.5, 5.5], "texture": "#0"},
				"down": {"uv": [8.5, 5.625, 7.5, 5.75], "texture": "#0"}
			}
		},
		{
			"from": [6.6, 18, 7.933],
			"to": [8.35, 18.25, 8.058],
			"faces": {
				"north": {"uv": [7.75, 5.125, 8.625, 5.25], "texture": "#0"},
				"east": {"uv": [7.5, 6.125, 7.625, 6.25], "texture": "#0"},
				"south": {"uv": [8.625, 5.125, 7.75, 5.25], "texture": "#0"},
				"west": {"uv": [8.5, 5.125, 8.625, 5.25], "texture": "#0"},
				"up": {"uv": [7.5, 6.125, 7.625, 6.25], "texture": "#0"}
			}
		},
		{
			"from": [5.85, 18.25, 7.933],
			"to": [8.1, 18.5, 8.058],
			"faces": {
				"north": {"uv": [7.875, 5, 9, 5.125], "texture": "#0"},
				"east": {"uv": [7.5, 6.125, 7.625, 6.25], "texture": "#0"},
				"south": {"uv": [9, 5, 7.875, 5.125], "texture": "#0"},
				"west": {"uv": [7.5, 6.125, 7.625, 6.25], "texture": "#0"},
				"up": {"uv": [9, 5, 7.875, 5.125], "texture": "#0"},
				"down": {"uv": [7.875, 5, 9, 5.125], "texture": "#0"}
			}
		},
		{
			"from": [6.35, 18.5, 7.933],
			"to": [7.85, 18.75, 8.058],
			"faces": {
				"north": {"uv": [8, 4.875, 8.75, 5], "texture": "#0"},
				"east": {"uv": [7.5, 6.125, 7.625, 6.25], "texture": "#0"},
				"south": {"uv": [8.75, 4.875, 8, 5], "texture": "#0"},
				"west": {"uv": [7.5, 6.125, 7.625, 6.25], "texture": "#0"},
				"up": {"uv": [8.75, 4.875, 8, 5], "texture": "#0"}
			}
		},
		{
			"from": [7.3499, 6, 7.845],
			"to": [8.0999, 7.25, 8.145],
			"faces": {
				"north": {"uv": [7.875, 10.625, 8.25, 11.25], "texture": "#0"},
				"east": {"uv": [7.875, 10.625, 8, 11.25], "texture": "#0"},
				"south": {"uv": [8.25, 10.625, 7.875, 11.25], "texture": "#0"},
				"west": {"uv": [8.125, 10.625, 8.25, 11.25], "texture": "#0"}
			}
		},
		{
			"from": [7.3499, 7.25, 7.845],
			"to": [8.0999, 7.75, 8.145],
			"faces": {
				"north": {"uv": [7.875, 10.375, 8.25, 10.625], "texture": "#0"},
				"east": {"uv": [7.875, 10.375, 8, 10.625], "texture": "#0"},
				"south": {"uv": [8.25, 10.375, 7.875, 10.625], "texture": "#0"},
				"west": {"uv": [8.125, 10.375, 8.25, 10.625], "texture": "#0"},
				"up": {"uv": [8.25, 10.375, 7.875, 10.5], "texture": "#0"}
			}
		},
		{
			"from": [7.3499, 7.75, 7.845],
			"to": [7.8499, 8.5, 8.145],
			"faces": {
				"north": {"uv": [8, 10, 8.25, 10.375], "texture": "#0"},
				"east": {"uv": [8, 10, 8.125, 10.375], "texture": "#0"},
				"south": {"uv": [8.25, 10, 8, 10.375], "texture": "#0"},
				"west": {"uv": [8.125, 10, 8.25, 10.375], "texture": "#0"},
				"up": {"uv": [8.25, 10, 8, 10.125], "texture": "#0"}
			}
		},
		{
			"from": [6.8499, 8.25, 7.845],
			"to": [7.3499, 11.25, 8.145],
			"faces": {
				"north": {"uv": [8.25, 8.625, 8.5, 10.125], "texture": "#0"},
				"east": {"uv": [8.25, 8.625, 8.375, 10.125], "texture": "#0"},
				"south": {"uv": [8.5, 8.625, 8.25, 10.125], "texture": "#0"},
				"west": {"uv": [8.375, 8.625, 8.5, 10.125], "texture": "#0"},
				"up": {"uv": [8.125, 10.625, 8.25, 10.75], "texture": "#0"},
				"down": {"uv": [8.375, 10, 8.5, 10.125], "texture": "#0"}
			}
		},
		{
			"from": [7.3499, 9.5, 7.845],
			"to": [7.8499, 12, 8.145],
			"faces": {
				"north": {"uv": [8, 8.25, 8.25, 9.5], "texture": "#0"},
				"east": {"uv": [8, 8.25, 8.125, 9.5], "texture": "#0"},
				"south": {"uv": [8.25, 8.25, 8, 9.5], "texture": "#0"},
				"west": {"uv": [8.125, 8.25, 8.25, 9.5], "texture": "#0"},
				"down": {"uv": [8.25, 9.375, 8, 9.5], "texture": "#0"}
			}
		},
		{
			"from": [7.0999, 12, 7.845],
			"to": [8.0999, 15, 8.145],
			"faces": {
				"north": {"uv": [7.875, 6.75, 8.375, 8.25], "texture": "#0"},
				"east": {"uv": [7.875, 6.75, 8, 8.25], "texture": "#0"},
				"south": {"uv": [8.375, 6.75, 7.875, 8.25], "texture": "#0"},
				"west": {"uv": [8.25, 6.75, 8.375, 8.25], "texture": "#0"},
				"up": {"uv": [7.875, 6.75, 8, 6.875], "texture": "#0"},
				"down": {"uv": [8.375, 8.125, 7.875, 8.25], "texture": "#0"}
			}
		},
		{
			"from": [7.0999, 15, 7.845],
			"to": [7.8499, 16.25, 8.145],
			"faces": {
				"north": {"uv": [8, 6.125, 8.375, 6.75], "texture": "#0"},
				"east": {"uv": [8, 6.125, 8.125, 6.75], "texture": "#0"},
				"south": {"uv": [8.375, 6.125, 8, 6.75], "texture": "#0"},
				"west": {"uv": [8.25, 6.125, 8.375, 6.75], "texture": "#0"},
				"up": {"uv": [7.875, 6.75, 8, 6.875], "texture": "#0"}
			}
		},
		{
			"from": [7.0999, 16.25, 7.845],
			"to": [7.5999, 17, 8.145],
			"faces": {
				"north": {"uv": [8.125, 5.75, 8.375, 6.125], "texture": "#0"},
				"east": {"uv": [8.125, 5.75, 8.25, 6.125], "texture": "#0"},
				"south": {"uv": [8.375, 5.75, 8.125, 6.125], "texture": "#0"},
				"west": {"uv": [8.25, 5.75, 8.375, 6.125], "texture": "#0"},
				"up": {"uv": [7.875, 6.75, 8, 6.875], "texture": "#0"}
			}
		},
		{
			"from": [7.0999, 17, 7.845],
			"to": [7.3499, 17.5, 8.145],
			"faces": {
				"north": {"uv": [8.25, 5.5, 8.375, 5.75], "texture": "#0"},
				"east": {"uv": [8.25, 5.5, 8.375, 5.75], "texture": "#0"},
				"south": {"uv": [8.25, 5.5, 8.375, 5.75], "texture": "#0"},
				"west": {"uv": [8.25, 5.5, 8.375, 5.75], "texture": "#0"},
				"up": {"uv": [7.875, 6.75, 8, 6.875], "texture": "#0"}
			}
		}
	],
	"gui_light": "front",
	"display": {
		"thirdperson_righthand": {
			"rotation": [0, 90, 0],
			"translation": [-0.5, 6.25, 1.25],
			"scale": [1.7, 1.7, 1.7]
		},
		"thirdperson_lefthand": {
			"rotation": [0, -90, 0],
			"translation": [0.25, 6.25, 1],
			"scale": [1.7, 1.7, 1.7]
		},
		"firstperson_righthand": {
			"rotation": [-165.14, 87.99, 171.12],
			"translation": [2, 5.75, -0.25],
			"scale": [1.3, 1.3, 1.3]
		},
		"firstperson_lefthand": {
			"rotation": [151.07, -87.89, 145.23],
			"translation": [4.25, 5, -1.5],
			"scale": [1.3, 1.3, 1.3]
		},
		"ground": {
			"rotation": [0, 0, -45],
			"translation": [0, 3.3956, 0],
			"scale": [1.5, 1.5, 1.5]
		},
		"gui": {
			"rotation": [-178.5, -0.01, -136],
			"translation": [-1.25, -0.75, 0],
			"scale": [1.1, 1.1, 1.1]
		},
		"head": {
			"rotation": [-180, 1, 45],
			"translation": [4.25, -10, 5],
			"scale": [2.18, 2.18, 2.18]
		},
		"fixed": {
			"rotation": [0, 0, 45],
			"translation": [0.25, 0.75, -2],
			"scale": [2.7, 2.7, 2.7]
		}
	},
	"groups": [
		{
			"name": "hilt",
			"origin": [8, 8, 8],
			"color": 0,
			"children": [0, 1, 2, 3, 4, 5, 6, 7, 8, 9, 10, 11, 12, 13, 14, 15, 16, 17, 18]
		},
		{
			"name": "blade",
			"origin": [8, 8, 8],
			"color": 0,
			"children": [19, 20, 21, 22, 23, 24, 25, 26, 27, 28, 29, 30, 31, 32, 33, 34, 35, 36, 37, 38, 39, 40, 41, 42, 43, 44, 45, 46, 47, 48, 49, 50, 51, 52, 53]
		}
	]
}