{
	"format_version": "1.21.11",
	"credit": "Made with Blockbench",
	"textures": {
		"0": "item/chrono_blade",
		"particle": "item/chrono_blade"
	},
	"elements": [
		{
			"name": "chrono_blade_0",
			"from": [7.25, 11.625, 7.95],
			"to": [8.125, 11.875, 8.075],
			"faces": {
				"north": {"uv": [6.375, 4.125, 5.5, 4.375], "texture": "#0"},
				"east": {"uv": [6.25, 4.125, 6.375, 4.375], "texture": "#0"},
				"south": {"uv": [5.5, 4.125, 6.375, 4.375], "texture": "#0"},
				"west": {"uv": [5.5, 4.125, 5.625, 4.375], "texture": "#0"},
				"up": {"uv": [5.5, 4.125, 6.375, 4.25], "texture": "#0"}
			}
		},
		{
			"name": "chrono_blade_1",
			"from": [7.125, 6.25, 7.95],
			"to": [7.25, 11.75, 8.075],
			"faces": {
				"north": {"uv": [5.5, 4.25, 5.375, 9.75], "texture": "#0"},
				"south": {"uv": [5.375, 4.25, 5.5, 9.75], "texture": "#0"},
				"west": {"uv": [5.375, 4.25, 5.5, 9.75], "texture": "#0"},
				"up": {"uv": [5.375, 4.25, 5.5, 4.375], "texture": "#0"}
			}
		},
		{
			"name": "chrono_blade_2",
			"from": [8.125, 6.25, 7.95],
			"to": [8.25, 11.75, 8.075],
			"faces": {
				"north": {"uv": [6.5, 4.25, 6.375, 9.75], "texture": "#0"},
				"east": {"uv": [6.375, 4.25, 6.5, 9.75], "texture": "#0"},
				"south": {"uv": [6.375, 4.25, 6.5, 9.75], "texture": "#0"},
				"up": {"uv": [6.375, 4.25, 6.5, 4.375], "texture": "#0"}
			}
		},
		{
			"name": "chrono_blade_3",
			"from": [7.375, 9.5, 7.9],
			"to": [8, 11.625, 8.125],
			"faces": {
				"north": {"uv": [5, 4.375, 4.375, 6.5], "texture": "#0"},
				"east": {"uv": [4.875, 4.375, 5, 6.5], "texture": "#0"},
				"south": {"uv": [4.375, 4.375, 5, 6.5], "texture": "#0"},
				"west": {"uv": [4.375, 4.375, 4.5, 6.5], "texture": "#0"},
				"up": {"uv": [4.375, 4.375, 5, 4.5], "texture": "#0"}
			}
		},
		{
			"name": "chrono_blade_4",
			"from": [7.25, 6.375, 7.95],
			"to": [7.375, 11.625, 8.075],
			"faces": {
				"north": {"uv": [5.625, 4.375, 5.5, 9.625], "texture": "#0"},
				"south": {"uv": [5.5, 4.375, 5.625, 9.625], "texture": "#0"}
			}
		},
		{
			"name": "chrono_blade_5",
			"from": [8, 6.375, 7.95],
			"to": [8.125, 11.625, 8.075],
			"faces": {
				"north": {"uv": [6.375, 4.375, 6.25, 9.625], "texture": "#0"},
				"south": {"uv": [6.25, 4.375, 6.375, 9.625], "texture": "#0"}
			}
		},
		{
			"name": "chrono_blade_6",
			"from": [7.375, 9.125, 7.9],
			"to": [7.625, 9.5, 8.125],
			"faces": {
				"north": {"uv": [4.625, 6.5, 4.375, 6.875], "texture": "#0"},
				"south": {"uv": [4.375, 6.5, 4.625, 6.875], "texture": "#0"},
				"west": {"uv": [4.375, 6.5, 4.5, 6.875], "texture": "#0"}
			}
		},
		{
			"name": "chrono_blade_7",
			"from": [7.75, 9.125, 7.9],
			"to": [8, 9.5, 8.125],
			"faces": {
				"north": {"uv": [5, 6.5, 4.75, 6.875], "texture": "#0"},
				"east": {"uv": [4.875, 6.5, 5, 6.875], "texture": "#0"},
				"south": {"uv": [4.75, 6.5, 5, 6.875], "texture": "#0"}
			}
		},
		{
			"name": "chrono_blade_8",
			"from": [7.625, 6.625, 7.85],
			"to": [7.75, 9.5, 8.175],
			"faces": {
				"north": {"uv": [7.75, 6.5, 7.625, 9.375], "texture": "#0"},
				"east": {"uv": [7.625, 6.5, 7.75, 9.375], "texture": "#0"},
				"south": {"uv": [7.625, 6.5, 7.75, 9.375], "texture": "#0"},
				"west": {"uv": [7.625, 6.5, 7.75, 9.375], "texture": "#0"},
				"up": {"uv": [7.625, 6.5, 7.75, 6.625], "texture": "#0"}
			}
		},
		{
			"name": "chrono_blade_9",
			"from": [7.375, 8.75, 7.9],
			"to": [7.5, 9.125, 8.125],
			"faces": {
				"north": {"uv": [4.5, 6.875, 4.375, 7.25], "texture": "#0"},
				"south": {"uv": [4.375, 6.875, 4.5, 7.25], "texture": "#0"},
				"west": {"uv": [4.375, 6.875, 4.5, 7.25], "texture": "#0"}
			}
		},
		{
			"name": "chrono_blade_10",
			"from": [7.875, 8.75, 7.9],
			"to": [8, 9.125, 8.125],
			"faces": {
				"north": {"uv": [5, 6.875, 4.875, 7.25], "texture": "#0"},
				"east": {"uv": [4.875, 6.875, 5, 7.25], "texture": "#0"},
				"south": {"uv": [4.875, 6.875, 5, 7.25], "texture": "#0"}
			}
		},
		{
			"name": "chrono_blade_11",
			"from": [7.5, 8.625, 7.85],
			"to": [7.625, 9.125, 8.175],
			"faces": {
				"north": {"uv": [7.625, 6.875, 7.5, 7.375], "texture": "#0"},
				"south": {"uv": [7.5, 6.875, 7.625, 7.375], "texture": "#0"},
				"west": {"uv": [7.5, 6.875, 7.625, 7.375], "texture": "#0"},
				"up": {"uv": [7.5, 6.875, 7.625, 7], "texture": "#0"},
				"down": {"uv": [7.5, 7.25, 7.625, 7.375], "texture": "#0"}
			}
		},
		{
			"name": "chrono_blade_12",
			"from": [7.75, 8.625, 7.85],
			"to": [7.875, 9.125, 8.175],
			"faces": {
				"north": {"uv": [7.875, 6.875, 7.75, 7.375], "texture": "#0"},
				"east": {"uv": [7.75, 6.875, 7.875, 7.375], "texture": "#0"},
				"south": {"uv": [7.75, 6.875, 7.875, 7.375], "texture": "#0"},
				"up": {"uv": [7.75, 6.875, 7.875, 7], "texture": "#0"},
				"down": {"uv": [7.75, 7.25, 7.875, 7.375], "texture": "#0"}
			}
		},
		{
			"name": "chrono_blade_13",
			"from": [7.375, 8.5, 7.85],
			"to": [7.5, 8.75, 8.175],
			"faces": {
				"north": {"uv": [7.5, 7.25, 7.375, 7.5], "texture": "#0"},
				"east": {"uv": [7.375, 7.25, 7.5, 7.5], "texture": "#0"},
				"south": {"uv": [7.375, 7.25, 7.5, 7.5], "texture": "#0"},
				"west": {"uv": [7.375, 7.25, 7.5, 7.5], "texture": "#0"},
				"up": {"uv": [7.375, 7.25, 7.5, 7.375], "texture": "#0"},
				"down": {"uv": [7.375, 7.375, 7.5, 7.5], "texture": "#0"}
			}
		},
		{
			"name": "chrono_blade_14",
			"from": [7.875, 8.5, 7.85],
			"to": [8, 8.75, 8.175],
			"faces": {
				"north": {"uv": [8, 7.25, 7.875, 7.5], "texture": "#0"},
				"east": {"uv": [7.875, 7.25, 8, 7.5], "texture": "#0"},
				"south": {"uv": [7.875, 7.25, 8, 7.5], "texture": "#0"},
				"west": {"uv": [7.875, 7.25, 8, 7.5], "texture": "#0"},
				"up": {"uv": [7.875, 7.25, 8, 7.375], "texture": "#0"},
				"down": {"uv": [7.875, 7.375, 8, 7.5], "texture": "#0"}
			}
		},
		{
			"name": "chrono_blade_15",
			"from": [7.5, 7.625, 7.9],
			"to": [7.625, 8.625, 8.125],
			"faces": {
				"north": {"uv": [4.625, 7.375, 4.5, 8.375], "texture": "#0"},
				"south": {"uv": [4.5, 7.375, 4.625, 8.375], "texture": "#0"}
			}
		},
		{
			"name": "chrono_blade_16",
			"from": [7.75, 7.625, 7.9],
			"to": [7.875, 8.625, 8.125],
			"faces": {
				"north": {"uv": [4.875, 7.375, 4.75, 8.375], "texture": "#0"},
				"south": {"uv": [4.75, 7.375, 4.875, 8.375], "texture": "#0"}
			}
		},
		{
			"name": "chrono_blade_17",
			"from": [7.375, 6.625, 7.9],
			"to": [7.5, 8.5, 8.125],
			"faces": {
				"north": {"uv": [4.5, 7.5, 4.375, 9.375], "texture": "#0"},
				"south": {"uv": [4.375, 7.5, 4.5, 9.375], "texture": "#0"},
				"west": {"uv": [4.375, 7.5, 4.5, 9.375], "texture": "#0"}
			}
		},
		{
			"name": "chrono_blade_18",
			"from": [7.875, 6.625, 7.9],
			"to": [8, 8.5, 8.125],
			"faces": {
				"north": {"uv": [5, 7.5, 4.875, 9.375], "texture": "#0"},
				"east": {"uv": [4.875, 7.5, 5, 9.375], "texture": "#0"},
				"south": {"uv": [4.875, 7.5, 5, 9.375], "texture": "#0"}
			}
		},
		{
			"name": "chrono_blade_19",
			"from": [7.5, 6.625, 7.85],
			"to": [7.625, 7.625, 8.175],
			"faces": {
				"north": {"uv": [7.625, 8.375, 7.5, 9.375], "texture": "#0"},
				"south": {"uv": [7.5, 8.375, 7.625, 9.375], "texture": "#0"},
				"west": {"uv": [7.5, 8.375, 7.625, 9.375], "texture": "#0"},
				"up": {"uv": [7.5, 8.375, 7.625, 8.5], "texture": "#0"}
			}
		},
		{
			"name": "chrono_blade_20",
			"from": [7.75, 6.625, 7.85],
			"to": [7.875, 7.625, 8.175],
			"faces": {
				"north": {"uv": [7.875, 8.375, 7.75, 9.375], "texture": "#0"},
				"east": {"uv": [7.75, 8.375, 7.875, 9.375], "texture": "#0"},
				"south": {"uv": [7.75, 8.375, 7.875, 9.375], "texture": "#0"},
				"up": {"uv": [7.75, 8.375, 7.875, 8.5], "texture": "#0"}
			}
		},
		{
			"name": "chrono_blade_21",
			"from": [7.375, 6.5, 7.85],
			"to": [7.5, 6.625, 8.175],
			"faces": {
				"north": {"uv": [7.5, 9.375, 7.375, 9.5], "texture": "#0"},
				"south": {"uv": [7.375, 9.375, 7.5, 9.5], "texture": "#0"},
				"west": {"uv": [7.375, 9.375, 7.5, 9.5], "texture": "#0"},
				"up": {"uv": [7.375, 9.375, 7.5, 9.5], "texture": "#0"}
			}
		},
		{
			"name": "chrono_blade_22",
			"from": [7.875, 6.5, 7.85],
			"to": [8, 6.625, 8.175],
			"faces": {
				"north": {"uv": [8, 9.375, 7.875, 9.5], "texture": "#0"},
				"east": {"uv": [7.875, 9.375, 8, 9.5], "texture": "#0"},
				"south": {"uv": [7.875, 9.375, 8, 9.5], "texture": "#0"},
				"up": {"uv": [7.875, 9.375, 8, 9.5], "texture": "#0"}
			}
		},
		{
			"name": "chrono_blade_23",
			"from": [7.5, 6.375, 7.8],
			"to": [7.875, 6.625, 8.225],
			"faces": {
				"north": {"uv": [9.375, 9.375, 9, 9.625], "texture": "#0"},
				"east": {"uv": [9.25, 9.375, 9.375, 9.625], "texture": "#0"},
				"south": {"uv": [9, 9.375, 9.375, 9.625], "texture": "#0"},
				"west": {"uv": [9, 9.375, 9.125, 9.625], "texture": "#0"},
				"up": {"uv": [9, 9.375, 9.375, 9.5], "texture": "#0"},
				"down": {"uv": [9, 9.5, 9.375, 9.625], "texture": "#0"}
			}
		},
		{
			"name": "chrono_blade_24",
			"from": [7.375, 5.875, 7.8],
			"to": [7.5, 6.5, 8.225],
			"faces": {
				"north": {"uv": [9, 9.5, 8.875, 10.125], "texture": "#0"},
				"east": {"uv": [8.875, 9.5, 9, 10.125], "texture": "#0"},
				"south": {"uv": [8.875, 9.5, 9, 10.125], "texture": "#0"},
				"west": {"uv": [8.875, 9.5, 9, 10.125], "texture": "#0"},
				"up": {"uv": [8.875, 9.5, 9, 9.625], "texture": "#0"},
				"down": {"uv": [8.875, 10, 9, 10.125], "texture": "#0"}
			}
		},
		{
			"name": "chrono_blade_25",
			"from": [7.875, 5.875, 7.8],
			"to": [8, 6.5, 8.225],
			"faces": {
				"north": {"uv": [9.5, 9.5, 9.375, 10.125], "texture": "#0"},
				"east": {"uv": [9.375, 9.5, 9.5, 10.125], "texture": "#0"},
				"south": {"uv": [9.375, 9.5, 9.5, 10.125], "texture": "#0"},
				"west": {"uv": [9.375, 9.5, 9.5, 10.125], "texture": "#0"},
				"up": {"uv": [9.375, 9.5, 9.5, 9.625], "texture": "#0"},
				"down": {"uv": [9.375, 10, 9.5, 10.125], "texture": "#0"}
			}
		},
		{
			"name": "chrono_blade_26",
			"from": [7.625, 6, 7.9],
			"to": [7.75, 6.375, 8.125],
			"faces": {
				"north": {"uv": [6, 9.625, 5.875, 10], "texture": "#0"},
				"south": {"uv": [5.875, 9.625, 6, 10], "texture": "#0"}
			}
		},
		{
			"name": "chrono_blade_27",
			"from": [7.25, 6, 7.8],
			"to": [7.375, 6.375, 8.225],
			"faces": {
				"north": {"uv": [8.875, 9.625, 8.75, 10], "texture": "#0"},
				"south": {"uv": [8.75, 9.625, 8.875, 10], "texture": "#0"},
				"west": {"uv": [8.75, 9.625, 8.875, 10], "texture": "#0"},
				"up": {"uv": [8.75, 9.625, 8.875, 9.75], "texture": "#0"},
				"down": {"uv": [8.75, 9.875, 8.875, 10], "texture": "#0"}
			}
		},
		{
			"name": "chrono_blade_28",
			"from": [7.5, 6.25, 7.8],
			"to": [7.625, 6.375, 8.225],
			"faces": {
				"north": {"uv": [9.125, 9.625, 9, 9.75], "texture": "#0"},
				"east": {"uv": [9, 9.625, 9.125, 9.75], "texture": "#0"},
				"south": {"uv": [9, 9.625, 9.125, 9.75], "texture": "#0"},
				"down": {"uv": [9, 9.625, 9.125, 9.75], "texture": "#0"}
			}
		},
		{
			"name": "chrono_blade_29",
			"from": [7.75, 6.25, 7.8],
			"to": [7.875, 6.375, 8.225],
			"faces": {
				"north": {"uv": [9.375, 9.625, 9.25, 9.75], "texture": "#0"},
				"south": {"uv": [9.25, 9.625, 9.375, 9.75], "texture": "#0"},
				"west": {"uv": [9.25, 9.625, 9.375, 9.75], "texture": "#0"},
				"down": {"uv": [9.25, 9.625, 9.375, 9.75], "texture": "#0"}
			}
		},
		{
			"name": "chrono_blade_30",
			"from": [8, 6, 7.8],
			"to": [8.125, 6.375, 8.225],
			"faces": {
				"north": {"uv": [9.625, 9.625, 9.5, 10], "texture": "#0"},
				"east": {"uv": [9.5, 9.625, 9.625, 10], "texture": "#0"},
				"south": {"uv": [9.5, 9.625, 9.625, 10], "texture": "#0"},
				"up": {"uv": [9.5, 9.625, 9.625, 9.75], "texture": "#0"},
				"down": {"uv": [9.5, 9.875, 9.625, 10], "texture": "#0"}
			}
		},
		{
			"name": "chrono_blade_31",
			"from": [7.5, 6.125, 7.9],
			"to": [7.625, 6.25, 8.125],
			"faces": {
				"north": {"uv": [5.875, 9.75, 5.75, 9.875], "texture": "#0"},
				"south": {"uv": [5.75, 9.75, 5.875, 9.875], "texture": "#0"}
			}
		},
		{
			"name": "chrono_blade_32",
			"from": [7.75, 6.125, 7.9],
			"to": [7.875, 6.25, 8.125],
			"faces": {
				"north": {"uv": [6.125, 9.75, 6, 9.875], "texture": "#0"},
				"south": {"uv": [6, 9.75, 6.125, 9.875], "texture": "#0"}
			}
		},
		{
			"name": "chrono_blade_33",
			"from": [7, 6.125, 7.85],
			"to": [7.25, 6.25, 8.175],
			"faces": {
				"north": {"uv": [7.25, 9.75, 7, 9.875], "texture": "#0"},
				"south": {"uv": [7, 9.75, 7.25, 9.875], "texture": "#0"},
				"west": {"uv": [7, 9.75, 7.125, 9.875], "texture": "#0"},
				"up": {"uv": [7, 9.75, 7.25, 9.875], "texture": "#0"},
				"down": {"uv": [7, 9.75, 7.25, 9.875], "texture": "#0"}
			}
		},
		{
			"name": "chrono_blade_34",
			"from": [8.125, 6.125, 7.85],
			"to": [8.375, 6.25, 8.175],
			"faces": {
				"north": {"uv": [8.375, 9.75, 8.125, 9.875], "texture": "#0"},
				"east": {"uv": [8.25, 9.75, 8.375, 9.875], "texture": "#0"},
				"south": {"uv": [8.125, 9.75, 8.375, 9.875], "texture": "#0"},
				"up": {"uv": [8.125, 9.75, 8.375, 9.875], "texture": "#0"},
				"down": {"uv": [8.125, 9.75, 8.375, 9.875], "texture": "#0"}
			}
		},
		{
			"name": "chrono_blade_35",
			"from": [7.125, 6, 7.95],
			"to": [7.25, 6.125, 8.075],
			"faces": {
				"north": {"uv": [5.5, 9.875, 5.375, 10], "texture": "#0"},
				"south": {"uv": [5.375, 9.875, 5.5, 10], "texture": "#0"},
				"west": {"uv": [5.375, 9.875, 5.5, 10], "texture": "#0"}
			}
		},
		{
			"name": "chrono_blade_36",
			"from": [8.125, 6, 7.95],
			"to": [8.25, 6.125, 8.075],
			"faces": {
				"north": {"uv": [6.5, 9.875, 6.375, 10], "texture": "#0"},
				"east": {"uv": [6.375, 9.875, 6.5, 10], "texture": "#0"},
				"south": {"uv": [6.375, 9.875, 6.5, 10], "texture": "#0"}
			}
		},
		{
			"name": "chrono_blade_37",
			"from": [7.5, 5.75, 7.8],
			"to": [7.625, 6.125, 8.225],
			"faces": {
				"north": {"uv": [9.125, 9.875, 9, 10.25], "texture": "#0"},
				"east": {"uv": [9, 9.875, 9.125, 10.25], "texture": "#0"},
				"south": {"uv": [9, 9.875, 9.125, 10.25], "texture": "#0"},
				"west": {"uv": [9, 9.875, 9.125, 10.25], "texture": "#0"},
				"up": {"uv": [9, 9.875, 9.125, 10], "texture": "#0"},
				"down": {"uv": [9, 10.125, 9.125, 10.25], "texture": "#0"}
			}
		},
		{
			"name": "chrono_blade_38",
			"from": [7.75, 5.75, 7.8],
			"to": [7.875, 6.125, 8.225],
			"faces": {
				"north": {"uv": [9.375, 9.875, 9.25, 10.25], "texture": "#0"},
				"east": {"uv": [9.25, 9.875, 9.375, 10.25], "texture": "#0"},
				"south": {"uv": [9.25, 9.875, 9.375, 10.25], "texture": "#0"},
				"west": {"uv": [9.25, 9.875, 9.375, 10.25], "texture": "#0"},
				"up": {"uv": [9.25, 9.875, 9.375, 10], "texture": "#0"},
				"down": {"uv": [9.25, 10.125, 9.375, 10.25], "texture": "#0"}
			}
		},
		{
			"name": "chrono_blade_39",
			"from": [7, 5.75, 7.85],
			"to": [7.375, 6, 8.175],
			"faces": {
				"north": {"uv": [7.375, 10, 7, 10.25], "texture": "#0"},
				"south": {"uv": [7, 10, 7.375, 10.25], "texture": "#0"},
				"west": {"uv": [7, 10, 7.125, 10.25], "texture": "#0"},
				"up": {"uv": [7, 10, 7.375, 10.125], "texture": "#0"},
				"down": {"uv": [7, 10.125, 7.375, 10.25], "texture": "#0"}
			}
		},
		{
			"name": "chrono_blade_40",
			"from": [8, 5.75, 7.85],
			"to": [8.375, 6, 8.175],
			"faces": {
				"north": {"uv": [8.375, 10, 8, 10.25], "texture": "#0"},
				"east": {"uv": [8.25, 10, 8.375, 10.25], "texture": "#0"},
				"south": {"uv": [8, 10, 8.375, 10.25], "texture": "#0"},
				"up": {"uv": [8, 10, 8.375, 10.125], "texture": "#0"},
				"down": {"uv": [8, 10.125, 8.375, 10.25], "texture": "#0"}
			}
		},
		{
			"name": "chrono_blade_41",
			"from": [7.625, 5.75, 7.8],
			"to": [7.75, 6, 8.225],
			"faces": {
				"north": {"uv": [9.25, 10, 9.125, 10.25], "texture": "#0"},
				"south": {"uv": [9.125, 10, 9.25, 10.25], "texture": "#0"},
				"up": {"uv": [9.125, 10, 9.25, 10.125], "texture": "#0"},
				"down": {"uv": [9.125, 10.125, 9.25, 10.25], "texture": "#0"}
			}
		},
		{
			"name": "chrono_blade_42",
			"from": [7.375, 5.75, 7.85],
			"to": [7.5, 5.875, 8.175],
			"faces": {
				"north": {"uv": [7.5, 10.125, 7.375, 10.25], "texture": "#0"},
				"south": {"uv": [7.375, 10.125, 7.5, 10.25], "texture": "#0"},
				"down": {"uv": [7.375, 10.125, 7.5, 10.25], "texture": "#0"}
			}
		},
		{
			"name": "chrono_blade_43",
			"from": [7.875, 5.75, 7.85],
			"to": [8, 5.875, 8.175],
			"faces": {
				"north": {"uv": [8, 10.125, 7.875, 10.25], "texture": "#0"},
				"south": {"uv": [7.875, 10.125, 8, 10.25], "texture": "#0"},
				"down": {"uv": [7.875, 10.125, 8, 10.25], "texture": "#0"}
			}
		},
		{
			"name": "chrono_blade_44",
			"from": [7.5, 3.625, 7.85],
			"to": [7.875, 5.75, 8.175],
			"faces": {
				"north": {"uv": [7.875, 10.5, 7.5, 12.625], "texture": "#0"},
				"east": {"uv": [7.875, 10.5, 7.5, 12.625], "texture": "#0"},
				"south": {"uv": [7.5, 10.5, 7.875, 12.625], "texture": "#0"},
				"west": {"uv": [7.875, 10.5, 7.5, 12.625], "texture": "#0"}
			}
		},
		{
			"name": "chrono_blade_45",
			"from": [7.375, 3.375, 7.75],
			"to": [8, 3.625, 8.275],
			"faces": {
				"north": {"uv": [8, 12.875, 7.375, 13.125], "texture": "#0"},
				"east": {"uv": [8, 12.875, 7.375, 13.125], "texture": "#0"},
				"south": {"uv": [7.375, 12.875, 8, 13.125], "texture": "#0"},
				"west": {"uv": [8, 12.875, 7.375, 13.125], "texture": "#0"},
				"up": {"uv": [7.375, 12.875, 8, 13], "texture": "#0"},
				"down": {"uv": [7.375, 13, 8, 13.125], "texture": "#0"}
			}
		},
		{
			"name": "chrono_blade_46",
			"from": [7.5, 3.125, 7.85],
			"to": [7.875, 3.375, 8.175],
			"faces": {
				"north": {"uv": [7.875, 13.375, 7.5, 13.625], "texture": "#0"},
				"east": {"uv": [7.875, 13.375, 7.5, 13.625], "texture": "#0"},
				"south": {"uv": [7.5, 13.375, 7.875, 13.625], "texture": "#0"},
				"west": {"uv": [7.875, 13.375, 7.5, 13.625], "texture": "#0"},
				"down": {"uv": [7.5, 13.5, 7.875, 13.625], "texture": "#0"}
			}
		},
		{
			"name": "chrono_blade_47",
			"from": [7.625, 3, 7.95],
			"to": [7.75, 3.125, 8.075],
			"faces": {
				"north": {"uv": [7.75, 13.875, 7.625, 14], "texture": "#0"},
				"east": {"uv": [7.625, 13.875, 7.75, 14], "texture": "#0"},
				"south": {"uv": [7.625, 13.875, 7.75, 14], "texture": "#0"},
				"west": {"uv": [7.625, 13.875, 7.75, 14], "texture": "#0"}
			}
		},
		{
			"name": "chrono_blade_48",
			"from": [7.5, 2.75, 7.85],
			"to": [7.875, 3, 8.175],
			"faces": {
				"north": {"uv": [7.875, 14.25, 7.5, 14.5], "texture": "#0"},
				"east": {"uv": [7.875, 14.25, 7.5, 14.5], "texture": "#0"},
				"south": {"uv": [7.5, 14.25, 7.875, 14.5], "texture": "#0"},
				"west": {"uv": [7.875, 14.25, 7.5, 14.5], "texture": "#0"},
				"up": {"uv": [7.5, 14.25, 7.875, 14.375], "texture": "#0"},
				"down": {"uv": [7.5, 14.375, 7.875, 14.5], "texture": "#0"}
			}
		}
	],
	"gui_light": "front",
	"display": {
		"thirdperson_righthand": {
			"rotation": [0, -90, 0],
			"translation": [-0.25, 8.75, 2.25],
			"scale": [3.5, 3.5, 3]
		},
		"thirdperson_lefthand": {
			"rotation": [0, -90, 0],
			"translation": [-0.25, 8.75, 0.25],
			"scale": [3.5, 3.5, 3]
		},
		"firstperson_righthand": {
			"rotation": [-4, -90, -8],
			"translation": [2.25, 6.5, 0.75],
			"scale": [2.5, 2.5, 2.5]
		},
		"firstperson_lefthand": {
			"rotation": [-4, -90, -8],
			"translation": [2.5, 6.5, -0.5],
			"scale": [2.5, 2.5, 2.5]
		},
		"ground": {
			"translation": [0, 7.75, 0],
			"scale": [2, 2, 2]
		},
		"gui": {
			"rotation": [0, 0, -46],
			"translation": [0, -1.25, 0],
			"scale": [2.8, 2.8, 1.75]
		},
		"head": {
			"rotation": [0, 0, -132],
			"translation": [1.25, -25.75, 3.5],
			"scale": [4, 4, 3.5]
		},
		"fixed": {
			"rotation": [-180, 0, 138],
			"translation": [-1.25, 1.75, -0.5],
			"scale": [4, 4, 3]
		}
	},
	"groups": [
		{
			"name": "chrono_blade",
			"origin": [8, 8, 8],
			"color": 0,
			"children": [
				0,
				1,
				2,
				3,
				4,
				5,
				6,
				7,
				8,
				9,
				10,
				11,
				12,
				13,
				14,
				15,
				16,
				17,
				18,
				19,
				20,
				21,
				22,
				23,
				24,
				25,
				26,
				27,
				28,
				29,
				30,
				31,
				32,
				33,
				34,
				35,
				36,
				37,
				38,
				39,
				40,
				41,
				42,
				43,
				44,
				45,
				46,
				47,
				48
			]
		}
	]
}