{
	"format_version": "1.21.11",
	"credit": "Made with Blockbench",
	"textures": {
		"0": "item/crescent_rose",
		"particle": "item/crescent_rose"
	},
	"elements": [
		{
			"name": "crescent_rose_0",
			"from": [7, 14.375, 8.15],
			"to": [7.5, 14.875, 8.275],
			"faces": {
				"north": {"uv": [7.25, 0.375, 6.75, 0.875], "texture": "#0"},
				"east": {"uv": [7.125, 0.375, 7.25, 0.875], "texture": "#0"},
				"south": {"uv": [6.75, 0.375, 7.25, 0.875], "texture": "#0"},
				"west": {"uv": [6.75, 0.375, 6.875, 0.875], "texture": "#0"},
				"up": {"uv": [6.75, 0.375, 7.25, 0.5], "texture": "#0"},
				"down": {"uv": [6.75, 0.75, 7.25, 0.875], "texture": "#0"}
			}
		},
		{
			"name": "crescent_rose_1",
			"from": [7.5, 14.625, 8.15],
			"to": [7.75, 14.875, 8.275],
			"faces": {
				"north": {"uv": [7.5, 0.375, 7.25, 0.625], "texture": "#0"},
				"east": {"uv": [7.375, 0.375, 7.5, 0.625], "texture": "#0"},
				"south": {"uv": [7.25, 0.375, 7.5, 0.625], "texture": "#0"},
				"west": {"uv": [7.25, 0.375, 7.375, 0.625], "texture": "#0"},
				"up": {"uv": [7.25, 0.375, 7.5, 0.5], "texture": "#0"},
				"down": {"uv": [7.25, 0.5, 7.5, 0.625], "texture": "#0"}
			}
		},
		{
			"name": "crescent_rose_2",
			"from": [7.75, 14.75, 8.15],
			"to": [7.875, 14.875, 8.275],
			"faces": {
				"north": {"uv": [7.625, 0.375, 7.5, 0.5], "texture": "#0"},
				"east": {"uv": [7.5, 0.375, 7.625, 0.5], "texture": "#0"},
				"south": {"uv": [7.5, 0.375, 7.625, 0.5], "texture": "#0"},
				"west": {"uv": [7.5, 0.375, 7.625, 0.5], "texture": "#0"},
				"up": {"uv": [7.5, 0.375, 7.625, 0.5], "texture": "#0"},
				"down": {"uv": [7.5, 0.375, 7.625, 0.5], "texture": "#0"}
			}
		},
		{
			"name": "crescent_rose_3",
			"from": [6.5, 14.375, 8.15],
			"to": [7, 14.75, 8.275],
			"faces": {
				"north": {"uv": [6.75, 0.5, 6.25, 0.875], "texture": "#0"},
				"east": {"uv": [6.625, 0.5, 6.75, 0.875], "texture": "#0"},
				"south": {"uv": [6.25, 0.5, 6.75, 0.875], "texture": "#0"},
				"west": {"uv": [6.25, 0.5, 6.375, 0.875], "texture": "#0"},
				"up": {"uv": [6.25, 0.5, 6.75, 0.625], "texture": "#0"},
				"down": {"uv": [6.25, 0.75, 6.75, 0.875], "texture": "#0"}
			}
		},
		{
			"name": "crescent_rose_4",
			"from": [5.875, 14.375, 8.15],
			"to": [6.5, 14.625, 8.275],
			"faces": {
				"north": {"uv": [6.25, 0.625, 5.625, 0.875], "texture": "#0"},
				"east": {"uv": [6.125, 0.625, 6.25, 0.875], "texture": "#0"},
				"south": {"uv": [5.625, 0.625, 6.25, 0.875], "texture": "#0"},
				"west": {"uv": [5.625, 0.625, 5.75, 0.875], "texture": "#0"},
				"up": {"uv": [5.625, 0.625, 6.25, 0.75], "texture": "#0"},
				"down": {"uv": [5.625, 0.75, 6.25, 0.875], "texture": "#0"}
			}
		},
		{
			"name": "crescent_rose_5",
			"from": [7.5, 14.5, 8.15],
			"to": [7.625, 14.625, 8.275],
			"faces": {
				"north": {"uv": [7.375, 0.625, 7.25, 0.75], "texture": "#0"},
				"east": {"uv": [7.25, 0.625, 7.375, 0.75], "texture": "#0"},
				"south": {"uv": [7.25, 0.625, 7.375, 0.75], "texture": "#0"},
				"west": {"uv": [7.25, 0.625, 7.375, 0.75], "texture": "#0"},
				"up": {"uv": [7.25, 0.625, 7.375, 0.75], "texture": "#0"},
				"down": {"uv": [7.25, 0.625, 7.375, 0.75], "texture": "#0"}
			}
		},
		{
			"name": "crescent_rose_6",
			"from": [5.375, 14.375, 8.15],
			"to": [5.875, 14.5, 8.275],
			"faces": {
				"north": {"uv": [5.625, 0.75, 5.125, 0.875], "texture": "#0"},
				"east": {"uv": [5.5, 0.75, 5.625, 0.875], "texture": "#0"},
				"south": {"uv": [5.125, 0.75, 5.625, 0.875], "texture": "#0"},
				"west": {"uv": [5.125, 0.75, 5.25, 0.875], "texture": "#0"},
				"up": {"uv": [5.125, 0.75, 5.625, 0.875], "texture": "#0"},
				"down": {"uv": [5.125, 0.75, 5.625, 0.875], "texture": "#0"}
			}
		},
		{
			"name": "crescent_rose_7",
			"from": [7.875, 14.25, 8],
			"to": [8.375, 14.5, 8.425],
			"faces": {
				"north": {"uv": [9.375, 1.5, 8.875, 1.75], "texture": "#0"},
				"east": {"uv": [9.25, 1.5, 9.375, 1.75], "texture": "#0"},
				"south": {"uv": [8.875, 1.5, 9.375, 1.75], "texture": "#0"},
				"west": {"uv": [8.875, 1.5, 9, 1.75], "texture": "#0"},
				"up": {"uv": [8.875, 1.5, 9.375, 1.625], "texture": "#0"},
				"down": {"uv": [8.875, 1.625, 9.375, 1.75], "texture": "#0"}
			}
		},
		{
			"name": "crescent_rose_8",
			"from": [8.625, 13.75, 8.05],
			"to": [9, 14.25, 8.375],
			"faces": {
				"north": {"uv": [10.5, 1.5, 10.125, 2], "texture": "#0"},
				"east": {"uv": [10.375, 1.5, 10.5, 2], "texture": "#0"},
				"south": {"uv": [10.125, 1.5, 10.5, 2], "texture": "#0"},
				"west": {"uv": [10.125, 1.5, 10.25, 2], "texture": "#0"},
				"up": {"uv": [10.125, 1.5, 10.5, 1.625], "texture": "#0"},
				"down": {"uv": [10.125, 1.875, 10.5, 2], "texture": "#0"}
			}
		},
		{
			"name": "crescent_rose_9",
			"from": [10, 14.125, 7.9],
			"to": [10.75, 14.5, 8.525],
			"faces": {
				"north": {"uv": [12.5, 1.5, 11.75, 1.875], "texture": "#0"},
				"east": {"uv": [12.375, 1.5, 12.5, 1.875], "texture": "#0"},
				"south": {"uv": [11.75, 1.5, 12.5, 1.875], "texture": "#0"},
				"west": {"uv": [11.75, 1.5, 11.875, 1.875], "texture": "#0"},
				"up": {"uv": [11.75, 1.5, 12.5, 1.625], "texture": "#0"},
				"down": {"uv": [11.75, 1.75, 12.5, 1.875], "texture": "#0"}
			}
		},
		{
			"name": "crescent_rose_10",
			"from": [4.625, 13.5, 7.9],
			"to": [7.875, 14.375, 8.525],
			"faces": {
				"north": {"uv": [7.625, 1.625, 4.375, 2.5], "texture": "#0"},
				"east": {"uv": [7.5, 1.625, 7.625, 2.5], "texture": "#0"},
				"south": {"uv": [4.375, 1.625, 7.625, 2.5], "texture": "#0"},
				"west": {"uv": [4.375, 1.625, 4.5, 2.5], "texture": "#0"},
				"up": {"uv": [4.375, 1.625, 7.625, 1.75], "texture": "#0"},
				"down": {"uv": [4.375, 2.375, 7.625, 2.5], "texture": "#0"}
			}
		},
		{
			"name": "crescent_rose_11",
			"from": [9, 13.625, 8.05],
			"to": [9.375, 14.125, 8.375],
			"faces": {
				"north": {"uv": [10.875, 1.625, 10.5, 2.125], "texture": "#0"},
				"east": {"uv": [10.75, 1.625, 10.875, 2.125], "texture": "#0"},
				"south": {"uv": [10.5, 1.625, 10.875, 2.125], "texture": "#0"},
				"west": {"uv": [10.5, 1.625, 10.625, 2.125], "texture": "#0"},
				"up": {"uv": [10.5, 1.625, 10.875, 1.75], "texture": "#0"},
				"down": {"uv": [10.5, 2, 10.875, 2.125], "texture": "#0"}
			}
		},
		{
			"name": "crescent_rose_12",
			"from": [10.75, 12.25, 7.9],
			"to": [11, 14.375, 8.525],
			"faces": {
				"north": {"uv": [12.75, 1.625, 12.5, 3.75], "texture": "#0"},
				"east": {"uv": [12.625, 1.625, 12.75, 3.75], "texture": "#0"},
				"south": {"uv": [12.5, 1.625, 12.75, 3.75], "texture": "#0"},
				"west": {"uv": [12.5, 1.625, 12.625, 3.75], "texture": "#0"},
				"up": {"uv": [12.5, 1.625, 12.75, 1.75], "texture": "#0"},
				"down": {"uv": [12.5, 3.625, 12.75, 3.75], "texture": "#0"}
			}
		},
		{
			"name": "crescent_rose_13",
			"from": [7.875, 13.375, 7.9],
			"to": [8, 14.25, 8.525],
			"faces": {
				"north": {"uv": [7.75, 1.75, 7.625, 2.625], "texture": "#0"},
				"east": {"uv": [7.625, 1.75, 7.75, 2.625], "texture": "#0"},
				"south": {"uv": [7.625, 1.75, 7.75, 2.625], "texture": "#0"},
				"west": {"uv": [7.625, 1.75, 7.75, 2.625], "texture": "#0"},
				"up": {"uv": [7.625, 1.75, 7.75, 1.875], "texture": "#0"},
				"down": {"uv": [7.625, 2.5, 7.75, 2.625], "texture": "#0"}
			}
		},
		{
			"name": "crescent_rose_14",
			"from": [8, 14.125, 8],
			"to": [8.375, 14.25, 8.425],
			"faces": {
				"north": {"uv": [9.375, 1.75, 9, 1.875], "texture": "#0"},
				"east": {"uv": [9.25, 1.75, 9.375, 1.875], "texture": "#0"},
				"south": {"uv": [9, 1.75, 9.375, 1.875], "texture": "#0"},
				"west": {"uv": [9, 1.75, 9.125, 1.875], "texture": "#0"},
				"up": {"uv": [9, 1.75, 9.375, 1.875], "texture": "#0"},
				"down": {"uv": [9, 1.75, 9.375, 1.875], "texture": "#0"}
			}
		},
		{
			"name": "crescent_rose_15",
			"from": [9.375, 13.5, 8.05],
			"to": [9.75, 14, 8.375],
			"faces": {
				"north": {"uv": [11.25, 1.75, 10.875, 2.25], "texture": "#0"},
				"east": {"uv": [11.125, 1.75, 11.25, 2.25], "texture": "#0"},
				"south": {"uv": [10.875, 1.75, 11.25, 2.25], "texture": "#0"},
				"west": {"uv": [10.875, 1.75, 11, 2.25], "texture": "#0"},
				"up": {"uv": [10.875, 1.75, 11.25, 1.875], "texture": "#0"},
				"down": {"uv": [10.875, 2.125, 11.25, 2.25], "texture": "#0"}
			}
		},
		{
			"name": "crescent_rose_16",
			"from": [11, 12.375, 7.9],
			"to": [11.125, 14.25, 8.525],
			"faces": {
				"north": {"uv": [12.875, 1.75, 12.75, 3.625], "texture": "#0"},
				"east": {"uv": [12.75, 1.75, 12.875, 3.625], "texture": "#0"},
				"south": {"uv": [12.75, 1.75, 12.875, 3.625], "texture": "#0"},
				"west": {"uv": [12.75, 1.75, 12.875, 3.625], "texture": "#0"},
				"up": {"uv": [12.75, 1.75, 12.875, 1.875], "texture": "#0"},
				"down": {"uv": [12.75, 3.5, 12.875, 3.625], "texture": "#0"}
			}
		},
		{
			"name": "crescent_rose_17",
			"from": [8, 13.375, 7.95],
			"to": [8.375, 14.125, 8.475],
			"faces": {
				"north": {"uv": [8.375, 1.875, 8, 2.625], "texture": "#0"},
				"east": {"uv": [8.25, 1.875, 8.375, 2.625], "texture": "#0"},
				"south": {"uv": [8, 1.875, 8.375, 2.625], "texture": "#0"},
				"west": {"uv": [8, 1.875, 8.125, 2.625], "texture": "#0"},
				"up": {"uv": [8, 1.875, 8.375, 2], "texture": "#0"},
				"down": {"uv": [8, 2.5, 8.375, 2.625], "texture": "#0"}
			}
		},
		{
			"name": "crescent_rose_18",
			"from": [9.75, 13.375, 8.05],
			"to": [10.125, 13.875, 8.375],
			"faces": {
				"north": {"uv": [11.625, 1.875, 11.25, 2.375], "texture": "#0"},
				"east": {"uv": [11.5, 1.875, 11.625, 2.375], "texture": "#0"},
				"south": {"uv": [11.25, 1.875, 11.625, 2.375], "texture": "#0"},
				"west": {"uv": [11.25, 1.875, 11.375, 2.375], "texture": "#0"},
				"up": {"uv": [11.25, 1.875, 11.625, 2], "texture": "#0"},
				"down": {"uv": [11.25, 2.25, 11.625, 2.375], "texture": "#0"}
			}
		},
		{
			"name": "crescent_rose_19",
			"from": [10.125, 13.75, 7.9],
			"to": [10.75, 14.125, 8.525],
			"faces": {
				"north": {"uv": [12.5, 1.875, 11.875, 2.25], "texture": "#0"},
				"east": {"uv": [12.375, 1.875, 12.5, 2.25], "texture": "#0"},
				"south": {"uv": [11.875, 1.875, 12.5, 2.25], "texture": "#0"},
				"west": {"uv": [11.875, 1.875, 12, 2.25], "texture": "#0"},
				"up": {"uv": [11.875, 1.875, 12.5, 2], "texture": "#0"},
				"down": {"uv": [11.875, 2.125, 12.5, 2.25], "texture": "#0"}
			}
		},
		{
			"name": "crescent_rose_20",
			"from": [10.125, 13.25, 8.05],
			"to": [10.25, 13.75, 8.375],
			"faces": {
				"north": {"uv": [11.75, 2, 11.625, 2.5], "texture": "#0"},
				"east": {"uv": [11.625, 2, 11.75, 2.5], "texture": "#0"},
				"south": {"uv": [11.625, 2, 11.75, 2.5], "texture": "#0"},
				"west": {"uv": [11.625, 2, 11.75, 2.5], "texture": "#0"},
				"up": {"uv": [11.625, 2, 11.75, 2.125], "texture": "#0"},
				"down": {"uv": [11.625, 2.375, 11.75, 2.5], "texture": "#0"}
			}
		},
		{
			"name": "crescent_rose_21",
			"from": [8.375, 13.5, 8],
			"to": [8.625, 13.875, 8.425],
			"faces": {
				"north": {"uv": [10.125, 2.125, 9.875, 2.5], "texture": "#0"},
				"east": {"uv": [10, 2.125, 10.125, 2.5], "texture": "#0"},
				"south": {"uv": [9.875, 2.125, 10.125, 2.5], "texture": "#0"},
				"west": {"uv": [9.875, 2.125, 10, 2.5], "texture": "#0"},
				"up": {"uv": [9.875, 2.125, 10.125, 2.25], "texture": "#0"},
				"down": {"uv": [9.875, 2.375, 10.125, 2.5], "texture": "#0"}
			}
		},
		{
			"name": "crescent_rose_22",
			"from": [8.625, 13.375, 8],
			"to": [9, 13.75, 8.425],
			"faces": {
				"north": {"uv": [10.5, 2.25, 10.125, 2.625], "texture": "#0"},
				"east": {"uv": [10.375, 2.25, 10.5, 2.625], "texture": "#0"},
				"south": {"uv": [10.125, 2.25, 10.5, 2.625], "texture": "#0"},
				"west": {"uv": [10.125, 2.25, 10.25, 2.625], "texture": "#0"},
				"up": {"uv": [10.125, 2.25, 10.5, 2.375], "texture": "#0"},
				"down": {"uv": [10.125, 2.5, 10.5, 2.625], "texture": "#0"}
			}
		},
		{
			"name": "crescent_rose_23",
			"from": [10.25, 13.375, 7.9],
			"to": [10.75, 13.75, 8.525],
			"faces": {
				"north": {"uv": [12.5, 2.25, 12, 2.625], "texture": "#0"},
				"east": {"uv": [12.375, 2.25, 12.5, 2.625], "texture": "#0"},
				"south": {"uv": [12, 2.25, 12.5, 2.625], "texture": "#0"},
				"west": {"uv": [12, 2.25, 12.125, 2.625], "texture": "#0"},
				"up": {"uv": [12, 2.25, 12.5, 2.375], "texture": "#0"},
				"down": {"uv": [12, 2.5, 12.5, 2.625], "texture": "#0"}
			}
		},
		{
			"name": "crescent_rose_24",
			"from": [11.125, 12.5, 7.9],
			"to": [11.25, 13.75, 8.525],
			"faces": {
				"north": {"uv": [13, 2.25, 12.875, 3.5], "texture": "#0"},
				"east": {"uv": [12.875, 2.25, 13, 3.5], "texture": "#0"},
				"south": {"uv": [12.875, 2.25, 13, 3.5], "texture": "#0"},
				"west": {"uv": [12.875, 2.25, 13, 3.5], "texture": "#0"},
				"up": {"uv": [12.875, 2.25, 13, 2.375], "texture": "#0"},
				"down": {"uv": [12.875, 3.375, 13, 3.5], "texture": "#0"}
			}
		},
		{
			"name": "crescent_rose_25",
			"from": [9, 13.25, 8],
			"to": [9.375, 13.625, 8.425],
			"faces": {
				"north": {"uv": [10.875, 2.375, 10.5, 2.75], "texture": "#0"},
				"east": {"uv": [10.75, 2.375, 10.875, 2.75], "texture": "#0"},
				"south": {"uv": [10.5, 2.375, 10.875, 2.75], "texture": "#0"},
				"west": {"uv": [10.5, 2.375, 10.625, 2.75], "texture": "#0"},
				"up": {"uv": [10.5, 2.375, 10.875, 2.5], "texture": "#0"},
				"down": {"uv": [10.5, 2.625, 10.875, 2.75], "texture": "#0"}
			}
		},
		{
			"name": "crescent_rose_26",
			"from": [10.25, 13.25, 8.05],
			"to": [10.375, 13.375, 8.375],
			"faces": {
				"north": {"uv": [11.875, 2.375, 11.75, 2.5], "texture": "#0"},
				"east": {"uv": [11.75, 2.375, 11.875, 2.5], "texture": "#0"},
				"south": {"uv": [11.75, 2.375, 11.875, 2.5], "texture": "#0"},
				"west": {"uv": [11.75, 2.375, 11.875, 2.5], "texture": "#0"},
				"up": {"uv": [11.75, 2.375, 11.875, 2.5], "texture": "#0"},
				"down": {"uv": [11.75, 2.375, 11.875, 2.5], "texture": "#0"}
			}
		},
		{
			"name": "crescent_rose_27",
			"from": [4.75, 13.375, 7.9],
			"to": [5.875, 13.5, 8.525],
			"faces": {
				"north": {"uv": [5.625, 2.5, 4.5, 2.625], "texture": "#0"},
				"east": {"uv": [5.5, 2.5, 5.625, 2.625], "texture": "#0"},
				"south": {"uv": [4.5, 2.5, 5.625, 2.625], "texture": "#0"},
				"west": {"uv": [4.5, 2.5, 4.625, 2.625], "texture": "#0"},
				"up": {"uv": [4.5, 2.5, 5.625, 2.625], "texture": "#0"},
				"down": {"uv": [4.5, 2.5, 5.625, 2.625], "texture": "#0"}
			}
		},
		{
			"name": "crescent_rose_28",
			"from": [6.875, 13.375, 7.9],
			"to": [7.875, 13.5, 8.525],
			"faces": {
				"north": {"uv": [7.625, 2.5, 6.625, 2.625], "texture": "#0"},
				"east": {"uv": [7.5, 2.5, 7.625, 2.625], "texture": "#0"},
				"south": {"uv": [6.625, 2.5, 7.625, 2.625], "texture": "#0"},
				"west": {"uv": [6.625, 2.5, 6.75, 2.625], "texture": "#0"},
				"up": {"uv": [6.625, 2.5, 7.625, 2.625], "texture": "#0"},
				"down": {"uv": [6.625, 2.5, 7.625, 2.625], "texture": "#0"}
			}
		},
		{
			"name": "crescent_rose_29",
			"from": [9.375, 12.75, 8],
			"to": [9.75, 13.5, 8.425],
			"faces": {
				"north": {"uv": [11.25, 2.5, 10.875, 3.25], "texture": "#0"},
				"east": {"uv": [11.125, 2.5, 11.25, 3.25], "texture": "#0"},
				"south": {"uv": [10.875, 2.5, 11.25, 3.25], "texture": "#0"},
				"west": {"uv": [10.875, 2.5, 11, 3.25], "texture": "#0"},
				"up": {"uv": [10.875, 2.5, 11.25, 2.625], "texture": "#0"},
				"down": {"uv": [10.875, 3.125, 11.25, 3.25], "texture": "#0"}
			}
		},
		{
			"name": "crescent_rose_30",
			"from": [4.875, 13.25, 7.9],
			"to": [5.75, 13.375, 8.525],
			"faces": {
				"north": {"uv": [5.5, 2.625, 4.625, 2.75], "texture": "#0"},
				"east": {"uv": [5.375, 2.625, 5.5, 2.75], "texture": "#0"},
				"south": {"uv": [4.625, 2.625, 5.5, 2.75], "texture": "#0"},
				"west": {"uv": [4.625, 2.625, 4.75, 2.75], "texture": "#0"},
				"up": {"uv": [4.625, 2.625, 5.5, 2.75], "texture": "#0"},
				"down": {"uv": [4.625, 2.625, 5.5, 2.75], "texture": "#0"}
			}
		},
		{
			"name": "crescent_rose_31",
			"from": [7.125, 13.25, 7.9],
			"to": [7.75, 13.375, 8.525],
			"faces": {
				"north": {"uv": [7.5, 2.625, 6.875, 2.75], "texture": "#0"},
				"east": {"uv": [7.375, 2.625, 7.5, 2.75], "texture": "#0"},
				"south": {"uv": [6.875, 2.625, 7.5, 2.75], "texture": "#0"},
				"west": {"uv": [6.875, 2.625, 7, 2.75], "texture": "#0"},
				"up": {"uv": [6.875, 2.625, 7.5, 2.75], "texture": "#0"},
				"down": {"uv": [6.875, 2.625, 7.5, 2.75], "texture": "#0"}
			}
		},
		{
			"name": "crescent_rose_32",
			"from": [8, 13.25, 7.95],
			"to": [8.25, 13.375, 8.475],
			"faces": {
				"north": {"uv": [8.25, 2.625, 8, 2.75], "texture": "#0"},
				"east": {"uv": [8.125, 2.625, 8.25, 2.75], "texture": "#0"},
				"south": {"uv": [8, 2.625, 8.25, 2.75], "texture": "#0"},
				"west": {"uv": [8, 2.625, 8.125, 2.75], "texture": "#0"},
				"up": {"uv": [8, 2.625, 8.25, 2.75], "texture": "#0"},
				"down": {"uv": [8, 2.625, 8.25, 2.75], "texture": "#0"}
			}
		},
		{
			"name": "crescent_rose_33",
			"from": [7.875, 13.25, 8],
			"to": [8, 13.375, 8.425],
			"faces": {
				"north": {"uv": [9, 2.625, 8.875, 2.75], "texture": "#0"},
				"east": {"uv": [8.875, 2.625, 9, 2.75], "texture": "#0"},
				"south": {"uv": [8.875, 2.625, 9, 2.75], "texture": "#0"},
				"west": {"uv": [8.875, 2.625, 9, 2.75], "texture": "#0"},
				"up": {"uv": [8.875, 2.625, 9, 2.75], "texture": "#0"},
				"down": {"uv": [8.875, 2.625, 9, 2.75], "texture": "#0"}
			}
		},
		{
			"name": "crescent_rose_34",
			"from": [8.25, 13, 8],
			"to": [8.375, 13.375, 8.425],
			"faces": {
				"north": {"uv": [9.375, 2.625, 9.25, 3], "texture": "#0"},
				"east": {"uv": [9.25, 2.625, 9.375, 3], "texture": "#0"},
				"south": {"uv": [9.25, 2.625, 9.375, 3], "texture": "#0"},
				"west": {"uv": [9.25, 2.625, 9.375, 3], "texture": "#0"},
				"up": {"uv": [9.25, 2.625, 9.375, 2.75], "texture": "#0"},
				"down": {"uv": [9.25, 2.875, 9.375, 3], "texture": "#0"}
			}
		},
		{
			"name": "crescent_rose_35",
			"from": [9.75, 12.5, 8],
			"to": [10.125, 13.375, 8.425],
			"faces": {
				"north": {"uv": [11.625, 2.625, 11.25, 3.5], "texture": "#0"},
				"east": {"uv": [11.5, 2.625, 11.625, 3.5], "texture": "#0"},
				"south": {"uv": [11.25, 2.625, 11.625, 3.5], "texture": "#0"},
				"west": {"uv": [11.25, 2.625, 11.375, 3.5], "texture": "#0"},
				"up": {"uv": [11.25, 2.625, 11.625, 2.75], "texture": "#0"},
				"down": {"uv": [11.25, 3.375, 11.625, 3.5], "texture": "#0"}
			}
		},
		{
			"name": "crescent_rose_36",
			"from": [10.375, 12.5, 7.9],
			"to": [10.75, 13.375, 8.525],
			"faces": {
				"north": {"uv": [12.5, 2.625, 12.125, 3.5], "texture": "#0"},
				"east": {"uv": [12.375, 2.625, 12.5, 3.5], "texture": "#0"},
				"south": {"uv": [12.125, 2.625, 12.5, 3.5], "texture": "#0"},
				"west": {"uv": [12.125, 2.625, 12.25, 3.5], "texture": "#0"},
				"up": {"uv": [12.125, 2.625, 12.5, 2.75], "texture": "#0"},
				"down": {"uv": [12.125, 3.375, 12.5, 3.5], "texture": "#0"}
			}
		},
		{
			"name": "crescent_rose_37",
			"from": [4.375, 13.375, 8],
			"to": [4.625, 14.25, 8.425],
			"faces": {
				"north": {"uv": [4.625, 2.75, 4.375, 3.625], "texture": "#0"},
				"east": {"uv": [4.5, 2.75, 4.625, 3.625], "texture": "#0"},
				"south": {"uv": [4.375, 2.75, 4.625, 3.625], "texture": "#0"},
				"west": {"uv": [4.375, 2.75, 4.5, 3.625], "texture": "#0"},
				"up": {"uv": [4.375, 2.75, 4.625, 2.875], "texture": "#0"},
				"down": {"uv": [4.375, 3.5, 4.625, 3.625], "texture": "#0"}
			}
		},
		{
			"name": "crescent_rose_38",
			"from": [8.125, 13.125, 8],
			"to": [8.25, 13.25, 8.425],
			"faces": {
				"north": {"uv": [9.25, 2.75, 9.125, 2.875], "texture": "#0"},
				"east": {"uv": [9.125, 2.75, 9.25, 2.875], "texture": "#0"},
				"south": {"uv": [9.125, 2.75, 9.25, 2.875], "texture": "#0"},
				"west": {"uv": [9.125, 2.75, 9.25, 2.875], "texture": "#0"},
				"up": {"uv": [9.125, 2.75, 9.25, 2.875], "texture": "#0"},
				"down": {"uv": [9.125, 2.75, 9.25, 2.875], "texture": "#0"}
			}
		},
		{
			"name": "crescent_rose_39",
			"from": [10.125, 12.875, 8],
			"to": [10.375, 13.25, 8.425],
			"faces": {
				"north": {"uv": [11.875, 2.75, 11.625, 3.125], "texture": "#0"},
				"east": {"uv": [11.75, 2.75, 11.875, 3.125], "texture": "#0"},
				"south": {"uv": [11.625, 2.75, 11.875, 3.125], "texture": "#0"},
				"west": {"uv": [11.625, 2.75, 11.75, 3.125], "texture": "#0"},
				"up": {"uv": [11.625, 2.75, 11.875, 2.875], "texture": "#0"},
				"down": {"uv": [11.625, 3, 11.875, 3.125], "texture": "#0"}
			}
		},
		{
			"name": "crescent_rose_40",
			"from": [11.25, 12.625, 7.9],
			"to": [11.375, 13.25, 8.525],
			"faces": {
				"north": {"uv": [13.125, 2.75, 13, 3.375], "texture": "#0"},
				"east": {"uv": [13, 2.75, 13.125, 3.375], "texture": "#0"},
				"south": {"uv": [13, 2.75, 13.125, 3.375], "texture": "#0"},
				"west": {"uv": [13, 2.75, 13.125, 3.375], "texture": "#0"},
				"up": {"uv": [13, 2.75, 13.125, 2.875], "texture": "#0"},
				"down": {"uv": [13, 3.25, 13.125, 3.375], "texture": "#0"}
			}
		},
		{
			"name": "crescent_rose_41",
			"from": [4.125, 13.25, 8],
			"to": [4.375, 14.125, 8.425],
			"faces": {
				"north": {"uv": [4.375, 2.875, 4.125, 3.75], "texture": "#0"},
				"east": {"uv": [4.25, 2.875, 4.375, 3.75], "texture": "#0"},
				"south": {"uv": [4.125, 2.875, 4.375, 3.75], "texture": "#0"},
				"west": {"uv": [4.125, 2.875, 4.25, 3.75], "texture": "#0"},
				"up": {"uv": [4.125, 2.875, 4.375, 3], "texture": "#0"},
				"down": {"uv": [4.125, 3.625, 4.375, 3.75], "texture": "#0"}
			}
		},
		{
			"name": "crescent_rose_42",
			"from": [3.875, 13.125, 8],
			"to": [4.125, 14, 8.425],
			"faces": {
				"north": {"uv": [4.125, 3, 3.875, 3.875], "texture": "#0"},
				"east": {"uv": [4, 3, 4.125, 3.875], "texture": "#0"},
				"south": {"uv": [3.875, 3, 4.125, 3.875], "texture": "#0"},
				"west": {"uv": [3.875, 3, 4, 3.875], "texture": "#0"},
				"up": {"uv": [3.875, 3, 4.125, 3.125], "texture": "#0"},
				"down": {"uv": [3.875, 3.75, 4.125, 3.875], "texture": "#0"}
			}
		},
		{
			"name": "crescent_rose_43",
			"from": [6.375, 12.5, 7.9],
			"to": [6.875, 13.5, 8.425],
			"faces": {
				"north": {"uv": [6.625, 3, 6.125, 4], "texture": "#0"},
				"east": {"uv": [6.5, 3, 6.625, 4], "texture": "#0"},
				"south": {"uv": [6.125, 3, 6.625, 4], "texture": "#0"},
				"west": {"uv": [6.125, 3, 6.25, 4], "texture": "#0"},
				"up": {"uv": [6.125, 3, 6.625, 3.125], "texture": "#0"},
				"down": {"uv": [6.125, 3.875, 6.625, 4], "texture": "#0"}
			}
		},
		{
			"name": "crescent_rose_44",
			"from": [3.625, 13, 8],
			"to": [3.875, 13.875, 8.425],
			"faces": {
				"north": {"uv": [3.875, 3.125, 3.625, 4], "texture": "#0"},
				"east": {"uv": [3.75, 3.125, 3.875, 4], "texture": "#0"},
				"south": {"uv": [3.625, 3.125, 3.875, 4], "texture": "#0"},
				"west": {"uv": [3.625, 3.125, 3.75, 4], "texture": "#0"},
				"up": {"uv": [3.625, 3.125, 3.875, 3.25], "texture": "#0"},
				"down": {"uv": [3.625, 3.875, 3.875, 4], "texture": "#0"}
			}
		},
		{
			"name": "crescent_rose_45",
			"from": [6.875, 12.75, 7.9],
			"to": [7.125, 13.375, 8.425],
			"faces": {
				"north": {"uv": [6.875, 3.125, 6.625, 3.75], "texture": "#0"},
				"east": {"uv": [6.75, 3.125, 6.875, 3.75], "texture": "#0"},
				"south": {"uv": [6.625, 3.125, 6.875, 3.75], "texture": "#0"},
				"west": {"uv": [6.625, 3.125, 6.75, 3.75], "texture": "#0"},
				"up": {"uv": [6.625, 3.125, 6.875, 3.25], "texture": "#0"},
				"down": {"uv": [6.625, 3.625, 6.875, 3.75], "texture": "#0"}
			}
		},
		{
			"name": "crescent_rose_46",
			"from": [10.125, 12.375, 8],
			"to": [10.25, 12.875, 8.425],
			"faces": {
				"north": {"uv": [11.75, 3.125, 11.625, 3.625], "texture": "#0"},
				"east": {"uv": [11.625, 3.125, 11.75, 3.625], "texture": "#0"},
				"south": {"uv": [11.625, 3.125, 11.75, 3.625], "texture": "#0"},
				"west": {"uv": [11.625, 3.125, 11.75, 3.625], "texture": "#0"},
				"up": {"uv": [11.625, 3.125, 11.75, 3.25], "texture": "#0"},
				"down": {"uv": [11.625, 3.5, 11.75, 3.625], "texture": "#0"}
			}
		},
		{
			"name": "crescent_rose_47",
			"from": [10.25, 12.625, 7.9],
			"to": [10.375, 12.875, 8.525],
			"faces": {
				"north": {"uv": [12.125, 3.125, 12, 3.375], "texture": "#0"},
				"east": {"uv": [12, 3.125, 12.125, 3.375], "texture": "#0"},
				"south": {"uv": [12, 3.125, 12.125, 3.375], "texture": "#0"},
				"west": {"uv": [12, 3.125, 12.125, 3.375], "texture": "#0"},
				"up": {"uv": [12, 3.125, 12.125, 3.25], "texture": "#0"},
				"down": {"uv": [12, 3.25, 12.125, 3.375], "texture": "#0"}
			}
		},
		{
			"name": "crescent_rose_48",
			"from": [3.375, 12.875, 8],
			"to": [3.625, 13.75, 8.425],
			"faces": {
				"north": {"uv": [3.625, 3.25, 3.375, 4.125], "texture": "#0"},
				"east": {"uv": [3.5, 3.25, 3.625, 4.125], "texture": "#0"},
				"south": {"uv": [3.375, 3.25, 3.625, 4.125], "texture": "#0"},
				"west": {"uv": [3.375, 3.25, 3.5, 4.125], "texture": "#0"},
				"up": {"uv": [3.375, 3.25, 3.625, 3.375], "texture": "#0"},
				"down": {"uv": [3.375, 4, 3.625, 4.125], "texture": "#0"}
			}
		},
		{
			"name": "crescent_rose_49",
			"from": [7.125, 12.625, 7.9],
			"to": [7.375, 13.25, 8.425],
			"faces": {
				"north": {"uv": [7.125, 3.25, 6.875, 3.875], "texture": "#0"},
				"east": {"uv": [7, 3.25, 7.125, 3.875], "texture": "#0"},
				"south": {"uv": [6.875, 3.25, 7.125, 3.875], "texture": "#0"},
				"west": {"uv": [6.875, 3.25, 7, 3.875], "texture": "#0"},
				"up": {"uv": [6.875, 3.25, 7.125, 3.375], "texture": "#0"},
				"down": {"uv": [6.875, 3.75, 7.125, 3.875], "texture": "#0"}
			}
		},
		{
			"name": "crescent_rose_50",
			"from": [7.5, 12.25, 7.9],
			"to": [8.125, 13.25, 8.425],
			"faces": {
				"north": {"uv": [7.875, 3.25, 7.25, 4.25], "texture": "#0"},
				"east": {"uv": [7.75, 3.25, 7.875, 4.25], "texture": "#0"},
				"south": {"uv": [7.25, 3.25, 7.875, 4.25], "texture": "#0"},
				"west": {"uv": [7.25, 3.25, 7.375, 4.25], "texture": "#0"},
				"up": {"uv": [7.25, 3.25, 7.875, 3.375], "texture": "#0"},
				"down": {"uv": [7.25, 4.125, 7.875, 4.25], "texture": "#0"}
			}
		},
		{
			"name": "crescent_rose_51",
			"from": [9.5, 12.625, 8],
			"to": [9.75, 12.75, 8.425],
			"faces": {
				"north": {"uv": [11.25, 3.25, 11, 3.375], "texture": "#0"},
				"east": {"uv": [11.125, 3.25, 11.25, 3.375], "texture": "#0"},
				"south": {"uv": [11, 3.25, 11.25, 3.375], "texture": "#0"},
				"west": {"uv": [11, 3.25, 11.125, 3.375], "texture": "#0"},
				"up": {"uv": [11, 3.25, 11.25, 3.375], "texture": "#0"},
				"down": {"uv": [11, 3.25, 11.25, 3.375], "texture": "#0"}
			}
		},
		{
			"name": "crescent_rose_52",
			"from": [3.125, 13.25, 8],
			"to": [3.375, 13.625, 8.425],
			"faces": {
				"north": {"uv": [3.375, 3.375, 3.125, 3.75], "texture": "#0"},
				"east": {"uv": [3.25, 3.375, 3.375, 3.75], "texture": "#0"},
				"south": {"uv": [3.125, 3.375, 3.375, 3.75], "texture": "#0"},
				"west": {"uv": [3.125, 3.375, 3.25, 3.75], "texture": "#0"},
				"up": {"uv": [3.125, 3.375, 3.375, 3.5], "texture": "#0"},
				"down": {"uv": [3.125, 3.625, 3.375, 3.75], "texture": "#0"}
			}
		},
		{
			"name": "crescent_rose_53",
			"from": [7.375, 12.375, 7.9],
			"to": [7.5, 13.125, 8.425],
			"faces": {
				"north": {"uv": [7.25, 3.375, 7.125, 4.125], "texture": "#0"},
				"east": {"uv": [7.125, 3.375, 7.25, 4.125], "texture": "#0"},
				"south": {"uv": [7.125, 3.375, 7.25, 4.125], "texture": "#0"},
				"west": {"uv": [7.125, 3.375, 7.25, 4.125], "texture": "#0"},
				"up": {"uv": [7.125, 3.375, 7.25, 3.5], "texture": "#0"},
				"down": {"uv": [7.125, 4, 7.25, 4.125], "texture": "#0"}
			}
		},
		{
			"name": "crescent_rose_54",
			"from": [8.125, 12.25, 7.9],
			"to": [8.25, 13.125, 8.425],
			"faces": {
				"north": {"uv": [8, 3.375, 7.875, 4.25], "texture": "#0"},
				"east": {"uv": [7.875, 3.375, 8, 4.25], "texture": "#0"},
				"south": {"uv": [7.875, 3.375, 8, 4.25], "texture": "#0"},
				"west": {"uv": [7.875, 3.375, 8, 4.25], "texture": "#0"},
				"up": {"uv": [7.875, 3.375, 8, 3.5], "texture": "#0"},
				"down": {"uv": [7.875, 4.125, 8, 4.25], "texture": "#0"}
			}
		},
		{
			"name": "crescent_rose_55",
			"from": [10.25, 12.25, 8],
			"to": [10.375, 12.625, 8.425],
			"faces": {
				"north": {"uv": [11.875, 3.375, 11.75, 3.75], "texture": "#0"},
				"east": {"uv": [11.75, 3.375, 11.875, 3.75], "texture": "#0"},
				"south": {"uv": [11.75, 3.375, 11.875, 3.75], "texture": "#0"},
				"west": {"uv": [11.75, 3.375, 11.875, 3.75], "texture": "#0"},
				"up": {"uv": [11.75, 3.375, 11.875, 3.5], "texture": "#0"},
				"down": {"uv": [11.75, 3.625, 11.875, 3.75], "texture": "#0"}
			}
		},
		{
			"name": "crescent_rose_56",
			"from": [3, 13.375, 8],
			"to": [3.125, 13.5, 8.425],
			"faces": {
				"north": {"uv": [3.125, 3.5, 3, 3.625], "texture": "#0"},
				"east": {"uv": [3, 3.5, 3.125, 3.625], "texture": "#0"},
				"south": {"uv": [3, 3.5, 3.125, 3.625], "texture": "#0"},
				"west": {"uv": [3, 3.5, 3.125, 3.625], "texture": "#0"},
				"up": {"uv": [3, 3.5, 3.125, 3.625], "texture": "#0"},
				"down": {"uv": [3, 3.5, 3.125, 3.625], "texture": "#0"}
			}
		},
		{
			"name": "crescent_rose_57",
			"from": [8.25, 12.375, 7.9],
			"to": [8.375, 13, 8.425],
			"faces": {
				"north": {"uv": [8.125, 3.5, 8, 4.125], "texture": "#0"},
				"east": {"uv": [8, 3.5, 8.125, 4.125], "texture": "#0"},
				"south": {"uv": [8, 3.5, 8.125, 4.125], "texture": "#0"},
				"west": {"uv": [8, 3.5, 8.125, 4.125], "texture": "#0"},
				"up": {"uv": [8, 3.5, 8.125, 3.625], "texture": "#0"},
				"down": {"uv": [8, 4, 8.125, 4.125], "texture": "#0"}
			}
		},
		{
			"name": "crescent_rose_58",
			"from": [10, 12.375, 8],
			"to": [10.125, 12.5, 8.425],
			"faces": {
				"north": {"uv": [11.625, 3.5, 11.5, 3.625], "texture": "#0"},
				"east": {"uv": [11.5, 3.5, 11.625, 3.625], "texture": "#0"},
				"south": {"uv": [11.5, 3.5, 11.625, 3.625], "texture": "#0"},
				"west": {"uv": [11.5, 3.5, 11.625, 3.625], "texture": "#0"},
				"up": {"uv": [11.5, 3.5, 11.625, 3.625], "texture": "#0"},
				"down": {"uv": [11.5, 3.5, 11.625, 3.625], "texture": "#0"}
			}
		},
		{
			"name": "crescent_rose_59",
			"from": [10.375, 12.375, 8],
			"to": [10.625, 12.5, 8.425],
			"faces": {
				"north": {"uv": [12.125, 3.5, 11.875, 3.625], "texture": "#0"},
				"east": {"uv": [12, 3.5, 12.125, 3.625], "texture": "#0"},
				"south": {"uv": [11.875, 3.5, 12.125, 3.625], "texture": "#0"},
				"west": {"uv": [11.875, 3.5, 12, 3.625], "texture": "#0"},
				"up": {"uv": [11.875, 3.5, 12.125, 3.625], "texture": "#0"},
				"down": {"uv": [11.875, 3.5, 12.125, 3.625], "texture": "#0"}
			}
		},
		{
			"name": "crescent_rose_60",
			"from": [10.625, 12.25, 7.9],
			"to": [10.75, 12.5, 8.525],
			"faces": {
				"north": {"uv": [12.5, 3.5, 12.375, 3.75], "texture": "#0"},
				"east": {"uv": [12.375, 3.5, 12.5, 3.75], "texture": "#0"},
				"south": {"uv": [12.375, 3.5, 12.5, 3.75], "texture": "#0"},
				"west": {"uv": [12.375, 3.5, 12.5, 3.75], "texture": "#0"},
				"up": {"uv": [12.375, 3.5, 12.5, 3.625], "texture": "#0"},
				"down": {"uv": [12.375, 3.625, 12.5, 3.75], "texture": "#0"}
			}
		},
		{
			"name": "crescent_rose_61",
			"from": [6.25, 12.375, 7.9],
			"to": [6.375, 12.875, 8.425],
			"faces": {
				"north": {"uv": [6.125, 3.625, 6, 4.125], "texture": "#0"},
				"east": {"uv": [6, 3.625, 6.125, 4.125], "texture": "#0"},
				"south": {"uv": [6, 3.625, 6.125, 4.125], "texture": "#0"},
				"west": {"uv": [6, 3.625, 6.125, 4.125], "texture": "#0"},
				"up": {"uv": [6, 3.625, 6.125, 3.75], "texture": "#0"},
				"down": {"uv": [6, 4, 6.125, 4.125], "texture": "#0"}
			}
		},
		{
			"name": "crescent_rose_62",
			"from": [8.375, 12.5, 7.9],
			"to": [8.5, 12.875, 8.425],
			"faces": {
				"north": {"uv": [8.25, 3.625, 8.125, 4], "texture": "#0"},
				"east": {"uv": [8.125, 3.625, 8.25, 4], "texture": "#0"},
				"south": {"uv": [8.125, 3.625, 8.25, 4], "texture": "#0"},
				"west": {"uv": [8.125, 3.625, 8.25, 4], "texture": "#0"},
				"up": {"uv": [8.125, 3.625, 8.25, 3.75], "texture": "#0"},
				"down": {"uv": [8.125, 3.875, 8.25, 4], "texture": "#0"}
			}
		},
		{
			"name": "crescent_rose_63",
			"from": [8.25, 11, 7.95],
			"to": [8.375, 12.375, 8.375],
			"faces": {
				"north": {"uv": [9.375, 3.625, 9.25, 5], "texture": "#0"},
				"east": {"uv": [9.25, 3.625, 9.375, 5], "texture": "#0"},
				"south": {"uv": [9.25, 3.625, 9.375, 5], "texture": "#0"},
				"west": {"uv": [9.25, 3.625, 9.375, 5], "texture": "#0"},
				"up": {"uv": [9.25, 3.625, 9.375, 3.75], "texture": "#0"},
				"down": {"uv": [9.25, 4.875, 9.375, 5], "texture": "#0"}
			}
		},
		{
			"name": "crescent_rose_64",
			"from": [10.375, 12.25, 8],
			"to": [10.5, 12.375, 8.425],
			"faces": {
				"north": {"uv": [12, 3.625, 11.875, 3.75], "texture": "#0"},
				"east": {"uv": [11.875, 3.625, 12, 3.75], "texture": "#0"},
				"south": {"uv": [11.875, 3.625, 12, 3.75], "texture": "#0"},
				"west": {"uv": [11.875, 3.625, 12, 3.75], "texture": "#0"},
				"up": {"uv": [11.875, 3.625, 12, 3.75], "texture": "#0"},
				"down": {"uv": [11.875, 3.625, 12, 3.75], "texture": "#0"}
			}
		},
		{
			"name": "crescent_rose_65",
			"from": [3.25, 12.75, 8],
			"to": [3.375, 13.25, 8.425],
			"faces": {
				"north": {"uv": [3.375, 3.75, 3.25, 4.25], "texture": "#0"},
				"east": {"uv": [3.25, 3.75, 3.375, 4.25], "texture": "#0"},
				"south": {"uv": [3.25, 3.75, 3.375, 4.25], "texture": "#0"},
				"west": {"uv": [3.25, 3.75, 3.375, 4.25], "texture": "#0"},
				"up": {"uv": [3.25, 3.75, 3.375, 3.875], "texture": "#0"},
				"down": {"uv": [3.25, 4.125, 3.375, 4.25], "texture": "#0"}
			}
		},
		{
			"name": "crescent_rose_66",
			"from": [6.875, 12.5, 7.9],
			"to": [7, 12.75, 8.425],
			"faces": {
				"north": {"uv": [6.75, 3.75, 6.625, 4], "texture": "#0"},
				"east": {"uv": [6.625, 3.75, 6.75, 4], "texture": "#0"},
				"south": {"uv": [6.625, 3.75, 6.75, 4], "texture": "#0"},
				"west": {"uv": [6.625, 3.75, 6.75, 4], "texture": "#0"},
				"up": {"uv": [6.625, 3.75, 6.75, 3.875], "texture": "#0"},
				"down": {"uv": [6.625, 3.875, 6.75, 4], "texture": "#0"}
			}
		},
		{
			"name": "crescent_rose_67",
			"from": [8.5, 12.625, 7.9],
			"to": [8.625, 12.75, 8.425],
			"faces": {
				"north": {"uv": [8.375, 3.75, 8.25, 3.875], "texture": "#0"},
				"east": {"uv": [8.25, 3.75, 8.375, 3.875], "texture": "#0"},
				"south": {"uv": [8.25, 3.75, 8.375, 3.875], "texture": "#0"},
				"west": {"uv": [8.25, 3.75, 8.375, 3.875], "texture": "#0"},
				"up": {"uv": [8.25, 3.75, 8.375, 3.875], "texture": "#0"},
				"down": {"uv": [8.25, 3.75, 8.375, 3.875], "texture": "#0"}
			}
		},
		{
			"name": "crescent_rose_68",
			"from": [7.875, 11, 7.95],
			"to": [8.25, 12.25, 8.375],
			"faces": {
				"north": {"uv": [9.25, 3.75, 8.875, 5], "texture": "#0"},
				"east": {"uv": [9.125, 3.75, 9.25, 5], "texture": "#0"},
				"south": {"uv": [8.875, 3.75, 9.25, 5], "texture": "#0"},
				"west": {"uv": [8.875, 3.75, 9, 5], "texture": "#0"},
				"up": {"uv": [8.875, 3.75, 9.25, 3.875], "texture": "#0"},
				"down": {"uv": [8.875, 4.875, 9.25, 5], "texture": "#0"}
			}
		},
		{
			"name": "crescent_rose_69",
			"from": [10.75, 12.125, 7.9],
			"to": [10.875, 12.25, 8.525],
			"faces": {
				"north": {"uv": [12.625, 3.75, 12.5, 3.875], "texture": "#0"},
				"east": {"uv": [12.5, 3.75, 12.625, 3.875], "texture": "#0"},
				"south": {"uv": [12.5, 3.75, 12.625, 3.875], "texture": "#0"},
				"west": {"uv": [12.5, 3.75, 12.625, 3.875], "texture": "#0"},
				"up": {"uv": [12.5, 3.75, 12.625, 3.875], "texture": "#0"},
				"down": {"uv": [12.5, 3.75, 12.625, 3.875], "texture": "#0"}
			}
		},
		{
			"name": "crescent_rose_70",
			"from": [3.125, 12.75, 8],
			"to": [3.25, 13.125, 8.425],
			"faces": {
				"north": {"uv": [3.25, 3.875, 3.125, 4.25], "texture": "#0"},
				"east": {"uv": [3.125, 3.875, 3.25, 4.25], "texture": "#0"},
				"south": {"uv": [3.125, 3.875, 3.25, 4.25], "texture": "#0"},
				"west": {"uv": [3.125, 3.875, 3.25, 4.25], "texture": "#0"},
				"up": {"uv": [3.125, 3.875, 3.25, 4], "texture": "#0"},
				"down": {"uv": [3.125, 4.125, 3.25, 4.25], "texture": "#0"}
			}
		},
		{
			"name": "crescent_rose_71",
			"from": [7.25, 12.5, 7.9],
			"to": [7.375, 12.625, 8.425],
			"faces": {
				"north": {"uv": [7.125, 3.875, 7, 4], "texture": "#0"},
				"east": {"uv": [7, 3.875, 7.125, 4], "texture": "#0"},
				"south": {"uv": [7, 3.875, 7.125, 4], "texture": "#0"},
				"west": {"uv": [7, 3.875, 7.125, 4], "texture": "#0"},
				"up": {"uv": [7, 3.875, 7.125, 4], "texture": "#0"},
				"down": {"uv": [7, 3.875, 7.125, 4], "texture": "#0"}
			}
		},
		{
			"name": "crescent_rose_72",
			"from": [10.125, 10.5, 8.15],
			"to": [10.25, 12.375, 8.275],
			"faces": {
				"north": {"uv": [12, 3.875, 11.875, 5.75], "texture": "#0"},
				"east": {"uv": [11.875, 3.875, 12, 5.75], "texture": "#0"},
				"south": {"uv": [11.875, 3.875, 12, 5.75], "texture": "#0"},
				"west": {"uv": [11.875, 3.875, 12, 5.75], "texture": "#0"},
				"up": {"uv": [11.875, 3.875, 12, 4], "texture": "#0"},
				"down": {"uv": [11.875, 5.625, 12, 5.75], "texture": "#0"}
			}
		},
		{
			"name": "crescent_rose_73",
			"from": [10.5, 10.875, 8.15],
			"to": [10.625, 12.375, 8.275],
			"faces": {
				"north": {"uv": [12.375, 3.875, 12.25, 5.375], "texture": "#0"},
				"east": {"uv": [12.25, 3.875, 12.375, 5.375], "texture": "#0"},
				"south": {"uv": [12.25, 3.875, 12.375, 5.375], "texture": "#0"},
				"west": {"uv": [12.25, 3.875, 12.375, 5.375], "texture": "#0"},
				"up": {"uv": [12.25, 3.875, 12.375, 4], "texture": "#0"},
				"down": {"uv": [12.25, 5.25, 12.375, 5.375], "texture": "#0"}
			}
		},
		{
			"name": "crescent_rose_74",
			"from": [11, 12, 8.15],
			"to": [11.125, 12.375, 8.275],
			"faces": {
				"north": {"uv": [12.875, 3.875, 12.75, 4.25], "texture": "#0"},
				"east": {"uv": [12.75, 3.875, 12.875, 4.25], "texture": "#0"},
				"south": {"uv": [12.75, 3.875, 12.875, 4.25], "texture": "#0"},
				"west": {"uv": [12.75, 3.875, 12.875, 4.25], "texture": "#0"},
				"up": {"uv": [12.75, 3.875, 12.875, 4], "texture": "#0"},
				"down": {"uv": [12.75, 4.125, 12.875, 4.25], "texture": "#0"}
			}
		},
		{
			"name": "crescent_rose_75",
			"from": [6.375, 12.375, 7.9],
			"to": [6.625, 12.5, 8.425],
			"faces": {
				"north": {"uv": [6.375, 4, 6.125, 4.125], "texture": "#0"},
				"east": {"uv": [6.25, 4, 6.375, 4.125], "texture": "#0"},
				"south": {"uv": [6.125, 4, 6.375, 4.125], "texture": "#0"},
				"west": {"uv": [6.125, 4, 6.25, 4.125], "texture": "#0"},
				"up": {"uv": [6.125, 4, 6.375, 4.125], "texture": "#0"},
				"down": {"uv": [6.125, 4, 6.375, 4.125], "texture": "#0"}
			}
		},
		{
			"name": "crescent_rose_76",
			"from": [10.25, 10.75, 8.15],
			"to": [10.5, 12.25, 8.275],
			"faces": {
				"north": {"uv": [12.25, 4, 12, 5.5], "texture": "#0"},
				"east": {"uv": [12.125, 4, 12.25, 5.5], "texture": "#0"},
				"south": {"uv": [12, 4, 12.25, 5.5], "texture": "#0"},
				"west": {"uv": [12, 4, 12.125, 5.5], "texture": "#0"},
				"up": {"uv": [12, 4, 12.25, 4.125], "texture": "#0"},
				"down": {"uv": [12, 5.375, 12.25, 5.5], "texture": "#0"}
			}
		},
		{
			"name": "crescent_rose_77",
			"from": [10.625, 11.125, 8.15],
			"to": [10.75, 12.25, 8.275],
			"faces": {
				"north": {"uv": [12.5, 4, 12.375, 5.125], "texture": "#0"},
				"east": {"uv": [12.375, 4, 12.5, 5.125], "texture": "#0"},
				"south": {"uv": [12.375, 4, 12.5, 5.125], "texture": "#0"},
				"west": {"uv": [12.375, 4, 12.5, 5.125], "texture": "#0"},
				"up": {"uv": [12.375, 4, 12.5, 4.125], "texture": "#0"},
				"down": {"uv": [12.375, 5, 12.5, 5.125], "texture": "#0"}
			}
		},
		{
			"name": "crescent_rose_78",
			"from": [10.875, 11.625, 8.15],
			"to": [11, 12.25, 8.275],
			"faces": {
				"north": {"uv": [12.75, 4, 12.625, 4.625], "texture": "#0"},
				"east": {"uv": [12.625, 4, 12.75, 4.625], "texture": "#0"},
				"south": {"uv": [12.625, 4, 12.75, 4.625], "texture": "#0"},
				"west": {"uv": [12.625, 4, 12.75, 4.625], "texture": "#0"},
				"up": {"uv": [12.625, 4, 12.75, 4.125], "texture": "#0"},
				"down": {"uv": [12.625, 4.5, 12.75, 4.625], "texture": "#0"}
			}
		},
		{
			"name": "crescent_rose_79",
			"from": [3, 12.375, 8.1],
			"to": [3.125, 13.375, 8.325],
			"faces": {
				"north": {"uv": [2.875, 4.125, 2.75, 5.125], "texture": "#0"},
				"east": {"uv": [2.75, 4.125, 2.875, 5.125], "texture": "#0"},
				"south": {"uv": [2.75, 4.125, 2.875, 5.125], "texture": "#0"},
				"west": {"uv": [2.75, 4.125, 2.875, 5.125], "texture": "#0"},
				"up": {"uv": [2.75, 4.125, 2.875, 4.25], "texture": "#0"},
				"down": {"uv": [2.75, 5, 2.875, 5.125], "texture": "#0"}
			}
		},
		{
			"name": "crescent_rose_80",
			"from": [10.75, 11.375, 8.15],
			"to": [10.875, 12.125, 8.275],
			"faces": {
				"north": {"uv": [12.625, 4.125, 12.5, 4.875], "texture": "#0"},
				"east": {"uv": [12.5, 4.125, 12.625, 4.875], "texture": "#0"},
				"south": {"uv": [12.5, 4.125, 12.625, 4.875], "texture": "#0"},
				"west": {"uv": [12.5, 4.125, 12.625, 4.875], "texture": "#0"},
				"up": {"uv": [12.5, 4.125, 12.625, 4.25], "texture": "#0"},
				"down": {"uv": [12.5, 4.75, 12.625, 4.875], "texture": "#0"}
			}
		},
		{
			"name": "crescent_rose_81",
			"from": [2.875, 12.5, 8.1],
			"to": [3, 13.25, 8.325],
			"faces": {
				"north": {"uv": [2.75, 4.25, 2.625, 5], "texture": "#0"},
				"east": {"uv": [2.625, 4.25, 2.75, 5], "texture": "#0"},
				"south": {"uv": [2.625, 4.25, 2.75, 5], "texture": "#0"},
				"west": {"uv": [2.625, 4.25, 2.75, 5], "texture": "#0"},
				"up": {"uv": [2.625, 4.25, 2.75, 4.375], "texture": "#0"},
				"down": {"uv": [2.625, 4.875, 2.75, 5], "texture": "#0"}
			}
		},
		{
			"name": "crescent_rose_82",
			"from": [3.125, 13.125, 8.1],
			"to": [3.25, 13.25, 8.325],
			"faces": {
				"north": {"uv": [3, 4.25, 2.875, 4.375], "texture": "#0"},
				"east": {"uv": [2.875, 4.25, 3, 4.375], "texture": "#0"},
				"south": {"uv": [2.875, 4.25, 3, 4.375], "texture": "#0"},
				"west": {"uv": [2.875, 4.25, 3, 4.375], "texture": "#0"},
				"up": {"uv": [2.875, 4.25, 3, 4.375], "texture": "#0"},
				"down": {"uv": [2.875, 4.25, 3, 4.375], "texture": "#0"}
			}
		},
		{
			"name": "crescent_rose_83",
			"from": [2.75, 12.625, 8.1],
			"to": [2.875, 13.125, 8.325],
			"faces": {
				"north": {"uv": [2.625, 4.375, 2.5, 4.875], "texture": "#0"},
				"east": {"uv": [2.5, 4.375, 2.625, 4.875], "texture": "#0"},
				"south": {"uv": [2.5, 4.375, 2.625, 4.875], "texture": "#0"},
				"west": {"uv": [2.5, 4.375, 2.625, 4.875], "texture": "#0"},
				"up": {"uv": [2.5, 4.375, 2.625, 4.5], "texture": "#0"},
				"down": {"uv": [2.5, 4.75, 2.625, 4.875], "texture": "#0"}
			}
		},
		{
			"name": "crescent_rose_84",
			"from": [3.625, 12.625, 8.1],
			"to": [3.75, 13, 8.325],
			"faces": {
				"north": {"uv": [3.5, 4.5, 3.375, 4.875], "texture": "#0"},
				"east": {"uv": [3.375, 4.5, 3.5, 4.875], "texture": "#0"},
				"south": {"uv": [3.375, 4.5, 3.5, 4.875], "texture": "#0"},
				"west": {"uv": [3.375, 4.5, 3.5, 4.875], "texture": "#0"},
				"up": {"uv": [3.375, 4.5, 3.5, 4.625], "texture": "#0"},
				"down": {"uv": [3.375, 4.75, 3.5, 4.875], "texture": "#0"}
			}
		},
		{
			"name": "crescent_rose_85",
			"from": [10, 10.25, 8.15],
			"to": [10.125, 11.75, 8.275],
			"faces": {
				"north": {"uv": [11.875, 4.5, 11.75, 6], "texture": "#0"},
				"east": {"uv": [11.75, 4.5, 11.875, 6], "texture": "#0"},
				"south": {"uv": [11.75, 4.5, 11.875, 6], "texture": "#0"},
				"west": {"uv": [11.75, 4.5, 11.875, 6], "texture": "#0"},
				"up": {"uv": [11.75, 4.5, 11.875, 4.625], "texture": "#0"},
				"down": {"uv": [11.75, 5.875, 11.875, 6], "texture": "#0"}
			}
		},
		{
			"name": "crescent_rose_86",
			"from": [3.375, 12.5, 8.1],
			"to": [3.625, 12.875, 8.325],
			"faces": {
				"north": {"uv": [3.375, 4.625, 3.125, 5], "texture": "#0"},
				"east": {"uv": [3.25, 4.625, 3.375, 5], "texture": "#0"},
				"south": {"uv": [3.125, 4.625, 3.375, 5], "texture": "#0"},
				"west": {"uv": [3.125, 4.625, 3.25, 5], "texture": "#0"},
				"up": {"uv": [3.125, 4.625, 3.375, 4.75], "texture": "#0"},
				"down": {"uv": [3.125, 4.875, 3.375, 5], "texture": "#0"}
			}
		},
		{
			"name": "crescent_rose_87",
			"from": [3.125, 12.375, 8.1],
			"to": [3.375, 12.75, 8.325],
			"faces": {
				"north": {"uv": [3.125, 4.75, 2.875, 5.125], "texture": "#0"},
				"east": {"uv": [3, 4.75, 3.125, 5.125], "texture": "#0"},
				"south": {"uv": [2.875, 4.75, 3.125, 5.125], "texture": "#0"},
				"west": {"uv": [2.875, 4.75, 3, 5.125], "texture": "#0"},
				"up": {"uv": [2.875, 4.75, 3.125, 4.875], "texture": "#0"},
				"down": {"uv": [2.875, 5, 3.125, 5.125], "texture": "#0"}
			}
		},
		{
			"name": "crescent_rose_88",
			"from": [4.625, 12.5, 8.15],
			"to": [4.75, 13.5, 8.275],
			"faces": {
				"north": {"uv": [4.75, 4.75, 4.625, 5.75], "texture": "#0"},
				"east": {"uv": [4.625, 4.75, 4.75, 5.75], "texture": "#0"},
				"south": {"uv": [4.625, 4.75, 4.75, 5.75], "texture": "#0"},
				"west": {"uv": [4.625, 4.75, 4.75, 5.75], "texture": "#0"},
				"up": {"uv": [4.625, 4.75, 4.75, 4.875], "texture": "#0"},
				"down": {"uv": [4.625, 5.625, 4.75, 5.75], "texture": "#0"}
			}
		},
		{
			"name": "crescent_rose_89",
			"from": [5.875, 12.875, 8.15],
			"to": [6.375, 13.5, 8.275],
			"faces": {
				"north": {"uv": [6.375, 4.75, 5.875, 5.375], "texture": "#0"},
				"east": {"uv": [6.25, 4.75, 6.375, 5.375], "texture": "#0"},
				"south": {"uv": [5.875, 4.75, 6.375, 5.375], "texture": "#0"},
				"west": {"uv": [5.875, 4.75, 6, 5.375], "texture": "#0"},
				"up": {"uv": [5.875, 4.75, 6.375, 4.875], "texture": "#0"},
				"down": {"uv": [5.875, 5.25, 6.375, 5.375], "texture": "#0"}
			}
		},
		{
			"name": "crescent_rose_90",
			"from": [4.5, 12.5, 8.15],
			"to": [4.625, 13.375, 8.275],
			"faces": {
				"north": {"uv": [4.625, 4.875, 4.5, 5.75], "texture": "#0"},
				"east": {"uv": [4.5, 4.875, 4.625, 5.75], "texture": "#0"},
				"south": {"uv": [4.5, 4.875, 4.625, 5.75], "texture": "#0"},
				"west": {"uv": [4.5, 4.875, 4.625, 5.75], "texture": "#0"},
				"up": {"uv": [4.5, 4.875, 4.625, 5], "texture": "#0"},
				"down": {"uv": [4.5, 5.625, 4.625, 5.75], "texture": "#0"}
			}
		},
		{
			"name": "crescent_rose_91",
			"from": [4.75, 12.625, 8.15],
			"to": [4.875, 13.375, 8.275],
			"faces": {
				"north": {"uv": [4.875, 4.875, 4.75, 5.625], "texture": "#0"},
				"east": {"uv": [4.75, 4.875, 4.875, 5.625], "texture": "#0"},
				"south": {"uv": [4.75, 4.875, 4.875, 5.625], "texture": "#0"},
				"west": {"uv": [4.75, 4.875, 4.875, 5.625], "texture": "#0"},
				"up": {"uv": [4.75, 4.875, 4.875, 5], "texture": "#0"},
				"down": {"uv": [4.75, 5.5, 4.875, 5.625], "texture": "#0"}
			}
		},
		{
			"name": "crescent_rose_92",
			"from": [5.75, 12.75, 8.15],
			"to": [5.875, 13.375, 8.275],
			"faces": {
				"north": {"uv": [5.875, 4.875, 5.75, 5.5], "texture": "#0"},
				"east": {"uv": [5.75, 4.875, 5.875, 5.5], "texture": "#0"},
				"south": {"uv": [5.75, 4.875, 5.875, 5.5], "texture": "#0"},
				"west": {"uv": [5.75, 4.875, 5.875, 5.5], "texture": "#0"},
				"up": {"uv": [5.75, 4.875, 5.875, 5], "texture": "#0"},
				"down": {"uv": [5.75, 5.375, 5.875, 5.5], "texture": "#0"}
			}
		},
		{
			"name": "crescent_rose_93",
			"from": [3.375, 12.375, 8.1],
			"to": [3.5, 12.5, 8.325],
			"faces": {
				"north": {"uv": [3.25, 5, 3.125, 5.125], "texture": "#0"},
				"east": {"uv": [3.125, 5, 3.25, 5.125], "texture": "#0"},
				"south": {"uv": [3.125, 5, 3.25, 5.125], "texture": "#0"},
				"west": {"uv": [3.125, 5, 3.25, 5.125], "texture": "#0"},
				"up": {"uv": [3.125, 5, 3.25, 5.125], "texture": "#0"},
				"down": {"uv": [3.125, 5, 3.25, 5.125], "texture": "#0"}
			}
		},
		{
			"name": "crescent_rose_94",
			"from": [4.375, 12.5, 8.15],
			"to": [4.5, 13.25, 8.275],
			"faces": {
				"north": {"uv": [4.5, 5, 4.375, 5.75], "texture": "#0"},
				"east": {"uv": [4.375, 5, 4.5, 5.75], "texture": "#0"},
				"south": {"uv": [4.375, 5, 4.5, 5.75], "texture": "#0"},
				"west": {"uv": [4.375, 5, 4.5, 5.75], "texture": "#0"},
				"up": {"uv": [4.375, 5, 4.5, 5.125], "texture": "#0"},
				"down": {"uv": [4.375, 5.625, 4.5, 5.75], "texture": "#0"}
			}
		},
		{
			"name": "crescent_rose_95",
			"from": [4.875, 12.75, 8.15],
			"to": [5.75, 13.25, 8.275],
			"faces": {
				"north": {"uv": [5.75, 5, 4.875, 5.5], "texture": "#0"},
				"east": {"uv": [5.625, 5, 5.75, 5.5], "texture": "#0"},
				"south": {"uv": [4.875, 5, 5.75, 5.5], "texture": "#0"},
				"west": {"uv": [4.875, 5, 5, 5.5], "texture": "#0"},
				"up": {"uv": [4.875, 5, 5.75, 5.125], "texture": "#0"},
				"down": {"uv": [4.875, 5.375, 5.75, 5.5], "texture": "#0"}
			}
		},
		{
			"name": "crescent_rose_96",
			"from": [9.875, 10.125, 8.15],
			"to": [10, 11.25, 8.275],
			"faces": {
				"north": {"uv": [11.75, 5, 11.625, 6.125], "texture": "#0"},
				"east": {"uv": [11.625, 5, 11.75, 6.125], "texture": "#0"},
				"south": {"uv": [11.625, 5, 11.75, 6.125], "texture": "#0"},
				"west": {"uv": [11.625, 5, 11.75, 6.125], "texture": "#0"},
				"up": {"uv": [11.625, 5, 11.75, 5.125], "texture": "#0"},
				"down": {"uv": [11.625, 6, 11.75, 6.125], "texture": "#0"}
			}
		},
		{
			"name": "crescent_rose_97",
			"from": [2.625, 11.75, 8.15],
			"to": [2.75, 13.125, 8.275],
			"faces": {
				"north": {"uv": [2.75, 5.125, 2.625, 6.5], "texture": "#0"},
				"east": {"uv": [2.625, 5.125, 2.75, 6.5], "texture": "#0"},
				"south": {"uv": [2.625, 5.125, 2.75, 6.5], "texture": "#0"},
				"west": {"uv": [2.625, 5.125, 2.75, 6.5], "texture": "#0"},
				"up": {"uv": [2.625, 5.125, 2.75, 5.25], "texture": "#0"},
				"down": {"uv": [2.625, 6.375, 2.75, 6.5], "texture": "#0"}
			}
		},
		{
			"name": "crescent_rose_98",
			"from": [4.125, 12.375, 8.15],
			"to": [4.375, 13.125, 8.275],
			"faces": {
				"north": {"uv": [4.375, 5.125, 4.125, 5.875], "texture": "#0"},
				"east": {"uv": [4.25, 5.125, 4.375, 5.875], "texture": "#0"},
				"south": {"uv": [4.125, 5.125, 4.375, 5.875], "texture": "#0"},
				"west": {"uv": [4.125, 5.125, 4.25, 5.875], "texture": "#0"},
				"up": {"uv": [4.125, 5.125, 4.375, 5.25], "texture": "#0"},
				"down": {"uv": [4.125, 5.75, 4.375, 5.875], "texture": "#0"}
			}
		},
		{
			"name": "crescent_rose_99",
			"from": [2.5, 11.625, 8.15],
			"to": [2.625, 13, 8.275],
			"faces": {
				"north": {"uv": [2.625, 5.25, 2.5, 6.625], "texture": "#0"},
				"east": {"uv": [2.5, 5.25, 2.625, 6.625], "texture": "#0"},
				"south": {"uv": [2.5, 5.25, 2.625, 6.625], "texture": "#0"},
				"west": {"uv": [2.5, 5.25, 2.625, 6.625], "texture": "#0"},
				"up": {"uv": [2.5, 5.25, 2.625, 5.375], "texture": "#0"},
				"down": {"uv": [2.5, 6.5, 2.625, 6.625], "texture": "#0"}
			}
		},
		{
			"name": "crescent_rose_100",
			"from": [3.875, 12.375, 8.15],
			"to": [4.125, 13, 8.275],
			"faces": {
				"north": {"uv": [4.125, 5.25, 3.875, 5.875], "texture": "#0"},
				"east": {"uv": [4, 5.25, 4.125, 5.875], "texture": "#0"},
				"south": {"uv": [3.875, 5.25, 4.125, 5.875], "texture": "#0"},
				"west": {"uv": [3.875, 5.25, 4, 5.875], "texture": "#0"},
				"up": {"uv": [3.875, 5.25, 4.125, 5.375], "texture": "#0"},
				"down": {"uv": [3.875, 5.75, 4.125, 5.875], "texture": "#0"}
			}
		},
		{
			"name": "crescent_rose_101",
			"from": [7.75, 10.75, 7.9],
			"to": [8.25, 11, 8.425],
			"faces": {
				"north": {"uv": [8, 5.25, 7.5, 5.5], "texture": "#0"},
				"east": {"uv": [7.875, 5.25, 8, 5.5], "texture": "#0"},
				"south": {"uv": [7.5, 5.25, 8, 5.5], "texture": "#0"},
				"west": {"uv": [7.5, 5.25, 7.625, 5.5], "texture": "#0"},
				"up": {"uv": [7.5, 5.25, 8, 5.375], "texture": "#0"},
				"down": {"uv": [7.5, 5.375, 8, 5.5], "texture": "#0"}
			}
		},
		{
			"name": "crescent_rose_102",
			"from": [8.25, 10.875, 7.9],
			"to": [8.5, 11, 8.425],
			"faces": {
				"north": {"uv": [8.25, 5.25, 8, 5.375], "texture": "#0"},
				"east": {"uv": [8.125, 5.25, 8.25, 5.375], "texture": "#0"},
				"south": {"uv": [8, 5.25, 8.25, 5.375], "texture": "#0"},
				"west": {"uv": [8, 5.25, 8.125, 5.375], "texture": "#0"},
				"up": {"uv": [8, 5.25, 8.25, 5.375], "texture": "#0"},
				"down": {"uv": [8, 5.25, 8.25, 5.375], "texture": "#0"}
			}
		},
		{
			"name": "crescent_rose_103",
			"from": [2.375, 11.5, 8.15],
			"to": [2.5, 12.875, 8.275],
			"faces": {
				"north": {"uv": [2.5, 5.375, 2.375, 6.75], "texture": "#0"},
				"east": {"uv": [2.375, 5.375, 2.5, 6.75], "texture": "#0"},
				"south": {"uv": [2.375, 5.375, 2.5, 6.75], "texture": "#0"},
				"west": {"uv": [2.375, 5.375, 2.5, 6.75], "texture": "#0"},
				"up": {"uv": [2.375, 5.375, 2.5, 5.5], "texture": "#0"},
				"down": {"uv": [2.375, 6.625, 2.5, 6.75], "texture": "#0"}
			}
		},
		{
			"name": "crescent_rose_104",
			"from": [3.75, 12.375, 8.15],
			"to": [3.875, 12.875, 8.275],
			"faces": {
				"north": {"uv": [3.875, 5.375, 3.75, 5.875], "texture": "#0"},
				"east": {"uv": [3.75, 5.375, 3.875, 5.875], "texture": "#0"},
				"south": {"uv": [3.75, 5.375, 3.875, 5.875], "texture": "#0"},
				"west": {"uv": [3.75, 5.375, 3.875, 5.875], "texture": "#0"},
				"up": {"uv": [3.75, 5.375, 3.875, 5.5], "texture": "#0"},
				"down": {"uv": [3.75, 5.75, 3.875, 5.875], "texture": "#0"}
			}
		},
		{
			"name": "crescent_rose_105",
			"from": [5.875, 12.75, 8.15],
			"to": [6.25, 12.875, 8.275],
			"faces": {
				"north": {"uv": [6.25, 5.375, 5.875, 5.5], "texture": "#0"},
				"east": {"uv": [6.125, 5.375, 6.25, 5.5], "texture": "#0"},
				"south": {"uv": [5.875, 5.375, 6.25, 5.5], "texture": "#0"},
				"west": {"uv": [5.875, 5.375, 6, 5.5], "texture": "#0"},
				"up": {"uv": [5.875, 5.375, 6.25, 5.5], "texture": "#0"},
				"down": {"uv": [5.875, 5.375, 6.25, 5.5], "texture": "#0"}
			}
		},
		{
			"name": "crescent_rose_106",
			"from": [8.25, 10.625, 7.85],
			"to": [8.5, 10.875, 8.475],
			"faces": {
				"north": {"uv": [9.5, 5.375, 9.25, 5.625], "texture": "#0"},
				"east": {"uv": [9.375, 5.375, 9.5, 5.625], "texture": "#0"},
				"south": {"uv": [9.25, 5.375, 9.5, 5.625], "texture": "#0"},
				"west": {"uv": [9.25, 5.375, 9.375, 5.625], "texture": "#0"},
				"up": {"uv": [9.25, 5.375, 9.5, 5.5], "texture": "#0"},
				"down": {"uv": [9.25, 5.5, 9.5, 5.625], "texture": "#0"}
			}
		},
		{
			"name": "crescent_rose_107",
			"from": [2.25, 11.25, 8.15],
			"to": [2.375, 12.75, 8.275],
			"faces": {
				"north": {"uv": [2.375, 5.5, 2.25, 7], "texture": "#0"},
				"east": {"uv": [2.25, 5.5, 2.375, 7], "texture": "#0"},
				"south": {"uv": [2.25, 5.5, 2.375, 7], "texture": "#0"},
				"west": {"uv": [2.25, 5.5, 2.375, 7], "texture": "#0"},
				"up": {"uv": [2.25, 5.5, 2.375, 5.625], "texture": "#0"},
				"down": {"uv": [2.25, 6.875, 2.375, 7], "texture": "#0"}
			}
		},
		{
			"name": "crescent_rose_108",
			"from": [4.875, 12.625, 8.15],
			"to": [5.375, 12.75, 8.275],
			"faces": {
				"north": {"uv": [5.375, 5.5, 4.875, 5.625], "texture": "#0"},
				"east": {"uv": [5.25, 5.5, 5.375, 5.625], "texture": "#0"},
				"south": {"uv": [4.875, 5.5, 5.375, 5.625], "texture": "#0"},
				"west": {"uv": [4.875, 5.5, 5, 5.625], "texture": "#0"},
				"up": {"uv": [4.875, 5.5, 5.375, 5.625], "texture": "#0"},
				"down": {"uv": [4.875, 5.5, 5.375, 5.625], "texture": "#0"}
			}
		},
		{
			"name": "crescent_rose_109",
			"from": [6.125, 12.625, 8.15],
			"to": [6.25, 12.75, 8.275],
			"faces": {
				"north": {"uv": [6.25, 5.5, 6.125, 5.625], "texture": "#0"},
				"east": {"uv": [6.125, 5.5, 6.25, 5.625], "texture": "#0"},
				"south": {"uv": [6.125, 5.5, 6.25, 5.625], "texture": "#0"},
				"west": {"uv": [6.125, 5.5, 6.25, 5.625], "texture": "#0"},
				"up": {"uv": [6.125, 5.5, 6.25, 5.625], "texture": "#0"},
				"down": {"uv": [6.125, 5.5, 6.25, 5.625], "texture": "#0"}
			}
		},
		{
			"name": "crescent_rose_110",
			"from": [7.75, 10.625, 7.9],
			"to": [7.875, 10.75, 8.425],
			"faces": {
				"north": {"uv": [7.625, 5.5, 7.5, 5.625], "texture": "#0"},
				"east": {"uv": [7.5, 5.5, 7.625, 5.625], "texture": "#0"},
				"south": {"uv": [7.5, 5.5, 7.625, 5.625], "texture": "#0"},
				"west": {"uv": [7.5, 5.5, 7.625, 5.625], "texture": "#0"},
				"up": {"uv": [7.5, 5.5, 7.625, 5.625], "texture": "#0"},
				"down": {"uv": [7.5, 5.5, 7.625, 5.625], "texture": "#0"}
			}
		},
		{
			"name": "crescent_rose_111",
			"from": [7.875, 10.25, 7.85],
			"to": [8.25, 10.75, 8.475],
			"faces": {
				"north": {"uv": [9.25, 5.5, 8.875, 6], "texture": "#0"},
				"east": {"uv": [9.125, 5.5, 9.25, 6], "texture": "#0"},
				"south": {"uv": [8.875, 5.5, 9.25, 6], "texture": "#0"},
				"west": {"uv": [8.875, 5.5, 9, 6], "texture": "#0"},
				"up": {"uv": [8.875, 5.5, 9.25, 5.625], "texture": "#0"},
				"down": {"uv": [8.875, 5.875, 9.25, 6], "texture": "#0"}
			}
		},
		{
			"name": "crescent_rose_112",
			"from": [10.25, 10.625, 8.15],
			"to": [10.375, 10.75, 8.275],
			"faces": {
				"north": {"uv": [12.125, 5.5, 12, 5.625], "texture": "#0"},
				"east": {"uv": [12, 5.5, 12.125, 5.625], "texture": "#0"},
				"south": {"uv": [12, 5.5, 12.125, 5.625], "texture": "#0"},
				"west": {"uv": [12, 5.5, 12.125, 5.625], "texture": "#0"},
				"up": {"uv": [12, 5.5, 12.125, 5.625], "texture": "#0"},
				"down": {"uv": [12, 5.5, 12.125, 5.625], "texture": "#0"}
			}
		},
		{
			"name": "crescent_rose_113",
			"from": [2.75, 11.875, 8.15],
			"to": [2.875, 12.625, 8.275],
			"faces": {
				"north": {"uv": [2.875, 5.625, 2.75, 6.375], "texture": "#0"},
				"east": {"uv": [2.75, 5.625, 2.875, 6.375], "texture": "#0"},
				"south": {"uv": [2.75, 5.625, 2.875, 6.375], "texture": "#0"},
				"west": {"uv": [2.75, 5.625, 2.875, 6.375], "texture": "#0"},
				"up": {"uv": [2.75, 5.625, 2.875, 5.75], "texture": "#0"},
				"down": {"uv": [2.75, 6.25, 2.875, 6.375], "texture": "#0"}
			}
		},
		{
			"name": "crescent_rose_114",
			"from": [3.625, 12.5, 8.15],
			"to": [3.75, 12.625, 8.275],
			"faces": {
				"north": {"uv": [3.75, 5.625, 3.625, 5.75], "texture": "#0"},
				"east": {"uv": [3.625, 5.625, 3.75, 5.75], "texture": "#0"},
				"south": {"uv": [3.625, 5.625, 3.75, 5.75], "texture": "#0"},
				"west": {"uv": [3.625, 5.625, 3.75, 5.75], "texture": "#0"},
				"up": {"uv": [3.625, 5.625, 3.75, 5.75], "texture": "#0"},
				"down": {"uv": [3.625, 5.625, 3.75, 5.75], "texture": "#0"}
			}
		},
		{
			"name": "crescent_rose_115",
			"from": [8.375, 8.5, 7.9],
			"to": [8.5, 10.625, 8.425],
			"faces": {
				"north": {"uv": [8.25, 5.625, 8.125, 7.75], "texture": "#0"},
				"east": {"uv": [8.125, 5.625, 8.25, 7.75], "texture": "#0"},
				"south": {"uv": [8.125, 5.625, 8.25, 7.75], "texture": "#0"},
				"west": {"uv": [8.125, 5.625, 8.25, 7.75], "texture": "#0"},
				"up": {"uv": [8.125, 5.625, 8.25, 5.75], "texture": "#0"},
				"down": {"uv": [8.125, 7.625, 8.25, 7.75], "texture": "#0"}
			}
		},
		{
			"name": "crescent_rose_116",
			"from": [7.75, 10.375, 7.85],
			"to": [7.875, 10.625, 8.475],
			"faces": {
				"north": {"uv": [8.875, 5.625, 8.75, 5.875], "texture": "#0"},
				"east": {"uv": [8.75, 5.625, 8.875, 5.875], "texture": "#0"},
				"south": {"uv": [8.75, 5.625, 8.875, 5.875], "texture": "#0"},
				"west": {"uv": [8.75, 5.625, 8.875, 5.875], "texture": "#0"},
				"up": {"uv": [8.75, 5.625, 8.875, 5.75], "texture": "#0"},
				"down": {"uv": [8.75, 5.75, 8.875, 5.875], "texture": "#0"}
			}
		},
		{
			"name": "crescent_rose_117",
			"from": [8.25, 10.5, 7.85],
			"to": [8.375, 10.625, 8.475],
			"faces": {
				"north": {"uv": [9.375, 5.625, 9.25, 5.75], "texture": "#0"},
				"east": {"uv": [9.25, 5.625, 9.375, 5.75], "texture": "#0"},
				"south": {"uv": [9.25, 5.625, 9.375, 5.75], "texture": "#0"},
				"west": {"uv": [9.25, 5.625, 9.375, 5.75], "texture": "#0"},
				"up": {"uv": [9.25, 5.625, 9.375, 5.75], "texture": "#0"},
				"down": {"uv": [9.25, 5.625, 9.375, 5.75], "texture": "#0"}
			}
		},
		{
			"name": "crescent_rose_118",
			"from": [9.75, 10, 8.15],
			"to": [9.875, 10.625, 8.275],
			"faces": {
				"north": {"uv": [11.625, 5.625, 11.5, 6.25], "texture": "#0"},
				"east": {"uv": [11.5, 5.625, 11.625, 6.25], "texture": "#0"},
				"south": {"uv": [11.5, 5.625, 11.625, 6.25], "texture": "#0"},
				"west": {"uv": [11.5, 5.625, 11.625, 6.25], "texture": "#0"},
				"up": {"uv": [11.5, 5.625, 11.625, 5.75], "texture": "#0"},
				"down": {"uv": [11.5, 6.125, 11.625, 6.25], "texture": "#0"}
			}
		},
		{
			"name": "crescent_rose_119",
			"from": [2.125, 11, 8.15],
			"to": [2.25, 12.5, 8.275],
			"faces": {
				"north": {"uv": [2.25, 5.75, 2.125, 7.25], "texture": "#0"},
				"east": {"uv": [2.125, 5.75, 2.25, 7.25], "texture": "#0"},
				"south": {"uv": [2.125, 5.75, 2.25, 7.25], "texture": "#0"},
				"west": {"uv": [2.125, 5.75, 2.25, 7.25], "texture": "#0"},
				"up": {"uv": [2.125, 5.75, 2.25, 5.875], "texture": "#0"},
				"down": {"uv": [2.125, 7.125, 2.25, 7.25], "texture": "#0"}
			}
		},
		{
			"name": "crescent_rose_120",
			"from": [2.875, 12, 8.15],
			"to": [3, 12.5, 8.275],
			"faces": {
				"north": {"uv": [3, 5.75, 2.875, 6.25], "texture": "#0"},
				"east": {"uv": [2.875, 5.75, 3, 6.25], "texture": "#0"},
				"south": {"uv": [2.875, 5.75, 3, 6.25], "texture": "#0"},
				"west": {"uv": [2.875, 5.75, 3, 6.25], "texture": "#0"},
				"up": {"uv": [2.875, 5.75, 3, 5.875], "texture": "#0"},
				"down": {"uv": [2.875, 6.125, 3, 6.25], "texture": "#0"}
			}
		},
		{
			"name": "crescent_rose_121",
			"from": [8.25, 8.5, 7.9],
			"to": [8.375, 10.5, 8.425],
			"faces": {
				"north": {"uv": [8.125, 5.75, 8, 7.75], "texture": "#0"},
				"east": {"uv": [8, 5.75, 8.125, 7.75], "texture": "#0"},
				"south": {"uv": [8, 5.75, 8.125, 7.75], "texture": "#0"},
				"west": {"uv": [8, 5.75, 8.125, 7.75], "texture": "#0"},
				"up": {"uv": [8, 5.75, 8.125, 5.875], "texture": "#0"},
				"down": {"uv": [8, 7.625, 8.125, 7.75], "texture": "#0"}
			}
		},
		{
			"name": "crescent_rose_122",
			"from": [3, 12.125, 8.15],
			"to": [3.25, 12.375, 8.275],
			"faces": {
				"north": {"uv": [3.25, 5.875, 3, 6.125], "texture": "#0"},
				"east": {"uv": [3.125, 5.875, 3.25, 6.125], "texture": "#0"},
				"south": {"uv": [3, 5.875, 3.25, 6.125], "texture": "#0"},
				"west": {"uv": [3, 5.875, 3.125, 6.125], "texture": "#0"},
				"up": {"uv": [3, 5.875, 3.25, 6], "texture": "#0"},
				"down": {"uv": [3, 6, 3.25, 6.125], "texture": "#0"}
			}
		},
		{
			"name": "crescent_rose_123",
			"from": [7.75, 9.125, 7.9],
			"to": [7.875, 10.375, 8.425],
			"faces": {
				"north": {"uv": [7.625, 5.875, 7.5, 7.125], "texture": "#0"},
				"east": {"uv": [7.5, 5.875, 7.625, 7.125], "texture": "#0"},
				"south": {"uv": [7.5, 5.875, 7.625, 7.125], "texture": "#0"},
				"west": {"uv": [7.5, 5.875, 7.625, 7.125], "texture": "#0"},
				"up": {"uv": [7.5, 5.875, 7.625, 6], "texture": "#0"},
				"down": {"uv": [7.5, 7, 7.625, 7.125], "texture": "#0"}
			}
		},
		{
			"name": "crescent_rose_124",
			"from": [2, 10.75, 8.15],
			"to": [2.125, 12.25, 8.275],
			"faces": {
				"north": {"uv": [2.125, 6, 2, 7.5], "texture": "#0"},
				"east": {"uv": [2, 6, 2.125, 7.5], "texture": "#0"},
				"south": {"uv": [2, 6, 2.125, 7.5], "texture": "#0"},
				"west": {"uv": [2, 6, 2.125, 7.5], "texture": "#0"},
				"up": {"uv": [2, 6, 2.125, 6.125], "texture": "#0"},
				"down": {"uv": [2, 7.375, 2.125, 7.5], "texture": "#0"}
			}
		},
		{
			"name": "crescent_rose_125",
			"from": [3.25, 12.125, 8.15],
			"to": [3.375, 12.25, 8.275],
			"faces": {
				"north": {"uv": [3.375, 6, 3.25, 6.125], "texture": "#0"},
				"east": {"uv": [3.25, 6, 3.375, 6.125], "texture": "#0"},
				"south": {"uv": [3.25, 6, 3.375, 6.125], "texture": "#0"},
				"west": {"uv": [3.25, 6, 3.375, 6.125], "texture": "#0"},
				"up": {"uv": [3.25, 6, 3.375, 6.125], "texture": "#0"},
				"down": {"uv": [3.25, 6, 3.375, 6.125], "texture": "#0"}
			}
		},
		{
			"name": "crescent_rose_126",
			"from": [7.875, 8.25, 7.9],
			"to": [8, 10.25, 8.425],
			"faces": {
				"north": {"uv": [7.75, 6, 7.625, 8], "texture": "#0"},
				"east": {"uv": [7.625, 6, 7.75, 8], "texture": "#0"},
				"south": {"uv": [7.625, 6, 7.75, 8], "texture": "#0"},
				"west": {"uv": [7.625, 6, 7.75, 8], "texture": "#0"},
				"up": {"uv": [7.625, 6, 7.75, 6.125], "texture": "#0"},
				"down": {"uv": [7.625, 7.875, 7.75, 8], "texture": "#0"}
			}
		},
		{
			"name": "crescent_rose_127",
			"from": [8, 7.75, 7.85],
			"to": [8.25, 10.25, 8.475],
			"faces": {
				"north": {"uv": [9.25, 6, 9, 8.5], "texture": "#0"},
				"east": {"uv": [9.125, 6, 9.25, 8.5], "texture": "#0"},
				"south": {"uv": [9, 6, 9.25, 8.5], "texture": "#0"},
				"west": {"uv": [9, 6, 9.125, 8.5], "texture": "#0"},
				"up": {"uv": [9, 6, 9.25, 6.125], "texture": "#0"},
				"down": {"uv": [9, 8.375, 9.25, 8.5], "texture": "#0"}
			}
		},
		{
			"name": "crescent_rose_128",
			"from": [1.875, 10.5, 8.15],
			"to": [2, 11.875, 8.275],
			"faces": {
				"north": {"uv": [2, 6.375, 1.875, 7.75], "texture": "#0"},
				"east": {"uv": [1.875, 6.375, 2, 7.75], "texture": "#0"},
				"south": {"uv": [1.875, 6.375, 2, 7.75], "texture": "#0"},
				"west": {"uv": [1.875, 6.375, 2, 7.75], "texture": "#0"},
				"up": {"uv": [1.875, 6.375, 2, 6.5], "texture": "#0"},
				"down": {"uv": [1.875, 7.625, 2, 7.75], "texture": "#0"}
			}
		},
		{
			"name": "crescent_rose_129",
			"from": [7.5, 9.25, 8],
			"to": [7.75, 9.5, 8.325],
			"faces": {
				"north": {"uv": [7.25, 6.5, 7, 6.75], "texture": "#0"},
				"east": {"uv": [7.125, 6.5, 7.25, 6.75], "texture": "#0"},
				"south": {"uv": [7, 6.5, 7.25, 6.75], "texture": "#0"},
				"west": {"uv": [7, 6.5, 7.125, 6.75], "texture": "#0"},
				"up": {"uv": [7, 6.5, 7.25, 6.625], "texture": "#0"},
				"down": {"uv": [7, 6.625, 7.25, 6.75], "texture": "#0"}
			}
		},
		{
			"name": "crescent_rose_130",
			"from": [7.625, 8.25, 8],
			"to": [7.75, 9.25, 8.325],
			"faces": {
				"north": {"uv": [7.25, 6.75, 7.125, 7.75], "texture": "#0"},
				"east": {"uv": [7.125, 6.75, 7.25, 7.75], "texture": "#0"},
				"south": {"uv": [7.125, 6.75, 7.25, 7.75], "texture": "#0"},
				"west": {"uv": [7.125, 6.75, 7.25, 7.75], "texture": "#0"},
				"up": {"uv": [7.125, 6.75, 7.25, 6.875], "texture": "#0"},
				"down": {"uv": [7.125, 7.625, 7.25, 7.75], "texture": "#0"}
			}
		},
		{
			"name": "crescent_rose_131",
			"from": [1.75, 11, 8.15],
			"to": [1.875, 11.375, 8.275],
			"faces": {
				"north": {"uv": [1.875, 6.875, 1.75, 7.25], "texture": "#0"},
				"east": {"uv": [1.75, 6.875, 1.875, 7.25], "texture": "#0"},
				"south": {"uv": [1.75, 6.875, 1.875, 7.25], "texture": "#0"},
				"west": {"uv": [1.75, 6.875, 1.875, 7.25], "texture": "#0"},
				"up": {"uv": [1.75, 6.875, 1.875, 7], "texture": "#0"},
				"down": {"uv": [1.75, 7.125, 1.875, 7.25], "texture": "#0"}
			}
		},
		{
			"name": "crescent_rose_132",
			"from": [7.5, 8.25, 8],
			"to": [7.625, 8.5, 8.325],
			"faces": {
				"north": {"uv": [7.125, 7.5, 7, 7.75], "texture": "#0"},
				"east": {"uv": [7, 7.5, 7.125, 7.75], "texture": "#0"},
				"south": {"uv": [7, 7.5, 7.125, 7.75], "texture": "#0"},
				"west": {"uv": [7, 7.5, 7.125, 7.75], "texture": "#0"},
				"up": {"uv": [7, 7.5, 7.125, 7.625], "texture": "#0"},
				"down": {"uv": [7, 7.625, 7.125, 7.75], "texture": "#0"}
			}
		},
		{
			"name": "crescent_rose_133",
			"from": [7.75, 8.25, 7.9],
			"to": [7.875, 8.5, 8.425],
			"faces": {
				"north": {"uv": [7.625, 7.75, 7.5, 8], "texture": "#0"},
				"east": {"uv": [7.5, 7.75, 7.625, 8], "texture": "#0"},
				"south": {"uv": [7.5, 7.75, 7.625, 8], "texture": "#0"},
				"west": {"uv": [7.5, 7.75, 7.625, 8], "texture": "#0"},
				"up": {"uv": [7.5, 7.75, 7.625, 7.875], "texture": "#0"},
				"down": {"uv": [7.5, 7.875, 7.625, 8], "texture": "#0"}
			}
		},
		{
			"name": "crescent_rose_134",
			"from": [8.25, 7.875, 7.85],
			"to": [8.5, 8.5, 8.475],
			"faces": {
				"north": {"uv": [9.5, 7.75, 9.25, 8.375], "texture": "#0"},
				"east": {"uv": [9.375, 7.75, 9.5, 8.375], "texture": "#0"},
				"south": {"uv": [9.25, 7.75, 9.5, 8.375], "texture": "#0"},
				"west": {"uv": [9.25, 7.75, 9.375, 8.375], "texture": "#0"},
				"up": {"uv": [9.25, 7.75, 9.5, 7.875], "texture": "#0"},
				"down": {"uv": [9.25, 8.25, 9.5, 8.375], "texture": "#0"}
			}
		},
		{
			"name": "crescent_rose_135",
			"from": [7.875, 0.25, 8],
			"to": [8.375, 4, 8.325],
			"faces": {
				"north": {"uv": [6.375, 8, 5.875, 11.75], "texture": "#0"},
				"east": {"uv": [6.25, 8, 6.375, 11.75], "texture": "#0"},
				"south": {"uv": [5.875, 8, 6.375, 11.75], "texture": "#0"},
				"west": {"uv": [5.875, 8, 6, 11.75], "texture": "#0"},
				"up": {"uv": [5.875, 8, 6.375, 8.125], "texture": "#0"},
				"down": {"uv": [5.875, 11.625, 6.375, 11.75], "texture": "#0"}
			}
		},
		{
			"name": "crescent_rose_136",
			"from": [7.625, 7.625, 7.85],
			"to": [8, 8.25, 8.475],
			"faces": {
				"north": {"uv": [9, 8, 8.625, 8.625], "texture": "#0"},
				"east": {"uv": [8.875, 8, 9, 8.625], "texture": "#0"},
				"south": {"uv": [8.625, 8, 9, 8.625], "texture": "#0"},
				"west": {"uv": [8.625, 8, 8.75, 8.625], "texture": "#0"},
				"up": {"uv": [8.625, 8, 9, 8.125], "texture": "#0"},
				"down": {"uv": [8.625, 8.5, 9, 8.625], "texture": "#0"}
			}
		},
		{
			"name": "crescent_rose_137",
			"from": [7.5, 7.625, 7.85],
			"to": [7.625, 8.125, 8.475],
			"faces": {
				"north": {"uv": [8.625, 8.125, 8.5, 8.625], "texture": "#0"},
				"east": {"uv": [8.5, 8.125, 8.625, 8.625], "texture": "#0"},
				"south": {"uv": [8.5, 8.125, 8.625, 8.625], "texture": "#0"},
				"west": {"uv": [8.5, 8.125, 8.625, 8.625], "texture": "#0"},
				"up": {"uv": [8.5, 8.125, 8.625, 8.25], "texture": "#0"},
				"down": {"uv": [8.5, 8.5, 8.625, 8.625], "texture": "#0"}
			}
		},
		{
			"name": "crescent_rose_138",
			"from": [8.375, 4, 7.9],
			"to": [8.5, 7.875, 8.425],
			"faces": {
				"north": {"uv": [8.25, 8.375, 8.125, 12.25], "texture": "#0"},
				"east": {"uv": [8.125, 8.375, 8.25, 12.25], "texture": "#0"},
				"south": {"uv": [8.125, 8.375, 8.25, 12.25], "texture": "#0"},
				"west": {"uv": [8.125, 8.375, 8.25, 12.25], "texture": "#0"},
				"up": {"uv": [8.125, 8.375, 8.25, 8.5], "texture": "#0"},
				"down": {"uv": [8.125, 12.125, 8.25, 12.25], "texture": "#0"}
			}
		},
		{
			"name": "crescent_rose_139",
			"from": [8.25, 7.75, 7.85],
			"to": [8.375, 7.875, 8.475],
			"faces": {
				"north": {"uv": [9.375, 8.375, 9.25, 8.5], "texture": "#0"},
				"east": {"uv": [9.25, 8.375, 9.375, 8.5], "texture": "#0"},
				"south": {"uv": [9.25, 8.375, 9.375, 8.5], "texture": "#0"},
				"west": {"uv": [9.25, 8.375, 9.375, 8.5], "texture": "#0"},
				"up": {"uv": [9.25, 8.375, 9.375, 8.5], "texture": "#0"},
				"down": {"uv": [9.25, 8.375, 9.375, 8.5], "texture": "#0"}
			}
		},
		{
			"name": "crescent_rose_140",
			"from": [8.125, 4, 7.9],
			"to": [8.375, 7.75, 8.425],
			"faces": {
				"north": {"uv": [8.125, 8.5, 7.875, 12.25], "texture": "#0"},
				"east": {"uv": [8, 8.5, 8.125, 12.25], "texture": "#0"},
				"south": {"uv": [7.875, 8.5, 8.125, 12.25], "texture": "#0"},
				"west": {"uv": [7.875, 8.5, 8, 12.25], "texture": "#0"},
				"up": {"uv": [7.875, 8.5, 8.125, 8.625], "texture": "#0"},
				"down": {"uv": [7.875, 12.125, 8.125, 12.25], "texture": "#0"}
			}
		},
		{
			"name": "crescent_rose_141",
			"from": [8, 6.375, 7.85],
			"to": [8.125, 7.75, 8.475],
			"faces": {
				"north": {"uv": [9.125, 8.5, 9, 9.875], "texture": "#0"},
				"east": {"uv": [9, 8.5, 9.125, 9.875], "texture": "#0"},
				"south": {"uv": [9, 8.5, 9.125, 9.875], "texture": "#0"},
				"west": {"uv": [9, 8.5, 9.125, 9.875], "texture": "#0"},
				"up": {"uv": [9, 8.5, 9.125, 8.625], "texture": "#0"},
				"down": {"uv": [9, 9.75, 9.125, 9.875], "texture": "#0"}
			}
		},
		{
			"name": "crescent_rose_142",
			"from": [7.75, 6.25, 7.85],
			"to": [8, 7.625, 8.475],
			"faces": {
				"north": {"uv": [9, 8.625, 8.75, 10], "texture": "#0"},
				"east": {"uv": [8.875, 8.625, 9, 10], "texture": "#0"},
				"south": {"uv": [8.75, 8.625, 9, 10], "texture": "#0"},
				"west": {"uv": [8.75, 8.625, 8.875, 10], "texture": "#0"},
				"up": {"uv": [8.75, 8.625, 9, 8.75], "texture": "#0"},
				"down": {"uv": [8.75, 9.875, 9, 10], "texture": "#0"}
			}
		},
		{
			"name": "crescent_rose_143",
			"from": [7.125, 6.5, 7.95],
			"to": [7.75, 7, 8.375],
			"faces": {
				"north": {"uv": [7.25, 9.25, 6.625, 9.75], "texture": "#0"},
				"east": {"uv": [7.125, 9.25, 7.25, 9.75], "texture": "#0"},
				"south": {"uv": [6.625, 9.25, 7.25, 9.75], "texture": "#0"},
				"west": {"uv": [6.625, 9.25, 6.75, 9.75], "texture": "#0"},
				"up": {"uv": [6.625, 9.25, 7.25, 9.375], "texture": "#0"},
				"down": {"uv": [6.625, 9.625, 7.25, 9.75], "texture": "#0"}
			}
		},
		{
			"name": "crescent_rose_144",
			"from": [7.25, 6.125, 7.95],
			"to": [7.75, 6.5, 8.375],
			"faces": {
				"north": {"uv": [7.25, 9.75, 6.75, 10.125], "texture": "#0"},
				"east": {"uv": [7.125, 9.75, 7.25, 10.125], "texture": "#0"},
				"south": {"uv": [6.75, 9.75, 7.25, 10.125], "texture": "#0"},
				"west": {"uv": [6.75, 9.75, 6.875, 10.125], "texture": "#0"},
				"up": {"uv": [6.75, 9.75, 7.25, 9.875], "texture": "#0"},
				"down": {"uv": [6.75, 10, 7.25, 10.125], "texture": "#0"}
			}
		},
		{
			"name": "crescent_rose_145",
			"from": [8, 4, 7.9],
			"to": [8.125, 6.375, 8.425],
			"faces": {
				"north": {"uv": [7.875, 9.875, 7.75, 12.25], "texture": "#0"},
				"east": {"uv": [7.75, 9.875, 7.875, 12.25], "texture": "#0"},
				"south": {"uv": [7.75, 9.875, 7.875, 12.25], "texture": "#0"},
				"west": {"uv": [7.75, 9.875, 7.875, 12.25], "texture": "#0"},
				"up": {"uv": [7.75, 9.875, 7.875, 10], "texture": "#0"},
				"down": {"uv": [7.75, 12.125, 7.875, 12.25], "texture": "#0"}
			}
		},
		{
			"name": "crescent_rose_146",
			"from": [7.875, 4, 7.9],
			"to": [8, 6.25, 8.425],
			"faces": {
				"north": {"uv": [7.75, 10, 7.625, 12.25], "texture": "#0"},
				"east": {"uv": [7.625, 10, 7.75, 12.25], "texture": "#0"},
				"south": {"uv": [7.625, 10, 7.75, 12.25], "texture": "#0"},
				"west": {"uv": [7.625, 10, 7.75, 12.25], "texture": "#0"},
				"up": {"uv": [7.625, 10, 7.75, 10.125], "texture": "#0"},
				"down": {"uv": [7.625, 12.125, 7.75, 12.25], "texture": "#0"}
			}
		},
		{
			"name": "crescent_rose_147",
			"from": [7.75, 6.125, 7.85],
			"to": [7.875, 6.25, 8.475],
			"faces": {
				"north": {"uv": [8.875, 10, 8.75, 10.125], "texture": "#0"},
				"east": {"uv": [8.75, 10, 8.875, 10.125], "texture": "#0"},
				"south": {"uv": [8.75, 10, 8.875, 10.125], "texture": "#0"},
				"west": {"uv": [8.75, 10, 8.875, 10.125], "texture": "#0"},
				"up": {"uv": [8.75, 10, 8.875, 10.125], "texture": "#0"},
				"down": {"uv": [8.75, 10, 8.875, 10.125], "texture": "#0"}
			}
		},
		{
			"name": "crescent_rose_148",
			"from": [7.375, 5.75, 7.95],
			"to": [7.75, 6.125, 8.375],
			"faces": {
				"north": {"uv": [7.25, 10.125, 6.875, 10.5], "texture": "#0"},
				"east": {"uv": [7.125, 10.125, 7.25, 10.5], "texture": "#0"},
				"south": {"uv": [6.875, 10.125, 7.25, 10.5], "texture": "#0"},
				"west": {"uv": [6.875, 10.125, 7, 10.5], "texture": "#0"},
				"up": {"uv": [6.875, 10.125, 7.25, 10.25], "texture": "#0"},
				"down": {"uv": [6.875, 10.375, 7.25, 10.5], "texture": "#0"}
			}
		},
		{
			"name": "crescent_rose_149",
			"from": [7.75, 4, 7.9],
			"to": [7.875, 6.125, 8.425],
			"faces": {
				"north": {"uv": [7.625, 10.125, 7.5, 12.25], "texture": "#0"},
				"east": {"uv": [7.5, 10.125, 7.625, 12.25], "texture": "#0"},
				"south": {"uv": [7.5, 10.125, 7.625, 12.25], "texture": "#0"},
				"west": {"uv": [7.5, 10.125, 7.625, 12.25], "texture": "#0"},
				"up": {"uv": [7.5, 10.125, 7.625, 10.25], "texture": "#0"},
				"down": {"uv": [7.5, 12.125, 7.625, 12.25], "texture": "#0"}
			}
		},
		{
			"name": "crescent_rose_150",
			"from": [8.625, 4.125, 7.9],
			"to": [8.75, 5, 8.425],
			"faces": {
				"north": {"uv": [8.75, 11.25, 8.625, 12.125], "texture": "#0"},
				"east": {"uv": [8.625, 11.25, 8.75, 12.125], "texture": "#0"},
				"south": {"uv": [8.625, 11.25, 8.75, 12.125], "texture": "#0"},
				"west": {"uv": [8.625, 11.25, 8.75, 12.125], "texture": "#0"},
				"up": {"uv": [8.625, 11.25, 8.75, 11.375], "texture": "#0"},
				"down": {"uv": [8.625, 12, 8.75, 12.125], "texture": "#0"}
			}
		},
		{
			"name": "crescent_rose_151",
			"from": [8.5, 4.375, 7.9],
			"to": [8.625, 4.75, 8.425],
			"faces": {
				"north": {"uv": [8.625, 11.5, 8.5, 11.875], "texture": "#0"},
				"east": {"uv": [8.5, 11.5, 8.625, 11.875], "texture": "#0"},
				"south": {"uv": [8.5, 11.5, 8.625, 11.875], "texture": "#0"},
				"west": {"uv": [8.5, 11.5, 8.625, 11.875], "texture": "#0"},
				"up": {"uv": [8.5, 11.5, 8.625, 11.625], "texture": "#0"},
				"down": {"uv": [8.5, 11.75, 8.625, 11.875], "texture": "#0"}
			}
		},
		{
			"name": "crescent_rose_152",
			"from": [7.75, -0.875, 7.9],
			"to": [8.5, 0.25, 8.425],
			"faces": {
				"north": {"uv": [6.5, 12, 5.75, 13.125], "texture": "#0"},
				"east": {"uv": [6.375, 12, 6.5, 13.125], "texture": "#0"},
				"south": {"uv": [5.75, 12, 6.5, 13.125], "texture": "#0"},
				"west": {"uv": [5.75, 12, 5.875, 13.125], "texture": "#0"},
				"up": {"uv": [5.75, 12, 6.5, 12.125], "texture": "#0"},
				"down": {"uv": [5.75, 13, 6.5, 13.125], "texture": "#0"}
			}
		},
		{
			"name": "crescent_rose_153",
			"from": [8, -2.75, 7.9],
			"to": [8.25, -0.875, 8.425],
			"faces": {
				"north": {"uv": [6.25, 13.125, 6, 15], "texture": "#0"},
				"east": {"uv": [6.125, 13.125, 6.25, 15], "texture": "#0"},
				"south": {"uv": [6, 13.125, 6.25, 15], "texture": "#0"},
				"west": {"uv": [6, 13.125, 6.125, 15], "texture": "#0"},
				"up": {"uv": [6, 13.125, 6.25, 13.25], "texture": "#0"},
				"down": {"uv": [6, 14.875, 6.25, 15], "texture": "#0"}
			}
		},
		{
			"name": "crescent_rose_154",
			"from": [7.625, -1.625, 8],
			"to": [8, -1.125, 8.125],
			"faces": {
				"north": {"uv": [7.25, 13.375, 6.875, 13.875], "texture": "#0"},
				"east": {"uv": [7.125, 13.375, 7.25, 13.875], "texture": "#0"},
				"south": {"uv": [6.875, 13.375, 7.25, 13.875], "texture": "#0"},
				"west": {"uv": [6.875, 13.375, 7, 13.875], "texture": "#0"},
				"up": {"uv": [6.875, 13.375, 7.25, 13.5], "texture": "#0"},
				"down": {"uv": [6.875, 13.75, 7.25, 13.875], "texture": "#0"}
			}
		},
		{
			"name": "crescent_rose_155",
			"from": [8.25, -1.625, 8],
			"to": [8.625, -1.125, 8.125],
			"faces": {
				"north": {"uv": [7.875, 13.375, 7.5, 13.875], "texture": "#0"},
				"east": {"uv": [7.75, 13.375, 7.875, 13.875], "texture": "#0"},
				"south": {"uv": [7.5, 13.375, 7.875, 13.875], "texture": "#0"},
				"west": {"uv": [7.5, 13.375, 7.625, 13.875], "texture": "#0"},
				"up": {"uv": [7.5, 13.375, 7.875, 13.5], "texture": "#0"},
				"down": {"uv": [7.5, 13.75, 7.875, 13.875], "texture": "#0"}
			}
		},
		{
			"name": "crescent_rose_156",
			"from": [7.625, -2.25, 8],
			"to": [8, -1.75, 8.125],
			"faces": {
				"north": {"uv": [7.25, 14, 6.875, 14.5], "texture": "#0"},
				"east": {"uv": [7.125, 14, 7.25, 14.5], "texture": "#0"},
				"south": {"uv": [6.875, 14, 7.25, 14.5], "texture": "#0"},
				"west": {"uv": [6.875, 14, 7, 14.5], "texture": "#0"},
				"up": {"uv": [6.875, 14, 7.25, 14.125], "texture": "#0"},
				"down": {"uv": [6.875, 14.375, 7.25, 14.5], "texture": "#0"}
			}
		},
		{
			"name": "crescent_rose_157",
			"from": [8.25, -2.25, 8],
			"to": [8.625, -1.75, 8.125],
			"faces": {
				"north": {"uv": [7.875, 14, 7.5, 14.5], "texture": "#0"},
				"east": {"uv": [7.75, 14, 7.875, 14.5], "texture": "#0"},
				"south": {"uv": [7.5, 14, 7.875, 14.5], "texture": "#0"},
				"west": {"uv": [7.5, 14, 7.625, 14.5], "texture": "#0"},
				"up": {"uv": [7.5, 14, 7.875, 14.125], "texture": "#0"},
				"down": {"uv": [7.5, 14.375, 7.875, 14.5], "texture": "#0"}
			}
		},
		{
			"name": "crescent_rose_158",
			"from": [7.75, -2.625, 8],
			"to": [8, -2.25, 8.125],
			"faces": {
				"north": {"uv": [7.25, 14.5, 7, 14.875], "texture": "#0"},
				"east": {"uv": [7.125, 14.5, 7.25, 14.875], "texture": "#0"},
				"south": {"uv": [7, 14.5, 7.25, 14.875], "texture": "#0"},
				"west": {"uv": [7, 14.5, 7.125, 14.875], "texture": "#0"},
				"up": {"uv": [7, 14.5, 7.25, 14.625], "texture": "#0"},
				"down": {"uv": [7, 14.75, 7.25, 14.875], "texture": "#0"}
			}
		},
		{
			"name": "crescent_rose_159",
			"from": [8.25, -2.625, 8],
			"to": [8.5, -2.25, 8.125],
			"faces": {
				"north": {"uv": [7.75, 14.5, 7.5, 14.875], "texture": "#0"},
				"east": {"uv": [7.625, 14.5, 7.75, 14.875], "texture": "#0"},
				"south": {"uv": [7.5, 14.5, 7.75, 14.875], "texture": "#0"},
				"west": {"uv": [7.5, 14.5, 7.625, 14.875], "texture": "#0"},
				"up": {"uv": [7.5, 14.5, 7.75, 14.625], "texture": "#0"},
				"down": {"uv": [7.5, 14.75, 7.75, 14.875], "texture": "#0"}
			}
		},
		{
			"name": "crescent_rose_160",
			"from": [7.875, -3, 8],
			"to": [8, -2.625, 8.125],
			"faces": {
				"north": {"uv": [7.25, 14.875, 7.125, 15.25], "texture": "#0"},
				"east": {"uv": [7.125, 14.875, 7.25, 15.25], "texture": "#0"},
				"south": {"uv": [7.125, 14.875, 7.25, 15.25], "texture": "#0"},
				"west": {"uv": [7.125, 14.875, 7.25, 15.25], "texture": "#0"},
				"up": {"uv": [7.125, 14.875, 7.25, 15], "texture": "#0"},
				"down": {"uv": [7.125, 15.125, 7.25, 15.25], "texture": "#0"}
			}
		},
		{
			"name": "crescent_rose_161",
			"from": [8.25, -3, 8],
			"to": [8.375, -2.625, 8.125],
			"faces": {
				"north": {"uv": [7.625, 14.875, 7.5, 15.25], "texture": "#0"},
				"east": {"uv": [7.5, 14.875, 7.625, 15.25], "texture": "#0"},
				"south": {"uv": [7.5, 14.875, 7.625, 15.25], "texture": "#0"},
				"west": {"uv": [7.5, 14.875, 7.625, 15.25], "texture": "#0"},
				"up": {"uv": [7.5, 14.875, 7.625, 15], "texture": "#0"},
				"down": {"uv": [7.5, 15.125, 7.625, 15.25], "texture": "#0"}
			}
		},
		{
			"name": "crescent_rose_162",
			"from": [8, -3.5, 8],
			"to": [8.25, -2.75, 8.125],
			"faces": {
				"north": {"uv": [7.5, 15, 7.25, 15.75], "texture": "#0"},
				"east": {"uv": [7.375, 15, 7.5, 15.75], "texture": "#0"},
				"south": {"uv": [7.25, 15, 7.5, 15.75], "texture": "#0"},
				"west": {"uv": [7.25, 15, 7.375, 15.75], "texture": "#0"},
				"up": {"uv": [7.25, 15, 7.5, 15.125], "texture": "#0"},
				"down": {"uv": [7.25, 15.625, 7.5, 15.75], "texture": "#0"}
			}
		}
	],
	"gui_light": "front",
	"display": {
		"thirdperson_righthand": {
			"rotation": [0, -90, 0],
			"translation": [0, 0.5, 1],
			"scale": [2.5, 2.5, 2]
		},
		"thirdperson_lefthand": {
			"rotation": [0, 90, 0],
			"translation": [0, 0.5, 1],
			"scale": [2.5, 2.5, 2]
		},
		"firstperson_righthand": {
			"rotation": [0, -90, -4],
			"translation": [1.25, 3.25, 1.25],
			"scale": [1.75, 1.75, 1.75]
		},
		"firstperson_lefthand": {
			"rotation": [0, 90, 4],
			"translation": [1.5, 4.25, 0.25],
			"scale": [1.75, 1.75, 1.75]
		},
		"ground": {
			"translation": [0, 8.5, 0],
			"scale": [2.5, 2.5, 2.5]
		},
		"gui": {
			"rotation": [0, 0, -46],
			"translation": [-0.25, -1.5, 0],
			"scale": [1.25, 1.25, 1]
		},
		"head": {
			"rotation": [0, 0, 134],
			"translation": [-3.25, -17.75, 3.5],
			"scale": [3, 3, 3]
		},
		"fixed": {
			"rotation": [-180, 0, 138],
			"translation": [-1.25, 1.75, -0.75],
			"scale": [4, 4, 3]
		}
	},
	"groups": [
		{
			"name": "crescent_rose",
			"origin": [8, 8, 8],
			"color": 0,
			"children": [
				0,
				1,
				2,
				3,
				4,
				5,
				6,
				7,
				8,
				9,
				10,
				11,
				12,
				13,
				14,
				15,
				16,
				17,
				18,
				19,
				20,
				21,
				22,
				23,
				24,
				25,
				26,
				27,
				28,
				29,
				30,
				31,
				32,
				33,
				34,
				35,
				36,
				37,
				38,
				39,
				40,
				41,
				42,
				43,
				44,
				45,
				46,
				47,
				48,
				49,
				50,
				51,
				52,
				53,
				54,
				55,
				56,
				57,
				58,
				59,
				60,
				61,
				62,
				63,
				64,
				65,
				66,
				67,
				68,
				69,
				70,
				71,
				72,
				73,
				74,
				75,
				76,
				77,
				78,
				79,
				80,
				81,
				82,
				83,
				84,
				85,
				86,
				87,
				88,
				89,
				90,
				91,
				92,
				93,
				94,
				95,
				96,
				97,
				98,
				99,
				100,
				101,
				102,
				103,
				104,
				105,
				106,
				107,
				108,
				109,
				110,
				111,
				112,
				113,
				114,
				115,
				116,
				117,
				118,
				119,
				120,
				121,
				122,
				123,
				124,
				125,
				126,
				127,
				128,
				129,
				130,
				131,
				132,
				133,
				134,
				135,
				136,
				137,
				138,
				139,
				140,
				141,
				142,
				143,
				144,
				145,
				146,
				147,
				148,
				149,
				150,
				151,
				152,
				153,
				154,
				155,
				156,
				157,
				158,
				159,
				160,
				161,
				162
			]
		}
	]
}