{
	"format_version": "1.21.11",
	"credit": "Made with Blockbench",
	"texture_size": [32, 32],
	"textures": {
		"1": "item/demonic_flames",
		"2": "item/demonicblade",
		"particle": "item/demonic_flames"
	},
	"elements": [
		{
			"from": [8, 0, 8],
			"to": [8.75, 5.75, 8.5],
			"faces": {
				"north": {"uv": [7.75, 10.875, 8.125, 13.75], "texture": "#2"},
				"east": {"uv": [7.875, 10.875, 8.125, 13.75], "texture": "#2"},
				"south": {"uv": [7.75, 10.875, 8.125, 13.75], "texture": "#2"},
				"west": {"uv": [7.875, 10.875, 8.125, 13.75], "texture": "#2"},
				"up": {"uv": [8.625, 11.25, 8.75, 11.375], "texture": "#2"},
				"down": {"uv": [8.625, 11.25, 8.75, 11.375], "texture": "#2"}
			}
		},
		{
			"from": [7.75, 0.25, 8],
			"to": [8, 0.75, 8.5],
			"faces": {
				"north": {"uv": [8.125, 13.375, 8.25, 13.625], "texture": "#2"},
				"south": {"uv": [7.625, 13.375, 7.75, 13.625], "texture": "#2"},
				"west": {"uv": [8.625, 11.25, 8.75, 11.375], "texture": "#2"},
				"up": {"uv": [8.625, 11.25, 8.75, 11.375], "texture": "#2"},
				"down": {"uv": [8.625, 11.25, 8.75, 11.375], "texture": "#2"}
			}
		},
		{
			"from": [8.75, 0.25, 8],
			"to": [9, 0.75, 8.5],
			"faces": {
				"north": {"uv": [7.625, 13.375, 7.75, 13.625], "texture": "#2"},
				"east": {"uv": [8.625, 11.25, 8.75, 11.375], "texture": "#2"},
				"south": {"uv": [8.125, 13.375, 8.25, 13.625], "texture": "#2"},
				"up": {"uv": [8.625, 11.25, 8.75, 11.375], "texture": "#2"},
				"down": {"uv": [8.625, 11.25, 8.75, 11.375], "texture": "#2"}
			}
		},
		{
			"from": [8.75, 4.25, 8],
			"to": [9, 5.25, 8.5],
			"faces": {
				"north": {"uv": [7.625, 11.125, 7.75, 11.625], "texture": "#2"},
				"east": {"uv": [8.625, 11.25, 8.75, 11.375], "texture": "#2"},
				"south": {"uv": [8.125, 11.125, 8.25, 11.625], "texture": "#2"},
				"up": {"uv": [8.625, 11.25, 8.75, 11.375], "texture": "#2"},
				"down": {"uv": [8.625, 11.25, 8.75, 11.375], "texture": "#2"}
			}
		},
		{
			"from": [9, 4, 8],
			"to": [9.25, 5, 8.5],
			"faces": {
				"north": {"uv": [7.5, 11.25, 7.625, 11.75], "texture": "#2"},
				"east": {"uv": [8.625, 11.25, 8.75, 11.375], "texture": "#2"},
				"south": {"uv": [8.25, 11.25, 8.375, 11.75], "texture": "#2"},
				"west": {"uv": [8.625, 11.25, 8.75, 11.375], "texture": "#2"},
				"up": {"uv": [8.625, 11.25, 8.75, 11.375], "texture": "#2"},
				"down": {"uv": [8.625, 11.25, 8.75, 11.375], "texture": "#2"}
			}
		},
		{
			"from": [7.5, 4, 8],
			"to": [7.75, 5, 8.5],
			"faces": {
				"north": {"uv": [8.25, 11.25, 8.375, 11.75], "texture": "#2"},
				"east": {"uv": [8.625, 11.25, 8.75, 11.375], "texture": "#2"},
				"south": {"uv": [7.5, 11.25, 7.625, 11.75], "texture": "#2"},
				"west": {"uv": [8.625, 11.25, 8.75, 11.375], "texture": "#2"},
				"up": {"uv": [8.625, 11.25, 8.75, 11.375], "texture": "#2"},
				"down": {"uv": [8.625, 11.25, 8.75, 11.375], "texture": "#2"}
			}
		},
		{
			"from": [9.25, 4, 8],
			"to": [9.5, 4.75, 8.5],
			"faces": {
				"north": {"uv": [7.375, 11.375, 7.5, 11.75], "texture": "#2"},
				"east": {"uv": [8.625, 11.25, 8.75, 11.375], "texture": "#2"},
				"south": {"uv": [8.375, 11.375, 8.5, 11.75], "texture": "#2"},
				"up": {"uv": [8.625, 11.25, 8.75, 11.375], "texture": "#2"},
				"down": {"uv": [8.625, 11.25, 8.75, 11.375], "texture": "#2"}
			}
		},
		{
			"from": [7.25, 4, 8],
			"to": [7.5, 4.75, 8.5],
			"faces": {
				"north": {"uv": [8.375, 11.375, 8.5, 11.75], "texture": "#2"},
				"south": {"uv": [7.375, 11.375, 7.5, 11.75], "texture": "#2"},
				"west": {"uv": [8.625, 11.25, 8.75, 11.375], "texture": "#2"},
				"up": {"uv": [8.625, 11.25, 8.75, 11.375], "texture": "#2"},
				"down": {"uv": [8.625, 11.25, 8.75, 11.375], "texture": "#2"}
			}
		},
		{
			"from": [9.5, 4.25, 8],
			"to": [10, 5, 8.5],
			"faces": {
				"north": {"uv": [7.125, 11.25, 7.375, 11.625], "texture": "#2"},
				"east": {"uv": [8.625, 11.25, 8.75, 11.375], "texture": "#2"},
				"south": {"uv": [8.5, 11.25, 8.75, 11.625], "texture": "#2"},
				"west": {"uv": [8.625, 11.25, 8.75, 11.375], "texture": "#2"},
				"up": {"uv": [8.625, 11.25, 8.75, 11.375], "texture": "#2"},
				"down": {"uv": [8.625, 11.25, 8.75, 11.375], "texture": "#2"}
			}
		},
		{
			"from": [6.75, 4.25, 8],
			"to": [7.25, 5, 8.5],
			"faces": {
				"north": {"uv": [8.5, 11.25, 8.75, 11.625], "texture": "#2"},
				"east": {"uv": [8.625, 11.25, 8.75, 11.375], "texture": "#2"},
				"south": {"uv": [7.125, 11.25, 7.375, 11.625], "texture": "#2"},
				"west": {"uv": [8.625, 11.25, 8.75, 11.375], "texture": "#2"},
				"up": {"uv": [8.625, 11.25, 8.75, 11.375], "texture": "#2"},
				"down": {"uv": [8.625, 11.25, 8.75, 11.375], "texture": "#2"}
			}
		},
		{
			"from": [7.75, 4.25, 8],
			"to": [8, 5.25, 8.5],
			"faces": {
				"north": {"uv": [8.125, 11.125, 8.25, 11.625], "texture": "#2"},
				"south": {"uv": [7.625, 11.125, 7.75, 11.625], "texture": "#2"},
				"west": {"uv": [8.625, 11.25, 8.75, 11.375], "texture": "#2"},
				"up": {"uv": [8.625, 11.25, 8.75, 11.375], "texture": "#2"},
				"down": {"uv": [8.625, 11.25, 8.75, 11.375], "texture": "#2"}
			}
		},
		{
			"from": [8, 5.75, 8],
			"to": [8.25, 6, 8.5],
			"faces": {
				"north": {"uv": [8, 10.75, 8.125, 10.875], "texture": "#2"},
				"east": {"uv": [8.625, 11.25, 8.75, 11.375], "texture": "#2"},
				"south": {"uv": [7.75, 10.75, 7.875, 10.875], "texture": "#2"},
				"up": {"uv": [8.625, 11.25, 8.75, 11.375], "texture": "#2"}
			}
		},
		{
			"from": [8.5, 5.75, 8],
			"to": [8.75, 6, 8.5],
			"faces": {
				"north": {"uv": [7.75, 10.75, 7.875, 10.875], "texture": "#2"},
				"south": {"uv": [8, 10.75, 8.125, 10.875], "texture": "#2"},
				"west": {"uv": [8.625, 11.25, 8.75, 11.375], "texture": "#2"},
				"up": {"uv": [8.625, 11.25, 8.75, 11.375], "texture": "#2"}
			}
		},
		{
			"from": [8.5, 6.25, 8],
			"to": [8.75, 6.5, 8.5],
			"faces": {
				"north": {"uv": [7.75, 10.5, 7.875, 10.625], "texture": "#2"},
				"south": {"uv": [8, 10.5, 8.125, 10.625], "texture": "#2"},
				"west": {"uv": [8.625, 11.25, 8.75, 11.375], "texture": "#2"},
				"down": {"uv": [8.625, 11.25, 8.75, 11.375], "texture": "#2"}
			}
		},
		{
			"from": [8, 6.25, 8],
			"to": [8.25, 6.5, 8.5],
			"faces": {
				"north": {"uv": [8, 10.5, 8.125, 10.625], "texture": "#2"},
				"east": {"uv": [8.625, 11.25, 8.75, 11.375], "texture": "#2"},
				"south": {"uv": [7.75, 10.5, 7.875, 10.625], "texture": "#2"},
				"down": {"uv": [8.625, 11.25, 8.75, 11.375], "texture": "#2"}
			}
		},
		{
			"from": [8, 6.5, 8],
			"to": [8.75, 7.25, 8.5],
			"faces": {
				"north": {"uv": [7.75, 10.125, 8.125, 10.5], "texture": "#2"},
				"east": {"uv": [8.625, 11.25, 8.75, 11.375], "texture": "#2"},
				"south": {"uv": [7.75, 10.125, 8.125, 10.5], "texture": "#2"},
				"west": {"uv": [8.625, 11.25, 8.75, 11.375], "texture": "#2"},
				"up": {"uv": [8.625, 11.25, 8.75, 11.375], "texture": "#2"},
				"down": {"uv": [8.625, 11.25, 8.75, 11.375], "texture": "#2"}
			}
		},
		{
			"from": [8.25, 7.25, 8],
			"to": [8.5, 8.5, 8.5],
			"faces": {
				"north": {"uv": [7.875, 9.5, 8, 10.125], "texture": "#2"},
				"east": {"uv": [8.625, 11.25, 8.75, 11.375], "texture": "#2"},
				"south": {"uv": [7.875, 9.5, 8, 10.125], "texture": "#2"},
				"west": {"uv": [8.625, 11.25, 8.75, 11.375], "texture": "#2"},
				"up": {"uv": [8.625, 11.25, 8.75, 11.375], "texture": "#2"}
			}
		},
		{
			"from": [8.75, 5.5, 8],
			"to": [9, 7, 8.5],
			"faces": {
				"north": {"uv": [7.625, 10.25, 7.75, 11], "texture": "#2"},
				"east": {"uv": [8.625, 11.25, 8.75, 11.375], "texture": "#2"},
				"south": {"uv": [8.125, 10.25, 8.25, 11], "texture": "#2"},
				"west": {"uv": [8.625, 11.25, 8.75, 11.375], "texture": "#2"},
				"up": {"uv": [8.625, 11.25, 8.75, 11.375], "texture": "#2"},
				"down": {"uv": [8.625, 11.25, 8.75, 11.375], "texture": "#2"}
			}
		},
		{
			"from": [7.75, 5.5, 8],
			"to": [8, 7, 8.5],
			"faces": {
				"north": {"uv": [8.125, 10.25, 8.25, 11], "texture": "#2"},
				"east": {"uv": [8.625, 11.25, 8.75, 11.375], "texture": "#2"},
				"south": {"uv": [7.625, 10.25, 7.75, 11], "texture": "#2"},
				"west": {"uv": [8.625, 11.25, 8.75, 11.375], "texture": "#2"},
				"up": {"uv": [8.625, 11.25, 8.75, 11.375], "texture": "#2"},
				"down": {"uv": [8.625, 11.25, 8.75, 11.375], "texture": "#2"}
			}
		},
		{
			"from": [9, 5.75, 8],
			"to": [9.25, 6.75, 8.5],
			"faces": {
				"north": {"uv": [7.5, 10.375, 7.625, 10.875], "texture": "#2"},
				"east": {"uv": [8.625, 11.25, 8.75, 11.375], "texture": "#2"},
				"south": {"uv": [8.25, 10.375, 8.375, 10.875], "texture": "#2"},
				"up": {"uv": [8.625, 11.25, 8.75, 11.375], "texture": "#2"},
				"down": {"uv": [8.625, 11.25, 8.75, 11.375], "texture": "#2"}
			}
		},
		{
			"from": [7.5, 5.75, 8],
			"to": [7.75, 6.75, 8.5],
			"faces": {
				"north": {"uv": [8.25, 10.375, 8.375, 10.875], "texture": "#2"},
				"south": {"uv": [7.5, 10.375, 7.625, 10.875], "texture": "#2"},
				"west": {"uv": [8.625, 11.25, 8.75, 11.375], "texture": "#2"},
				"up": {"uv": [8.625, 11.25, 8.75, 11.375], "texture": "#2"},
				"down": {"uv": [8.625, 11.25, 8.75, 11.375], "texture": "#2"}
			}
		},
		{
			"from": [9.25, 6, 8],
			"to": [10, 6.5, 8.5],
			"faces": {
				"north": {"uv": [7.375, 10.5, 7.5, 10.75], "texture": "#2"},
				"east": {"uv": [8.625, 11.25, 8.75, 11.375], "texture": "#2"},
				"south": {"uv": [8.375, 10.5, 8.5, 10.75], "texture": "#2"},
				"up": {"uv": [8.625, 11.25, 8.75, 11.375], "texture": "#2"},
				"down": {"uv": [8.625, 11.25, 8.75, 11.375], "texture": "#2"}
			}
		},
		{
			"from": [6.75, 6, 8],
			"to": [7.5, 6.5, 8.5],
			"faces": {
				"north": {"uv": [8.375, 10.5, 8.5, 10.75], "texture": "#2"},
				"south": {"uv": [7.375, 10.5, 7.5, 10.75], "texture": "#2"},
				"west": {"uv": [8.625, 11.25, 8.75, 11.375], "texture": "#2"},
				"up": {"uv": [8.625, 11.25, 8.75, 11.375], "texture": "#2"},
				"down": {"uv": [8.625, 11.25, 8.75, 11.375], "texture": "#2"}
			}
		},
		{
			"from": [6.5, 6.25, 8],
			"to": [7, 6.75, 8.5],
			"faces": {
				"north": {"uv": [8.75, 10.5, 8.875, 10.625], "texture": "#2"},
				"east": {"uv": [7.25, 10.625, 7.375, 10.75], "texture": "#2"},
				"south": {"uv": [7.5, 10.75, 7.375, 10.625], "texture": "#2"},
				"west": {"uv": [8.625, 10.5, 8.75, 10.625], "texture": "#2"},
				"up": {"uv": [8.5, 10.5, 8.625, 10.625], "texture": "#2"},
				"down": {"uv": [8.625, 10.625, 8.75, 10.75], "texture": "#2"}
			}
		},
		{
			"from": [9.75, 6.25, 8],
			"to": [10.25, 6.75, 8.5],
			"faces": {
				"north": {"uv": [7.125, 10.625, 7.25, 10.75], "texture": "#2"},
				"east": {"uv": [8.25, 10.375, 8.375, 10.5], "texture": "#2"},
				"south": {"uv": [8.5, 10.5, 8.625, 10.625], "texture": "#2"},
				"west": {"uv": [8.625, 10.5, 8.75, 10.625], "texture": "#2"},
				"up": {"uv": [8.625, 10.375, 8.75, 10.5], "texture": "#2"},
				"down": {"uv": [8.375, 10.5, 8.5, 10.625], "texture": "#2"}
			}
		},
		{
			"from": [7.75, 7, 8.19],
			"to": [9, 17.25, 8.315],
			"faces": {
				"north": {"uv": [7.625, 5.125, 8.25, 10.25], "texture": "#2"},
				"east": {"uv": [8.125, 7.125, 8.25, 7.25], "texture": "#2"},
				"south": {"uv": [7.625, 5.125, 8.25, 10.25], "texture": "#2"},
				"west": {"uv": [8.125, 7.125, 8.25, 7.25], "texture": "#2"},
				"up": {"uv": [7.625, 5.125, 7.75, 5.25], "texture": "#2"}
			}
		},
		{
			"from": [8, 7.25, 8.125],
			"to": [8.75, 18.25, 8.375],
			"faces": {
				"north": {"uv": [7.75, 4.625, 8.125, 10.125], "texture": "#2"},
				"east": {"uv": [8, 4.5, 8.125, 4.625], "texture": "#2"},
				"south": {"uv": [7.75, 4.625, 8.125, 10.125], "texture": "#2"},
				"west": {"uv": [8, 4.5, 8.125, 4.625], "texture": "#2"},
				"up": {"uv": [8, 4.75, 8.125, 4.875], "texture": "#2"}
			}
		},
		{
			"from": [8.25, 18.25, 8.125],
			"to": [8.5, 18.75, 8.375],
			"faces": {
				"north": {"uv": [7.875, 4.375, 8, 4.625], "texture": "#2"},
				"east": {"uv": [8, 4.75, 8.125, 4.875], "texture": "#2"},
				"south": {"uv": [7.875, 4.375, 8, 4.625], "texture": "#2"},
				"west": {"uv": [8, 4.75, 8.125, 4.875], "texture": "#2"},
				"up": {"uv": [8, 4.75, 8.125, 4.875], "texture": "#2"}
			}
		},
		{
			"from": [9, 7, 8.19],
			"to": [9.25, 9.5, 8.315],
			"faces": {
				"north": {"uv": [7.5, 9, 7.625, 10.25], "texture": "#2"},
				"east": {"uv": [8.125, 7.125, 8.25, 7.25], "texture": "#2"},
				"south": {"uv": [8.25, 9, 8.375, 10.25], "texture": "#2"},
				"up": {"uv": [8.125, 7.125, 8.25, 7.25], "texture": "#2"},
				"down": {"uv": [8.125, 7.125, 8.25, 7.25], "texture": "#2"}
			}
		},
		{
			"from": [7.5, 7, 8.19],
			"to": [7.75, 9.5, 8.315],
			"faces": {
				"north": {"uv": [8.25, 9, 8.375, 10.25], "texture": "#2"},
				"south": {"uv": [7.5, 9, 7.625, 10.25], "texture": "#2"},
				"west": {"uv": [8.125, 7.125, 8.25, 7.25], "texture": "#2"},
				"up": {"uv": [8.125, 7.125, 8.25, 7.25], "texture": "#2"},
				"down": {"uv": [8.125, 7.125, 8.25, 7.25], "texture": "#2"}
			}
		},
		{
			"from": [8, 18.25, 8.19],
			"to": [8.75, 18.75, 8.315],
			"faces": {
				"north": {"uv": [7.75, 4.375, 8.125, 4.625], "texture": "#2"},
				"east": {"uv": [7.875, 4.25, 8, 4.375], "texture": "#2"},
				"south": {"uv": [7.75, 4.375, 8.125, 4.625], "texture": "#2"},
				"west": {"uv": [7.75, 4.5, 7.875, 4.625], "texture": "#2"},
				"up": {"uv": [7.75, 4.375, 7.875, 4.5], "texture": "#2"}
			}
		},
		{
			"from": [8.25, 18.75, 8.19],
			"to": [8.5, 19.25, 8.315],
			"faces": {
				"north": {"uv": [7.875, 4.125, 8, 4.375], "texture": "#2"},
				"east": {"uv": [7.875, 4.25, 8, 4.375], "texture": "#2"},
				"south": {"uv": [7.875, 4.125, 8, 4.375], "texture": "#2"},
				"west": {"uv": [7.875, 4.25, 8, 4.375], "texture": "#2"},
				"up": {"uv": [7.875, 4.125, 8, 4.25], "texture": "#2"}
			}
		},
		{
			"from": [9.25, 6.75, 8.19],
			"to": [9.5, 8.25, 8.315],
			"faces": {
				"north": {"uv": [7.25, 9.75, 7.375, 10.5], "texture": "#2"},
				"east": {"uv": [8.125, 7.125, 8.25, 7.25], "texture": "#2"},
				"south": {"uv": [8.375, 9.625, 8.5, 10.375], "texture": "#2"},
				"west": {"uv": [8.125, 7.125, 8.25, 7.25], "texture": "#2"},
				"up": {"uv": [8.125, 7.125, 8.25, 7.25], "texture": "#2"},
				"down": {"uv": [8.125, 7.125, 8.25, 7.25], "texture": "#2"}
			}
		},
		{
			"from": [7.25, 6.75, 8.19],
			"to": [7.5, 8.25, 8.315],
			"faces": {
				"north": {"uv": [8.375, 9.625, 8.5, 10.375], "texture": "#2"},
				"east": {"uv": [8.125, 7.125, 8.25, 7.25], "texture": "#2"},
				"south": {"uv": [7.25, 9.75, 7.375, 10.5], "texture": "#2"},
				"west": {"uv": [8.125, 7.125, 8.25, 7.25], "texture": "#2"},
				"up": {"uv": [8.125, 7.125, 8.25, 7.25], "texture": "#2"},
				"down": {"uv": [8.125, 7.125, 8.25, 7.25], "texture": "#2"}
			}
		},
		{
			"from": [9.5, 6.5, 8.19],
			"to": [9.75, 8, 8.315],
			"faces": {
				"north": {"uv": [7.25, 9.75, 7.375, 10.5], "texture": "#2"},
				"east": {"uv": [8.125, 7.125, 8.25, 7.25], "texture": "#2"},
				"south": {"uv": [8.5, 9.75, 8.625, 10.5], "texture": "#2"},
				"west": {"uv": [8.125, 7.125, 8.25, 7.25], "texture": "#2"},
				"up": {"uv": [8.125, 7.125, 8.25, 7.25], "texture": "#2"}
			}
		},
		{
			"from": [7, 6.5, 8.19],
			"to": [7.25, 8, 8.315],
			"faces": {
				"north": {"uv": [8.5, 9.75, 8.625, 10.5], "texture": "#2"},
				"east": {"uv": [8.125, 7.125, 8.25, 7.25], "texture": "#2"},
				"south": {"uv": [7.25, 9.75, 7.375, 10.5], "texture": "#2"},
				"west": {"uv": [8.125, 7.125, 8.25, 7.25], "texture": "#2"},
				"up": {"uv": [8.125, 7.125, 8.25, 7.25], "texture": "#2"}
			}
		},
		{
			"from": [9.75, 6.75, 8.19],
			"to": [10, 7.75, 8.315],
			"faces": {
				"north": {"uv": [7.125, 9.875, 7.25, 10.375], "texture": "#2"},
				"east": {"uv": [8.125, 7.125, 8.25, 7.25], "texture": "#2"},
				"south": {"uv": [8.625, 9.875, 8.75, 10.375], "texture": "#2"},
				"up": {"uv": [8.125, 7.125, 8.25, 7.25], "texture": "#2"}
			}
		},
		{
			"from": [6.75, 6.75, 8.19],
			"to": [7, 7.75, 8.315],
			"faces": {
				"north": {"uv": [8.625, 9.875, 8.75, 10.375], "texture": "#2"},
				"south": {"uv": [7.125, 9.875, 7.25, 10.375], "texture": "#2"},
				"west": {"uv": [8.125, 7.125, 8.25, 7.25], "texture": "#2"},
				"up": {"uv": [8.125, 7.125, 8.25, 7.25], "texture": "#2"}
			}
		},
		{
			"from": [10, 7, 8.19],
			"to": [10.25, 8.5, 8.315],
			"faces": {
				"north": {"uv": [7, 10, 7.125, 10.25], "texture": "#2"},
				"east": {"uv": [8.125, 7.125, 8.25, 7.25], "texture": "#2"},
				"south": {"uv": [8.75, 10, 8.875, 10.25], "texture": "#2"},
				"west": {"uv": [0, 0, 0.25, 0.375], "texture": "#2"},
				"up": {"uv": [8.125, 7.125, 8.25, 7.25], "texture": "#2"},
				"down": {"uv": [8.125, 7.125, 8.25, 7.25], "texture": "#2"}
			}
		},
		{
			"from": [6.5, 7, 8.19],
			"to": [6.75, 8.5, 8.315],
			"faces": {
				"north": {"uv": [8.75, 10, 8.875, 10.25], "texture": "#2"},
				"east": {"uv": [7, 9.75, 7.125, 10], "texture": "#2"},
				"south": {"uv": [7, 10, 7.125, 10.25], "texture": "#2"},
				"west": {"uv": [8.125, 7.125, 8.25, 7.25], "texture": "#2"},
				"up": {"uv": [8.125, 7.125, 8.25, 7.25], "texture": "#2"},
				"down": {"uv": [8.125, 7.125, 8.25, 7.25], "texture": "#2"}
			}
		},
		{
			"from": [0.25, 5.25, 9.25],
			"to": [8.25, 21.25, 9.25],
			
			"faces": {
				"north": {"uv": [0, 0, 0, 16], "texture": "#1"},
				"south": {"uv": [0, 0, 8, 16], "texture": "#1"}
			}
		},
		{
			"from": [8.25, 5.25, 9.25],
			"to": [16.25, 21.25, 9.25],
			"faces": {
				"north": {"uv": [0, 0, 0, 16], "texture": "#1"},
				"south": {"uv": [8, 0, 16, 16], "texture": "#1"}
			}
		},
		{
			"from": [0.25, 5.25, 7.25],
			"to": [8.25, 21.25, 7.25],
			"faces": {
				"north": {"uv": [8, 0, 0, 16], "texture": "#1"},
				"south": {"uv": [0, 0, 0, 16], "texture": "#1"}
			}
		},
		{
			"from": [8.25, 5.25, 7.25],
			"to": [16.25, 21.25, 7.25],
			"faces": {
				"north": {"uv": [16, 0, 8, 16], "texture": "#1"},
				"south": {"uv": [0, 0, 0, 16], "texture": "#1"}
			}
		}
	],
	"display": {
		"thirdperson_righthand": {
			"rotation": [0, -90, 0],
			"translation": [0.4, 6.836, 1],
			"scale": [1.67, 1.67, 1.67]
		},
		"thirdperson_lefthand": {
			"rotation": [0, 90, 0],
			"translation": [-0.4, 6.836, 1],
			"scale": [1.67, 1.67, 1.67]
		},
		"firstperson_righthand": {
			"rotation": [17, -90, 9],
			"translation": [2.6, 5, -1.008],
			"scale": [1.5, 1.5, 1.5]
		},
		"firstperson_lefthand": {
			"rotation": [17, 90, -9],
			"translation": [2.85, 5, -2.758],
			"scale": [1.5, 1.5, 1.5]
		},
		"ground": {
			"rotation": [0, 0, -45],
			"translation": [0, 3.3956, 0],
			"scale": [1.5, 1.5, 1.5]
		},
		"gui": {
			"rotation": [0, 0, -45],
			"translation": [-1, -0.5, 0],
			"scale": [1.2, 1.2, 1.2]
		},
		"head": {
			"rotation": [0, 0, 45],
			"translation": [0, 19, 0],
			"scale": [2, 2, 2]
		},
		"fixed": {
			"rotation": [0, 0, 45],
			"translation": [-1.25, -0.5, -2],
			"scale": [2.62, 2.62, 2.62]
		}
	},
	"groups": [
		{
			"name": "hilt",
			"origin": [8, 8, 8],
			"color": 0,
			"children": []
		},
		0,
		1,
		2,
		3,
		4,
		5,
		6,
		7,
		8,
		9,
		10,
		11,
		12,
		13,
		14,
		15,
		16,
		17,
		18,
		19,
		20,
		21,
		22,
		23,
		24,
		{
			"name": "blade",
			"origin": [8, 8, 8],
			"color": 0,
			"children": [25, 26, 27, 28, 29, 30, 31, 32, 33, 34, 35, 36, 37, 38, 39]
		},
		40,
		41,
		42,
		43
	]
}