{
	"format_version": "1.21.11",
	"credit": "Made with Blockbench",
	"textures": {
		"0": "item/divine_justice",
		"particle": "item/divine_justice"
	},
	"elements": [
		{
			"name": "divine_justice_0",
			"from": [7.875, 13.625, 8],
			"to": [8, 15.25, 8.125],
			"faces": {
				"north": {"uv": [8, 0.5, 7.875, 2.125], "texture": "#0"},
				"east": {"uv": [7.875, 0.5, 8, 2.125], "texture": "#0"},
				"south": {"uv": [7.875, 0.5, 8, 2.125], "texture": "#0"},
				"west": {"uv": [7.875, 0.5, 8, 2.125], "texture": "#0"},
				"up": {"uv": [7.875, 0.5, 8, 0.625], "texture": "#0"},
				"down": {"uv": [7.875, 2, 8, 2.125], "texture": "#0"}
			}
		},
		{
			"name": "divine_justice_1",
			"from": [7.75, 13.125, 8],
			"to": [7.875, 14.875, 8.125],
			"faces": {
				"north": {"uv": [7.875, 0.875, 7.75, 2.625], "texture": "#0"},
				"east": {"uv": [7.75, 0.875, 7.875, 2.625], "texture": "#0"},
				"south": {"uv": [7.75, 0.875, 7.875, 2.625], "texture": "#0"},
				"west": {"uv": [7.75, 0.875, 7.875, 2.625], "texture": "#0"},
				"up": {"uv": [7.75, 0.875, 7.875, 1], "texture": "#0"},
				"down": {"uv": [7.75, 2.5, 7.875, 2.625], "texture": "#0"}
			}
		},
		{
			"name": "divine_justice_2",
			"from": [8, 13.125, 8],
			"to": [8.125, 14.875, 8.125],
			"faces": {
				"north": {"uv": [8.125, 0.875, 8, 2.625], "texture": "#0"},
				"east": {"uv": [8, 0.875, 8.125, 2.625], "texture": "#0"},
				"south": {"uv": [8, 0.875, 8.125, 2.625], "texture": "#0"},
				"west": {"uv": [8, 0.875, 8.125, 2.625], "texture": "#0"},
				"up": {"uv": [8, 0.875, 8.125, 1], "texture": "#0"},
				"down": {"uv": [8, 2.5, 8.125, 2.625], "texture": "#0"}
			}
		},
		{
			"name": "divine_justice_3",
			"from": [7.625, 12.5, 8],
			"to": [7.75, 14.375, 8.125],
			"faces": {
				"north": {"uv": [7.75, 1.375, 7.625, 3.25], "texture": "#0"},
				"east": {"uv": [7.625, 1.375, 7.75, 3.25], "texture": "#0"},
				"south": {"uv": [7.625, 1.375, 7.75, 3.25], "texture": "#0"},
				"west": {"uv": [7.625, 1.375, 7.75, 3.25], "texture": "#0"},
				"up": {"uv": [7.625, 1.375, 7.75, 1.5], "texture": "#0"},
				"down": {"uv": [7.625, 3.125, 7.75, 3.25], "texture": "#0"}
			}
		},
		{
			"name": "divine_justice_4",
			"from": [8.125, 12.5, 8],
			"to": [8.25, 14.375, 8.125],
			"faces": {
				"north": {"uv": [8.25, 1.375, 8.125, 3.25], "texture": "#0"},
				"east": {"uv": [8.125, 1.375, 8.25, 3.25], "texture": "#0"},
				"south": {"uv": [8.125, 1.375, 8.25, 3.25], "texture": "#0"},
				"west": {"uv": [8.125, 1.375, 8.25, 3.25], "texture": "#0"},
				"up": {"uv": [8.125, 1.375, 8.25, 1.5], "texture": "#0"},
				"down": {"uv": [8.125, 3.125, 8.25, 3.25], "texture": "#0"}
			}
		},
		{
			"name": "divine_justice_5",
			"from": [7.5, 12.125, 8],
			"to": [7.625, 13.875, 8.125],
			"faces": {
				"north": {"uv": [7.625, 1.875, 7.5, 3.625], "texture": "#0"},
				"east": {"uv": [7.5, 1.875, 7.625, 3.625], "texture": "#0"},
				"south": {"uv": [7.5, 1.875, 7.625, 3.625], "texture": "#0"},
				"west": {"uv": [7.5, 1.875, 7.625, 3.625], "texture": "#0"},
				"up": {"uv": [7.5, 1.875, 7.625, 2], "texture": "#0"},
				"down": {"uv": [7.5, 3.5, 7.625, 3.625], "texture": "#0"}
			}
		},
		{
			"name": "divine_justice_6",
			"from": [8.25, 12.125, 8],
			"to": [8.375, 13.875, 8.125],
			"faces": {
				"north": {"uv": [8.375, 1.875, 8.25, 3.625], "texture": "#0"},
				"east": {"uv": [8.25, 1.875, 8.375, 3.625], "texture": "#0"},
				"south": {"uv": [8.25, 1.875, 8.375, 3.625], "texture": "#0"},
				"west": {"uv": [8.25, 1.875, 8.375, 3.625], "texture": "#0"},
				"up": {"uv": [8.25, 1.875, 8.375, 2], "texture": "#0"},
				"down": {"uv": [8.25, 3.5, 8.375, 3.625], "texture": "#0"}
			}
		},
		{
			"name": "divine_justice_7",
			"from": [7.875, 12.25, 7.95],
			"to": [8, 13.625, 8.175],
			"faces": {
				"north": {"uv": [9.75, 2.375, 9.625, 3.75], "texture": "#0"},
				"east": {"uv": [9.625, 2.375, 9.75, 3.75], "texture": "#0"},
				"south": {"uv": [9.625, 2.375, 9.75, 3.75], "texture": "#0"},
				"west": {"uv": [9.625, 2.375, 9.75, 3.75], "texture": "#0"},
				"up": {"uv": [9.625, 2.375, 9.75, 2.5], "texture": "#0"},
				"down": {"uv": [9.625, 3.625, 9.75, 3.75], "texture": "#0"}
			}
		},
		{
			"name": "divine_justice_8",
			"from": [7.375, 12.375, 8],
			"to": [7.5, 13.25, 8.125],
			"faces": {
				"north": {"uv": [7.5, 2.5, 7.375, 3.375], "texture": "#0"},
				"east": {"uv": [7.375, 2.5, 7.5, 3.375], "texture": "#0"},
				"south": {"uv": [7.375, 2.5, 7.5, 3.375], "texture": "#0"},
				"west": {"uv": [7.375, 2.5, 7.5, 3.375], "texture": "#0"},
				"up": {"uv": [7.375, 2.5, 7.5, 2.625], "texture": "#0"},
				"down": {"uv": [7.375, 3.25, 7.5, 3.375], "texture": "#0"}
			}
		},
		{
			"name": "divine_justice_9",
			"from": [8.375, 12.375, 8],
			"to": [8.5, 13.25, 8.125],
			"faces": {
				"north": {"uv": [8.5, 2.5, 8.375, 3.375], "texture": "#0"},
				"east": {"uv": [8.375, 2.5, 8.5, 3.375], "texture": "#0"},
				"south": {"uv": [8.375, 2.5, 8.5, 3.375], "texture": "#0"},
				"west": {"uv": [8.375, 2.5, 8.5, 3.375], "texture": "#0"},
				"up": {"uv": [8.375, 2.5, 8.5, 2.625], "texture": "#0"},
				"down": {"uv": [8.375, 3.25, 8.5, 3.375], "texture": "#0"}
			}
		},
		{
			"name": "divine_justice_10",
			"from": [7.25, 12.5, 8],
			"to": [7.375, 13, 8.125],
			"faces": {
				"north": {"uv": [7.375, 2.75, 7.25, 3.25], "texture": "#0"},
				"east": {"uv": [7.25, 2.75, 7.375, 3.25], "texture": "#0"},
				"south": {"uv": [7.25, 2.75, 7.375, 3.25], "texture": "#0"},
				"west": {"uv": [7.25, 2.75, 7.375, 3.25], "texture": "#0"},
				"up": {"uv": [7.25, 2.75, 7.375, 2.875], "texture": "#0"},
				"down": {"uv": [7.25, 3.125, 7.375, 3.25], "texture": "#0"}
			}
		},
		{
			"name": "divine_justice_11",
			"from": [8.5, 12.5, 8],
			"to": [8.625, 13, 8.125],
			"faces": {
				"north": {"uv": [8.625, 2.75, 8.5, 3.25], "texture": "#0"},
				"east": {"uv": [8.5, 2.75, 8.625, 3.25], "texture": "#0"},
				"south": {"uv": [8.5, 2.75, 8.625, 3.25], "texture": "#0"},
				"west": {"uv": [8.5, 2.75, 8.625, 3.25], "texture": "#0"},
				"up": {"uv": [8.5, 2.75, 8.625, 2.875], "texture": "#0"},
				"down": {"uv": [8.5, 3.125, 8.625, 3.25], "texture": "#0"}
			}
		},
		{
			"name": "divine_justice_12",
			"from": [7.75, 12.25, 7.95],
			"to": [7.875, 13.125, 8.175],
			"faces": {
				"north": {"uv": [9.625, 2.875, 9.5, 3.75], "texture": "#0"},
				"east": {"uv": [9.5, 2.875, 9.625, 3.75], "texture": "#0"},
				"south": {"uv": [9.5, 2.875, 9.625, 3.75], "texture": "#0"},
				"west": {"uv": [9.5, 2.875, 9.625, 3.75], "texture": "#0"},
				"up": {"uv": [9.5, 2.875, 9.625, 3], "texture": "#0"},
				"down": {"uv": [9.5, 3.625, 9.625, 3.75], "texture": "#0"}
			}
		},
		{
			"name": "divine_justice_13",
			"from": [8, 12.25, 7.95],
			"to": [8.125, 13.125, 8.175],
			"faces": {
				"north": {"uv": [9.875, 2.875, 9.75, 3.75], "texture": "#0"},
				"east": {"uv": [9.75, 2.875, 9.875, 3.75], "texture": "#0"},
				"south": {"uv": [9.75, 2.875, 9.875, 3.75], "texture": "#0"},
				"west": {"uv": [9.75, 2.875, 9.875, 3.75], "texture": "#0"},
				"up": {"uv": [9.75, 2.875, 9.875, 3], "texture": "#0"},
				"down": {"uv": [9.75, 3.625, 9.875, 3.75], "texture": "#0"}
			}
		},
		{
			"name": "divine_justice_14",
			"from": [7.125, 12.625, 8],
			"to": [7.25, 12.75, 8.125],
			"faces": {
				"north": {"uv": [7.25, 3, 7.125, 3.125], "texture": "#0"},
				"east": {"uv": [7.125, 3, 7.25, 3.125], "texture": "#0"},
				"south": {"uv": [7.125, 3, 7.25, 3.125], "texture": "#0"},
				"west": {"uv": [7.125, 3, 7.25, 3.125], "texture": "#0"},
				"up": {"uv": [7.125, 3, 7.25, 3.125], "texture": "#0"},
				"down": {"uv": [7.125, 3, 7.25, 3.125], "texture": "#0"}
			}
		},
		{
			"name": "divine_justice_15",
			"from": [8.625, 12.875, 8],
			"to": [8.75, 13, 8.125],
			"faces": {
				"north": {"uv": [8.75, 3, 8.625, 3.125], "texture": "#0"},
				"east": {"uv": [8.625, 3, 8.75, 3.125], "texture": "#0"},
				"south": {"uv": [8.625, 3, 8.75, 3.125], "texture": "#0"},
				"west": {"uv": [8.625, 3, 8.75, 3.125], "texture": "#0"},
				"up": {"uv": [8.625, 3, 8.75, 3.125], "texture": "#0"},
				"down": {"uv": [8.625, 3, 8.75, 3.125], "texture": "#0"}
			}
		},
		{
			"name": "divine_justice_16",
			"from": [7.25, 12.375, 7.95],
			"to": [7.375, 12.5, 8.175],
			"faces": {
				"north": {"uv": [7.125, 3.5, 7, 3.625], "texture": "#0"},
				"east": {"uv": [7, 3.5, 7.125, 3.625], "texture": "#0"},
				"south": {"uv": [7, 3.5, 7.125, 3.625], "texture": "#0"},
				"west": {"uv": [7, 3.5, 7.125, 3.625], "texture": "#0"},
				"up": {"uv": [7, 3.5, 7.125, 3.625], "texture": "#0"},
				"down": {"uv": [7, 3.5, 7.125, 3.625], "texture": "#0"}
			}
		},
		{
			"name": "divine_justice_17",
			"from": [8.5, 12.375, 7.95],
			"to": [8.625, 12.5, 8.175],
			"faces": {
				"north": {"uv": [8.875, 3.5, 8.75, 3.625], "texture": "#0"},
				"east": {"uv": [8.75, 3.5, 8.875, 3.625], "texture": "#0"},
				"south": {"uv": [8.75, 3.5, 8.875, 3.625], "texture": "#0"},
				"west": {"uv": [8.75, 3.5, 8.875, 3.625], "texture": "#0"},
				"up": {"uv": [8.75, 3.5, 8.875, 3.625], "texture": "#0"},
				"down": {"uv": [8.75, 3.5, 8.875, 3.625], "texture": "#0"}
			}
		},
		{
			"name": "divine_justice_18",
			"from": [7.625, 12.125, 7.95],
			"to": [7.75, 12.5, 8.175],
			"faces": {
				"north": {"uv": [9.5, 3.5, 9.375, 3.875], "texture": "#0"},
				"east": {"uv": [9.375, 3.5, 9.5, 3.875], "texture": "#0"},
				"south": {"uv": [9.375, 3.5, 9.5, 3.875], "texture": "#0"},
				"west": {"uv": [9.375, 3.5, 9.5, 3.875], "texture": "#0"},
				"up": {"uv": [9.375, 3.5, 9.5, 3.625], "texture": "#0"},
				"down": {"uv": [9.375, 3.75, 9.5, 3.875], "texture": "#0"}
			}
		},
		{
			"name": "divine_justice_19",
			"from": [8.125, 12.125, 7.95],
			"to": [8.25, 12.5, 8.175],
			"faces": {
				"north": {"uv": [10, 3.5, 9.875, 3.875], "texture": "#0"},
				"east": {"uv": [9.875, 3.5, 10, 3.875], "texture": "#0"},
				"south": {"uv": [9.875, 3.5, 10, 3.875], "texture": "#0"},
				"west": {"uv": [9.875, 3.5, 10, 3.875], "texture": "#0"},
				"up": {"uv": [9.875, 3.5, 10, 3.625], "texture": "#0"},
				"down": {"uv": [9.875, 3.75, 10, 3.875], "texture": "#0"}
			}
		},
		{
			"name": "divine_justice_20",
			"from": [7.375, 12, 7.95],
			"to": [7.5, 12.375, 8.175],
			"faces": {
				"north": {"uv": [7.25, 3.625, 7.125, 4], "texture": "#0"},
				"east": {"uv": [7.125, 3.625, 7.25, 4], "texture": "#0"},
				"south": {"uv": [7.125, 3.625, 7.25, 4], "texture": "#0"},
				"west": {"uv": [7.125, 3.625, 7.25, 4], "texture": "#0"},
				"up": {"uv": [7.125, 3.625, 7.25, 3.75], "texture": "#0"},
				"down": {"uv": [7.125, 3.875, 7.25, 4], "texture": "#0"}
			}
		},
		{
			"name": "divine_justice_21",
			"from": [8.375, 12, 7.95],
			"to": [8.5, 12.375, 8.175],
			"faces": {
				"north": {"uv": [8.75, 3.625, 8.625, 4], "texture": "#0"},
				"east": {"uv": [8.625, 3.625, 8.75, 4], "texture": "#0"},
				"south": {"uv": [8.625, 3.625, 8.75, 4], "texture": "#0"},
				"west": {"uv": [8.625, 3.625, 8.75, 4], "texture": "#0"},
				"up": {"uv": [8.625, 3.625, 8.75, 3.75], "texture": "#0"},
				"down": {"uv": [8.625, 3.875, 8.75, 4], "texture": "#0"}
			}
		},
		{
			"name": "divine_justice_22",
			"from": [7.75, 12, 7.9],
			"to": [8.125, 12.25, 8.225],
			"faces": {
				"north": {"uv": [8.125, 3.75, 7.75, 4], "texture": "#0"},
				"east": {"uv": [8, 3.75, 8.125, 4], "texture": "#0"},
				"south": {"uv": [7.75, 3.75, 8.125, 4], "texture": "#0"},
				"west": {"uv": [7.75, 3.75, 7.875, 4], "texture": "#0"},
				"up": {"uv": [7.75, 3.75, 8.125, 3.875], "texture": "#0"},
				"down": {"uv": [7.75, 3.875, 8.125, 4], "texture": "#0"}
			}
		},
		{
			"name": "divine_justice_23",
			"from": [7.5, 11.875, 7.9],
			"to": [7.75, 12.125, 8.225],
			"faces": {
				"north": {"uv": [7.75, 3.875, 7.5, 4.125], "texture": "#0"},
				"east": {"uv": [7.625, 3.875, 7.75, 4.125], "texture": "#0"},
				"south": {"uv": [7.5, 3.875, 7.75, 4.125], "texture": "#0"},
				"west": {"uv": [7.5, 3.875, 7.625, 4.125], "texture": "#0"},
				"up": {"uv": [7.5, 3.875, 7.75, 4], "texture": "#0"},
				"down": {"uv": [7.5, 4, 7.75, 4.125], "texture": "#0"}
			}
		},
		{
			"name": "divine_justice_24",
			"from": [8.125, 11.875, 7.9],
			"to": [8.375, 12.125, 8.225],
			"faces": {
				"north": {"uv": [8.375, 3.875, 8.125, 4.125], "texture": "#0"},
				"east": {"uv": [8.25, 3.875, 8.375, 4.125], "texture": "#0"},
				"south": {"uv": [8.125, 3.875, 8.375, 4.125], "texture": "#0"},
				"west": {"uv": [8.125, 3.875, 8.25, 4.125], "texture": "#0"},
				"up": {"uv": [8.125, 3.875, 8.375, 4], "texture": "#0"},
				"down": {"uv": [8.125, 4, 8.375, 4.125], "texture": "#0"}
			}
		},
		{
			"name": "divine_justice_25",
			"from": [7.25, 11.75, 7.95],
			"to": [7.375, 12, 8.175],
			"faces": {
				"north": {"uv": [7.125, 4, 7, 4.25], "texture": "#0"},
				"east": {"uv": [7, 4, 7.125, 4.25], "texture": "#0"},
				"south": {"uv": [7, 4, 7.125, 4.25], "texture": "#0"},
				"west": {"uv": [7, 4, 7.125, 4.25], "texture": "#0"},
				"up": {"uv": [7, 4, 7.125, 4.125], "texture": "#0"},
				"down": {"uv": [7, 4.125, 7.125, 4.25], "texture": "#0"}
			}
		},
		{
			"name": "divine_justice_26",
			"from": [7.375, 11.125, 7.9],
			"to": [7.5, 12, 8.225],
			"faces": {
				"north": {"uv": [7.5, 4, 7.375, 4.875], "texture": "#0"},
				"east": {"uv": [7.375, 4, 7.5, 4.875], "texture": "#0"},
				"south": {"uv": [7.375, 4, 7.5, 4.875], "texture": "#0"},
				"west": {"uv": [7.375, 4, 7.5, 4.875], "texture": "#0"},
				"up": {"uv": [7.375, 4, 7.5, 4.125], "texture": "#0"},
				"down": {"uv": [7.375, 4.75, 7.5, 4.875], "texture": "#0"}
			}
		},
		{
			"name": "divine_justice_27",
			"from": [7.875, 10.875, 7.9],
			"to": [8, 12, 8.225],
			"faces": {
				"north": {"uv": [8, 4, 7.875, 5.125], "texture": "#0"},
				"east": {"uv": [7.875, 4, 8, 5.125], "texture": "#0"},
				"south": {"uv": [7.875, 4, 8, 5.125], "texture": "#0"},
				"west": {"uv": [7.875, 4, 8, 5.125], "texture": "#0"},
				"up": {"uv": [7.875, 4, 8, 4.125], "texture": "#0"},
				"down": {"uv": [7.875, 5, 8, 5.125], "texture": "#0"}
			}
		},
		{
			"name": "divine_justice_28",
			"from": [8.375, 11.125, 7.9],
			"to": [8.5, 12, 8.225],
			"faces": {
				"north": {"uv": [8.5, 4, 8.375, 4.875], "texture": "#0"},
				"east": {"uv": [8.375, 4, 8.5, 4.875], "texture": "#0"},
				"south": {"uv": [8.375, 4, 8.5, 4.875], "texture": "#0"},
				"west": {"uv": [8.375, 4, 8.5, 4.875], "texture": "#0"},
				"up": {"uv": [8.375, 4, 8.5, 4.125], "texture": "#0"},
				"down": {"uv": [8.375, 4.75, 8.5, 4.875], "texture": "#0"}
			}
		},
		{
			"name": "divine_justice_29",
			"from": [8.5, 11.75, 7.95],
			"to": [8.625, 12, 8.175],
			"faces": {
				"north": {"uv": [8.875, 4, 8.75, 4.25], "texture": "#0"},
				"east": {"uv": [8.75, 4, 8.875, 4.25], "texture": "#0"},
				"south": {"uv": [8.75, 4, 8.875, 4.25], "texture": "#0"},
				"west": {"uv": [8.75, 4, 8.875, 4.25], "texture": "#0"},
				"up": {"uv": [8.75, 4, 8.875, 4.125], "texture": "#0"},
				"down": {"uv": [8.75, 4.125, 8.875, 4.25], "texture": "#0"}
			}
		},
		{
			"name": "divine_justice_30",
			"from": [7.5, 11.75, 7.9],
			"to": [7.625, 11.875, 8.225],
			"faces": {
				"north": {"uv": [7.625, 4.125, 7.5, 4.25], "texture": "#0"},
				"east": {"uv": [7.5, 4.125, 7.625, 4.25], "texture": "#0"},
				"south": {"uv": [7.5, 4.125, 7.625, 4.25], "texture": "#0"},
				"west": {"uv": [7.5, 4.125, 7.625, 4.25], "texture": "#0"},
				"up": {"uv": [7.5, 4.125, 7.625, 4.25], "texture": "#0"},
				"down": {"uv": [7.5, 4.125, 7.625, 4.25], "texture": "#0"}
			}
		},
		{
			"name": "divine_justice_31",
			"from": [8.25, 11.75, 7.9],
			"to": [8.375, 11.875, 8.225],
			"faces": {
				"north": {"uv": [8.375, 4.125, 8.25, 4.25], "texture": "#0"},
				"east": {"uv": [8.25, 4.125, 8.375, 4.25], "texture": "#0"},
				"south": {"uv": [8.25, 4.125, 8.375, 4.25], "texture": "#0"},
				"west": {"uv": [8.25, 4.125, 8.375, 4.25], "texture": "#0"},
				"up": {"uv": [8.25, 4.125, 8.375, 4.25], "texture": "#0"},
				"down": {"uv": [8.25, 4.125, 8.375, 4.25], "texture": "#0"}
			}
		},
		{
			"name": "divine_justice_32",
			"from": [6, 11.625, 8],
			"to": [7.125, 11.75, 8.125],
			"faces": {
				"north": {"uv": [6.875, 4.25, 5.75, 4.375], "texture": "#0"},
				"east": {"uv": [6.75, 4.25, 6.875, 4.375], "texture": "#0"},
				"south": {"uv": [5.75, 4.25, 6.875, 4.375], "texture": "#0"},
				"west": {"uv": [5.75, 4.25, 5.875, 4.375], "texture": "#0"},
				"up": {"uv": [5.75, 4.25, 6.875, 4.375], "texture": "#0"},
				"down": {"uv": [5.75, 4.25, 6.875, 4.375], "texture": "#0"}
			}
		},
		{
			"name": "divine_justice_33",
			"from": [7.25, 11.375, 7.9],
			"to": [7.375, 11.75, 8.225],
			"faces": {
				"north": {"uv": [7.375, 4.25, 7.25, 4.625], "texture": "#0"},
				"east": {"uv": [7.25, 4.25, 7.375, 4.625], "texture": "#0"},
				"south": {"uv": [7.25, 4.25, 7.375, 4.625], "texture": "#0"},
				"west": {"uv": [7.25, 4.25, 7.375, 4.625], "texture": "#0"},
				"up": {"uv": [7.25, 4.25, 7.375, 4.375], "texture": "#0"},
				"down": {"uv": [7.25, 4.5, 7.375, 4.625], "texture": "#0"}
			}
		},
		{
			"name": "divine_justice_34",
			"from": [8.5, 11.375, 7.9],
			"to": [8.625, 11.75, 8.225],
			"faces": {
				"north": {"uv": [8.625, 4.25, 8.5, 4.625], "texture": "#0"},
				"east": {"uv": [8.5, 4.25, 8.625, 4.625], "texture": "#0"},
				"south": {"uv": [8.5, 4.25, 8.625, 4.625], "texture": "#0"},
				"west": {"uv": [8.5, 4.25, 8.625, 4.625], "texture": "#0"},
				"up": {"uv": [8.5, 4.25, 8.625, 4.375], "texture": "#0"},
				"down": {"uv": [8.5, 4.5, 8.625, 4.625], "texture": "#0"}
			}
		},
		{
			"name": "divine_justice_35",
			"from": [8.75, 11.25, 8],
			"to": [9.5, 11.75, 8.125],
			"faces": {
				"north": {"uv": [10, 4.25, 9.25, 4.75], "texture": "#0"},
				"east": {"uv": [9.875, 4.25, 10, 4.75], "texture": "#0"},
				"south": {"uv": [9.25, 4.25, 10, 4.75], "texture": "#0"},
				"west": {"uv": [9.25, 4.25, 9.375, 4.75], "texture": "#0"},
				"up": {"uv": [9.25, 4.25, 10, 4.375], "texture": "#0"},
				"down": {"uv": [9.25, 4.625, 10, 4.75], "texture": "#0"}
			}
		},
		{
			"name": "divine_justice_36",
			"from": [9.5, 11.625, 8],
			"to": [9.875, 11.75, 8.125],
			"faces": {
				"north": {"uv": [10.375, 4.25, 10, 4.375], "texture": "#0"},
				"east": {"uv": [10.25, 4.25, 10.375, 4.375], "texture": "#0"},
				"south": {"uv": [10, 4.25, 10.375, 4.375], "texture": "#0"},
				"west": {"uv": [10, 4.25, 10.125, 4.375], "texture": "#0"},
				"up": {"uv": [10, 4.25, 10.375, 4.375], "texture": "#0"},
				"down": {"uv": [10, 4.25, 10.375, 4.375], "texture": "#0"}
			}
		},
		{
			"name": "divine_justice_37",
			"from": [6.25, 11.375, 8],
			"to": [7.125, 11.625, 8.125],
			"faces": {
				"north": {"uv": [6.875, 4.375, 6, 4.625], "texture": "#0"},
				"east": {"uv": [6.75, 4.375, 6.875, 4.625], "texture": "#0"},
				"south": {"uv": [6, 4.375, 6.875, 4.625], "texture": "#0"},
				"west": {"uv": [6, 4.375, 6.125, 4.625], "texture": "#0"},
				"up": {"uv": [6, 4.375, 6.875, 4.5], "texture": "#0"},
				"down": {"uv": [6, 4.5, 6.875, 4.625], "texture": "#0"}
			}
		},
		{
			"name": "divine_justice_38",
			"from": [7.5, 11.5, 7.9],
			"to": [7.875, 11.625, 8.225],
			"faces": {
				"north": {"uv": [7.875, 4.375, 7.5, 4.5], "texture": "#0"},
				"east": {"uv": [7.75, 4.375, 7.875, 4.5], "texture": "#0"},
				"south": {"uv": [7.5, 4.375, 7.875, 4.5], "texture": "#0"},
				"west": {"uv": [7.5, 4.375, 7.625, 4.5], "texture": "#0"},
				"up": {"uv": [7.5, 4.375, 7.875, 4.5], "texture": "#0"},
				"down": {"uv": [7.5, 4.375, 7.875, 4.5], "texture": "#0"}
			}
		},
		{
			"name": "divine_justice_39",
			"from": [8, 11.5, 7.9],
			"to": [8.375, 11.625, 8.225],
			"faces": {
				"north": {"uv": [8.375, 4.375, 8, 4.5], "texture": "#0"},
				"east": {"uv": [8.25, 4.375, 8.375, 4.5], "texture": "#0"},
				"south": {"uv": [8, 4.375, 8.375, 4.5], "texture": "#0"},
				"west": {"uv": [8, 4.375, 8.125, 4.5], "texture": "#0"},
				"up": {"uv": [8, 4.375, 8.375, 4.5], "texture": "#0"},
				"down": {"uv": [8, 4.375, 8.375, 4.5], "texture": "#0"}
			}
		},
		{
			"name": "divine_justice_40",
			"from": [9.5, 11.375, 8],
			"to": [9.625, 11.625, 8.125],
			"faces": {
				"north": {"uv": [10.125, 4.375, 10, 4.625], "texture": "#0"},
				"east": {"uv": [10, 4.375, 10.125, 4.625], "texture": "#0"},
				"south": {"uv": [10, 4.375, 10.125, 4.625], "texture": "#0"},
				"west": {"uv": [10, 4.375, 10.125, 4.625], "texture": "#0"},
				"up": {"uv": [10, 4.375, 10.125, 4.5], "texture": "#0"},
				"down": {"uv": [10, 4.5, 10.125, 4.625], "texture": "#0"}
			}
		},
		{
			"name": "divine_justice_41",
			"from": [7.125, 11.125, 8],
			"to": [7.25, 11.5, 8.125],
			"faces": {
				"north": {"uv": [7, 4.5, 6.875, 4.875], "texture": "#0"},
				"east": {"uv": [6.875, 4.5, 7, 4.875], "texture": "#0"},
				"south": {"uv": [6.875, 4.5, 7, 4.875], "texture": "#0"},
				"west": {"uv": [6.875, 4.5, 7, 4.875], "texture": "#0"},
				"up": {"uv": [6.875, 4.5, 7, 4.625], "texture": "#0"},
				"down": {"uv": [6.875, 4.75, 7, 4.875], "texture": "#0"}
			}
		},
		{
			"name": "divine_justice_42",
			"from": [8.625, 11.125, 8],
			"to": [8.75, 11.5, 8.125],
			"faces": {
				"north": {"uv": [9.25, 4.5, 9.125, 4.875], "texture": "#0"},
				"east": {"uv": [9.125, 4.5, 9.25, 4.875], "texture": "#0"},
				"south": {"uv": [9.125, 4.5, 9.25, 4.875], "texture": "#0"},
				"west": {"uv": [9.125, 4.5, 9.25, 4.875], "texture": "#0"},
				"up": {"uv": [9.125, 4.5, 9.25, 4.625], "texture": "#0"},
				"down": {"uv": [9.125, 4.75, 9.25, 4.875], "texture": "#0"}
			}
		},
		{
			"name": "divine_justice_43",
			"from": [6.375, 11.25, 8],
			"to": [7.125, 11.375, 8.125],
			"faces": {
				"north": {"uv": [6.875, 4.625, 6.125, 4.75], "texture": "#0"},
				"east": {"uv": [6.75, 4.625, 6.875, 4.75], "texture": "#0"},
				"south": {"uv": [6.125, 4.625, 6.875, 4.75], "texture": "#0"},
				"west": {"uv": [6.125, 4.625, 6.25, 4.75], "texture": "#0"},
				"up": {"uv": [6.125, 4.625, 6.875, 4.75], "texture": "#0"},
				"down": {"uv": [6.125, 4.625, 6.875, 4.75], "texture": "#0"}
			}
		},
		{
			"name": "divine_justice_44",
			"from": [7.25, 11, 8],
			"to": [7.375, 11.375, 8.125],
			"faces": {
				"north": {"uv": [7.125, 4.625, 7, 5], "texture": "#0"},
				"east": {"uv": [7, 4.625, 7.125, 5], "texture": "#0"},
				"south": {"uv": [7, 4.625, 7.125, 5], "texture": "#0"},
				"west": {"uv": [7, 4.625, 7.125, 5], "texture": "#0"},
				"up": {"uv": [7, 4.625, 7.125, 4.75], "texture": "#0"},
				"down": {"uv": [7, 4.875, 7.125, 5], "texture": "#0"}
			}
		},
		{
			"name": "divine_justice_45",
			"from": [7.5, 11, 7.9],
			"to": [7.625, 11.375, 8.225],
			"faces": {
				"north": {"uv": [7.625, 4.625, 7.5, 5], "texture": "#0"},
				"east": {"uv": [7.5, 4.625, 7.625, 5], "texture": "#0"},
				"south": {"uv": [7.5, 4.625, 7.625, 5], "texture": "#0"},
				"west": {"uv": [7.5, 4.625, 7.625, 5], "texture": "#0"},
				"up": {"uv": [7.5, 4.625, 7.625, 4.75], "texture": "#0"},
				"down": {"uv": [7.5, 4.875, 7.625, 5], "texture": "#0"}
			}
		},
		{
			"name": "divine_justice_46",
			"from": [8.25, 11, 7.9],
			"to": [8.375, 11.375, 8.225],
			"faces": {
				"north": {"uv": [8.375, 4.625, 8.25, 5], "texture": "#0"},
				"east": {"uv": [8.25, 4.625, 8.375, 5], "texture": "#0"},
				"south": {"uv": [8.25, 4.625, 8.375, 5], "texture": "#0"},
				"west": {"uv": [8.25, 4.625, 8.375, 5], "texture": "#0"},
				"up": {"uv": [8.25, 4.625, 8.375, 4.75], "texture": "#0"},
				"down": {"uv": [8.25, 4.875, 8.375, 5], "texture": "#0"}
			}
		},
		{
			"name": "divine_justice_47",
			"from": [8.5, 11, 8],
			"to": [8.625, 11.375, 8.125],
			"faces": {
				"north": {"uv": [9.125, 4.625, 9, 5], "texture": "#0"},
				"east": {"uv": [9, 4.625, 9.125, 5], "texture": "#0"},
				"south": {"uv": [9, 4.625, 9.125, 5], "texture": "#0"},
				"west": {"uv": [9, 4.625, 9.125, 5], "texture": "#0"},
				"up": {"uv": [9, 4.625, 9.125, 4.75], "texture": "#0"},
				"down": {"uv": [9, 4.875, 9.125, 5], "texture": "#0"}
			}
		},
		{
			"name": "divine_justice_48",
			"from": [6.75, 11.125, 8],
			"to": [7.125, 11.25, 8.125],
			"faces": {
				"north": {"uv": [6.875, 4.75, 6.5, 4.875], "texture": "#0"},
				"east": {"uv": [6.75, 4.75, 6.875, 4.875], "texture": "#0"},
				"south": {"uv": [6.5, 4.75, 6.875, 4.875], "texture": "#0"},
				"west": {"uv": [6.5, 4.75, 6.625, 4.875], "texture": "#0"},
				"up": {"uv": [6.5, 4.75, 6.875, 4.875], "texture": "#0"},
				"down": {"uv": [6.5, 4.75, 6.875, 4.875], "texture": "#0"}
			}
		},
		{
			"name": "divine_justice_49",
			"from": [7.625, 11, 7.9],
			"to": [7.75, 11.25, 8.225],
			"faces": {
				"north": {"uv": [7.75, 4.75, 7.625, 5], "texture": "#0"},
				"east": {"uv": [7.625, 4.75, 7.75, 5], "texture": "#0"},
				"south": {"uv": [7.625, 4.75, 7.75, 5], "texture": "#0"},
				"west": {"uv": [7.625, 4.75, 7.75, 5], "texture": "#0"},
				"up": {"uv": [7.625, 4.75, 7.75, 4.875], "texture": "#0"},
				"down": {"uv": [7.625, 4.875, 7.75, 5], "texture": "#0"}
			}
		},
		{
			"name": "divine_justice_50",
			"from": [8.125, 11, 7.9],
			"to": [8.25, 11.25, 8.225],
			"faces": {
				"north": {"uv": [8.25, 4.75, 8.125, 5], "texture": "#0"},
				"east": {"uv": [8.125, 4.75, 8.25, 5], "texture": "#0"},
				"south": {"uv": [8.125, 4.75, 8.25, 5], "texture": "#0"},
				"west": {"uv": [8.125, 4.75, 8.25, 5], "texture": "#0"},
				"up": {"uv": [8.125, 4.75, 8.25, 4.875], "texture": "#0"},
				"down": {"uv": [8.125, 4.875, 8.25, 5], "texture": "#0"}
			}
		},
		{
			"name": "divine_justice_51",
			"from": [8.75, 11.125, 8],
			"to": [9.125, 11.25, 8.125],
			"faces": {
				"north": {"uv": [9.625, 4.75, 9.25, 4.875], "texture": "#0"},
				"east": {"uv": [9.5, 4.75, 9.625, 4.875], "texture": "#0"},
				"south": {"uv": [9.25, 4.75, 9.625, 4.875], "texture": "#0"},
				"west": {"uv": [9.25, 4.75, 9.375, 4.875], "texture": "#0"},
				"up": {"uv": [9.25, 4.75, 9.625, 4.875], "texture": "#0"},
				"down": {"uv": [9.25, 4.75, 9.625, 4.875], "texture": "#0"}
			}
		},
		{
			"name": "divine_justice_52",
			"from": [7.375, 11, 8],
			"to": [7.5, 11.125, 8.125],
			"faces": {
				"north": {"uv": [7.25, 4.875, 7.125, 5], "texture": "#0"},
				"east": {"uv": [7.125, 4.875, 7.25, 5], "texture": "#0"},
				"south": {"uv": [7.125, 4.875, 7.25, 5], "texture": "#0"},
				"west": {"uv": [7.125, 4.875, 7.25, 5], "texture": "#0"},
				"up": {"uv": [7.125, 4.875, 7.25, 5], "texture": "#0"},
				"down": {"uv": [7.125, 4.875, 7.25, 5], "texture": "#0"}
			}
		},
		{
			"name": "divine_justice_53",
			"from": [7.75, 10.875, 7.9],
			"to": [7.875, 11.125, 8.225],
			"faces": {
				"north": {"uv": [7.875, 4.875, 7.75, 5.125], "texture": "#0"},
				"east": {"uv": [7.75, 4.875, 7.875, 5.125], "texture": "#0"},
				"south": {"uv": [7.75, 4.875, 7.875, 5.125], "texture": "#0"},
				"west": {"uv": [7.75, 4.875, 7.875, 5.125], "texture": "#0"},
				"up": {"uv": [7.75, 4.875, 7.875, 5], "texture": "#0"},
				"down": {"uv": [7.75, 5, 7.875, 5.125], "texture": "#0"}
			}
		},
		{
			"name": "divine_justice_54",
			"from": [8, 10.875, 7.9],
			"to": [8.125, 11.125, 8.225],
			"faces": {
				"north": {"uv": [8.125, 4.875, 8, 5.125], "texture": "#0"},
				"east": {"uv": [8, 4.875, 8.125, 5.125], "texture": "#0"},
				"south": {"uv": [8, 4.875, 8.125, 5.125], "texture": "#0"},
				"west": {"uv": [8, 4.875, 8.125, 5.125], "texture": "#0"},
				"up": {"uv": [8, 4.875, 8.125, 5], "texture": "#0"},
				"down": {"uv": [8, 5, 8.125, 5.125], "texture": "#0"}
			}
		},
		{
			"name": "divine_justice_55",
			"from": [8.375, 11, 8],
			"to": [8.5, 11.125, 8.125],
			"faces": {
				"north": {"uv": [9, 4.875, 8.875, 5], "texture": "#0"},
				"east": {"uv": [8.875, 4.875, 9, 5], "texture": "#0"},
				"south": {"uv": [8.875, 4.875, 9, 5], "texture": "#0"},
				"west": {"uv": [8.875, 4.875, 9, 5], "texture": "#0"},
				"up": {"uv": [8.875, 4.875, 9, 5], "texture": "#0"},
				"down": {"uv": [8.875, 4.875, 9, 5], "texture": "#0"}
			}
		},
		{
			"name": "divine_justice_56",
			"from": [7.375, 10.75, 7.85],
			"to": [7.75, 11, 8.275],
			"faces": {
				"north": {"uv": [10, 5, 9.625, 5.25], "texture": "#0"},
				"east": {"uv": [9.875, 5, 10, 5.25], "texture": "#0"},
				"south": {"uv": [9.625, 5, 10, 5.25], "texture": "#0"},
				"west": {"uv": [9.625, 5, 9.75, 5.25], "texture": "#0"},
				"up": {"uv": [9.625, 5, 10, 5.125], "texture": "#0"},
				"down": {"uv": [9.625, 5.125, 10, 5.25], "texture": "#0"}
			}
		},
		{
			"name": "divine_justice_57",
			"from": [8.125, 10.75, 7.85],
			"to": [8.5, 11, 8.275],
			"faces": {
				"north": {"uv": [10.75, 5, 10.375, 5.25], "texture": "#0"},
				"east": {"uv": [10.625, 5, 10.75, 5.25], "texture": "#0"},
				"south": {"uv": [10.375, 5, 10.75, 5.25], "texture": "#0"},
				"west": {"uv": [10.375, 5, 10.5, 5.25], "texture": "#0"},
				"up": {"uv": [10.375, 5, 10.75, 5.125], "texture": "#0"},
				"down": {"uv": [10.375, 5.125, 10.75, 5.25], "texture": "#0"}
			}
		},
		{
			"name": "divine_justice_58",
			"from": [7.75, 10.5, 7.85],
			"to": [8.125, 10.875, 8.275],
			"faces": {
				"north": {"uv": [10.375, 5.125, 10, 5.5], "texture": "#0"},
				"east": {"uv": [10.25, 5.125, 10.375, 5.5], "texture": "#0"},
				"south": {"uv": [10, 5.125, 10.375, 5.5], "texture": "#0"},
				"west": {"uv": [10, 5.125, 10.125, 5.5], "texture": "#0"},
				"up": {"uv": [10, 5.125, 10.375, 5.25], "texture": "#0"},
				"down": {"uv": [10, 5.375, 10.375, 5.5], "texture": "#0"}
			}
		},
		{
			"name": "divine_justice_59",
			"from": [7.5, 10.625, 7.85],
			"to": [7.75, 10.75, 8.275],
			"faces": {
				"north": {"uv": [10, 5.25, 9.75, 5.375], "texture": "#0"},
				"east": {"uv": [9.875, 5.25, 10, 5.375], "texture": "#0"},
				"south": {"uv": [9.75, 5.25, 10, 5.375], "texture": "#0"},
				"west": {"uv": [9.75, 5.25, 9.875, 5.375], "texture": "#0"},
				"up": {"uv": [9.75, 5.25, 10, 5.375], "texture": "#0"},
				"down": {"uv": [9.75, 5.25, 10, 5.375], "texture": "#0"}
			}
		},
		{
			"name": "divine_justice_60",
			"from": [8.125, 10.625, 7.85],
			"to": [8.375, 10.75, 8.275],
			"faces": {
				"north": {"uv": [10.625, 5.25, 10.375, 5.375], "texture": "#0"},
				"east": {"uv": [10.5, 5.25, 10.625, 5.375], "texture": "#0"},
				"south": {"uv": [10.375, 5.25, 10.625, 5.375], "texture": "#0"},
				"west": {"uv": [10.375, 5.25, 10.5, 5.375], "texture": "#0"},
				"up": {"uv": [10.375, 5.25, 10.625, 5.375], "texture": "#0"},
				"down": {"uv": [10.375, 5.25, 10.625, 5.375], "texture": "#0"}
			}
		},
		{
			"name": "divine_justice_61",
			"from": [7.625, 9.5, 7.8],
			"to": [8.25, 10.5, 8.325],
			"faces": {
				"north": {"uv": [9.25, 5.5, 8.625, 6.5], "texture": "#0"},
				"east": {"uv": [9.125, 5.5, 9.25, 6.5], "texture": "#0"},
				"south": {"uv": [8.625, 5.5, 9.25, 6.5], "texture": "#0"},
				"west": {"uv": [8.625, 5.5, 8.75, 6.5], "texture": "#0"},
				"up": {"uv": [8.625, 5.5, 9.25, 5.625], "texture": "#0"},
				"down": {"uv": [8.625, 6.375, 9.25, 6.5], "texture": "#0"}
			}
		},
		{
			"name": "divine_justice_62",
			"from": [7.125, 9.875, 7.95],
			"to": [7.25, 10.25, 8.175],
			"faces": {
				"north": {"uv": [8, 5.75, 7.875, 6.125], "texture": "#0"},
				"east": {"uv": [7.875, 5.75, 8, 6.125], "texture": "#0"},
				"south": {"uv": [7.875, 5.75, 8, 6.125], "texture": "#0"},
				"west": {"uv": [7.875, 5.75, 8, 6.125], "texture": "#0"},
				"up": {"uv": [7.875, 5.75, 8, 5.875], "texture": "#0"},
				"down": {"uv": [7.875, 6, 8, 6.125], "texture": "#0"}
			}
		},
		{
			"name": "divine_justice_63",
			"from": [7.375, 9.875, 7.95],
			"to": [7.625, 10.25, 8.175],
			"faces": {
				"north": {"uv": [8.375, 5.75, 8.125, 6.125], "texture": "#0"},
				"east": {"uv": [8.25, 5.75, 8.375, 6.125], "texture": "#0"},
				"south": {"uv": [8.125, 5.75, 8.375, 6.125], "texture": "#0"},
				"west": {"uv": [8.125, 5.75, 8.25, 6.125], "texture": "#0"},
				"up": {"uv": [8.125, 5.75, 8.375, 5.875], "texture": "#0"},
				"down": {"uv": [8.125, 6, 8.375, 6.125], "texture": "#0"}
			}
		},
		{
			"name": "divine_justice_64",
			"from": [8.25, 9.875, 7.95],
			"to": [8.5, 10.25, 8.175],
			"faces": {
				"north": {"uv": [9.75, 5.75, 9.5, 6.125], "texture": "#0"},
				"east": {"uv": [9.625, 5.75, 9.75, 6.125], "texture": "#0"},
				"south": {"uv": [9.5, 5.75, 9.75, 6.125], "texture": "#0"},
				"west": {"uv": [9.5, 5.75, 9.625, 6.125], "texture": "#0"},
				"up": {"uv": [9.5, 5.75, 9.75, 5.875], "texture": "#0"},
				"down": {"uv": [9.5, 6, 9.75, 6.125], "texture": "#0"}
			}
		},
		{
			"name": "divine_justice_65",
			"from": [8.625, 9.875, 7.95],
			"to": [8.75, 10.25, 8.175],
			"faces": {
				"north": {"uv": [10, 5.75, 9.875, 6.125], "texture": "#0"},
				"east": {"uv": [9.875, 5.75, 10, 6.125], "texture": "#0"},
				"south": {"uv": [9.875, 5.75, 10, 6.125], "texture": "#0"},
				"west": {"uv": [9.875, 5.75, 10, 6.125], "texture": "#0"},
				"up": {"uv": [9.875, 5.75, 10, 5.875], "texture": "#0"},
				"down": {"uv": [9.875, 6, 10, 6.125], "texture": "#0"}
			}
		},
		{
			"name": "divine_justice_66",
			"from": [6.875, 10, 7.95],
			"to": [7.125, 10.125, 8.175],
			"faces": {
				"north": {"uv": [7.875, 5.875, 7.625, 6], "texture": "#0"},
				"east": {"uv": [7.75, 5.875, 7.875, 6], "texture": "#0"},
				"south": {"uv": [7.625, 5.875, 7.875, 6], "texture": "#0"},
				"west": {"uv": [7.625, 5.875, 7.75, 6], "texture": "#0"},
				"up": {"uv": [7.625, 5.875, 7.875, 6], "texture": "#0"},
				"down": {"uv": [7.625, 5.875, 7.875, 6], "texture": "#0"}
			}
		},
		{
			"name": "divine_justice_67",
			"from": [7.25, 10, 7.95],
			"to": [7.375, 10.125, 8.175],
			"faces": {
				"north": {"uv": [8.125, 5.875, 8, 6], "texture": "#0"},
				"east": {"uv": [8, 5.875, 8.125, 6], "texture": "#0"},
				"south": {"uv": [8, 5.875, 8.125, 6], "texture": "#0"},
				"west": {"uv": [8, 5.875, 8.125, 6], "texture": "#0"},
				"up": {"uv": [8, 5.875, 8.125, 6], "texture": "#0"},
				"down": {"uv": [8, 5.875, 8.125, 6], "texture": "#0"}
			}
		},
		{
			"name": "divine_justice_68",
			"from": [8.5, 10, 7.95],
			"to": [8.625, 10.125, 8.175],
			"faces": {
				"north": {"uv": [9.875, 5.875, 9.75, 6], "texture": "#0"},
				"east": {"uv": [9.75, 5.875, 9.875, 6], "texture": "#0"},
				"south": {"uv": [9.75, 5.875, 9.875, 6], "texture": "#0"},
				"west": {"uv": [9.75, 5.875, 9.875, 6], "texture": "#0"},
				"up": {"uv": [9.75, 5.875, 9.875, 6], "texture": "#0"},
				"down": {"uv": [9.75, 5.875, 9.875, 6], "texture": "#0"}
			}
		},
		{
			"name": "divine_justice_69",
			"from": [8.75, 10, 7.95],
			"to": [9, 10.125, 8.175],
			"faces": {
				"north": {"uv": [10.25, 5.875, 10, 6], "texture": "#0"},
				"east": {"uv": [10.125, 5.875, 10.25, 6], "texture": "#0"},
				"south": {"uv": [10, 5.875, 10.25, 6], "texture": "#0"},
				"west": {"uv": [10, 5.875, 10.125, 6], "texture": "#0"},
				"up": {"uv": [10, 5.875, 10.25, 6], "texture": "#0"},
				"down": {"uv": [10, 5.875, 10.25, 6], "texture": "#0"}
			}
		},
		{
			"name": "divine_justice_70",
			"from": [7.75, 9.375, 7.9],
			"to": [8.125, 9.5, 8.225],
			"faces": {
				"north": {"uv": [8.125, 6.5, 7.75, 6.625], "texture": "#0"},
				"east": {"uv": [8, 6.5, 8.125, 6.625], "texture": "#0"},
				"south": {"uv": [7.75, 6.5, 8.125, 6.625], "texture": "#0"},
				"west": {"uv": [7.75, 6.5, 7.875, 6.625], "texture": "#0"},
				"up": {"uv": [7.75, 6.5, 8.125, 6.625], "texture": "#0"},
				"down": {"uv": [7.75, 6.5, 8.125, 6.625], "texture": "#0"}
			}
		},
		{
			"name": "divine_justice_71",
			"from": [7.625, 9.125, 7.8],
			"to": [8.25, 9.375, 8.325],
			"faces": {
				"north": {"uv": [9, 6.625, 8.375, 6.875], "texture": "#0"},
				"east": {"uv": [8.875, 6.625, 9, 6.875], "texture": "#0"},
				"south": {"uv": [8.375, 6.625, 9, 6.875], "texture": "#0"},
				"west": {"uv": [8.375, 6.625, 8.5, 6.875], "texture": "#0"},
				"up": {"uv": [8.375, 6.625, 9, 6.75], "texture": "#0"},
				"down": {"uv": [8.375, 6.75, 9, 6.875], "texture": "#0"}
			}
		},
		{
			"name": "divine_justice_72",
			"from": [7.75, 9, 7.9],
			"to": [8.125, 9.125, 8.225],
			"faces": {
				"north": {"uv": [8.125, 6.875, 7.75, 7], "texture": "#0"},
				"east": {"uv": [8, 6.875, 8.125, 7], "texture": "#0"},
				"south": {"uv": [7.75, 6.875, 8.125, 7], "texture": "#0"},
				"west": {"uv": [7.75, 6.875, 7.875, 7], "texture": "#0"},
				"up": {"uv": [7.75, 6.875, 8.125, 7], "texture": "#0"},
				"down": {"uv": [7.75, 6.875, 8.125, 7], "texture": "#0"}
			}
		},
		{
			"name": "divine_justice_73",
			"from": [7.625, 8.75, 7.8],
			"to": [8.25, 9, 8.325],
			"faces": {
				"north": {"uv": [9, 7, 8.375, 7.25], "texture": "#0"},
				"east": {"uv": [8.875, 7, 9, 7.25], "texture": "#0"},
				"south": {"uv": [8.375, 7, 9, 7.25], "texture": "#0"},
				"west": {"uv": [8.375, 7, 8.5, 7.25], "texture": "#0"},
				"up": {"uv": [8.375, 7, 9, 7.125], "texture": "#0"},
				"down": {"uv": [8.375, 7.125, 9, 7.25], "texture": "#0"}
			}
		},
		{
			"name": "divine_justice_74",
			"from": [7.75, 8.625, 7.9],
			"to": [8.125, 8.75, 8.225],
			"faces": {
				"north": {"uv": [8.125, 7.25, 7.75, 7.375], "texture": "#0"},
				"east": {"uv": [8, 7.25, 8.125, 7.375], "texture": "#0"},
				"south": {"uv": [7.75, 7.25, 8.125, 7.375], "texture": "#0"},
				"west": {"uv": [7.75, 7.25, 7.875, 7.375], "texture": "#0"},
				"up": {"uv": [7.75, 7.25, 8.125, 7.375], "texture": "#0"},
				"down": {"uv": [7.75, 7.25, 8.125, 7.375], "texture": "#0"}
			}
		},
		{
			"name": "divine_justice_75",
			"from": [7.625, 8.375, 7.8],
			"to": [8.25, 8.625, 8.325],
			"faces": {
				"north": {"uv": [9, 7.375, 8.375, 7.625], "texture": "#0"},
				"east": {"uv": [8.875, 7.375, 9, 7.625], "texture": "#0"},
				"south": {"uv": [8.375, 7.375, 9, 7.625], "texture": "#0"},
				"west": {"uv": [8.375, 7.375, 8.5, 7.625], "texture": "#0"},
				"up": {"uv": [8.375, 7.375, 9, 7.5], "texture": "#0"},
				"down": {"uv": [8.375, 7.5, 9, 7.625], "texture": "#0"}
			}
		},
		{
			"name": "divine_justice_76",
			"from": [7.75, 3.625, 7.9],
			"to": [8.125, 8.375, 8.225],
			"faces": {
				"north": {"uv": [8.125, 7.625, 7.75, 12.375], "texture": "#0"},
				"east": {"uv": [8, 7.625, 8.125, 12.375], "texture": "#0"},
				"south": {"uv": [7.75, 7.625, 8.125, 12.375], "texture": "#0"},
				"west": {"uv": [7.75, 7.625, 7.875, 12.375], "texture": "#0"},
				"up": {"uv": [7.75, 7.625, 8.125, 7.75], "texture": "#0"},
				"down": {"uv": [7.75, 12.25, 8.125, 12.375], "texture": "#0"}
			}
		},
		{
			"name": "divine_justice_77",
			"from": [7.625, 3.375, 7.8],
			"to": [8.25, 3.625, 8.325],
			"faces": {
				"north": {"uv": [9, 12.375, 8.375, 12.625], "texture": "#0"},
				"east": {"uv": [8.875, 12.375, 9, 12.625], "texture": "#0"},
				"south": {"uv": [8.375, 12.375, 9, 12.625], "texture": "#0"},
				"west": {"uv": [8.375, 12.375, 8.5, 12.625], "texture": "#0"},
				"up": {"uv": [8.375, 12.375, 9, 12.5], "texture": "#0"},
				"down": {"uv": [8.375, 12.5, 9, 12.625], "texture": "#0"}
			}
		},
		{
			"name": "divine_justice_78",
			"from": [7.75, 1.75, 7.9],
			"to": [8.125, 3.375, 8.225],
			"faces": {
				"north": {"uv": [8.125, 12.625, 7.75, 14.25], "texture": "#0"},
				"east": {"uv": [8, 12.625, 8.125, 14.25], "texture": "#0"},
				"south": {"uv": [7.75, 12.625, 8.125, 14.25], "texture": "#0"},
				"west": {"uv": [7.75, 12.625, 7.875, 14.25], "texture": "#0"},
				"up": {"uv": [7.75, 12.625, 8.125, 12.75], "texture": "#0"},
				"down": {"uv": [7.75, 14.125, 8.125, 14.25], "texture": "#0"}
			}
		},
		{
			"name": "divine_justice_79",
			"from": [7.625, 3, 8],
			"to": [7.75, 3.25, 8.125],
			"faces": {
				"north": {"uv": [7.5, 12.75, 7.375, 13], "texture": "#0"},
				"east": {"uv": [7.375, 12.75, 7.5, 13], "texture": "#0"},
				"south": {"uv": [7.375, 12.75, 7.5, 13], "texture": "#0"},
				"west": {"uv": [7.375, 12.75, 7.5, 13], "texture": "#0"},
				"up": {"uv": [7.375, 12.75, 7.5, 12.875], "texture": "#0"},
				"down": {"uv": [7.375, 12.875, 7.5, 13], "texture": "#0"}
			}
		},
		{
			"name": "divine_justice_80",
			"from": [8.125, 3, 8],
			"to": [8.25, 3.25, 8.125],
			"faces": {
				"north": {"uv": [8.5, 12.75, 8.375, 13], "texture": "#0"},
				"east": {"uv": [8.375, 12.75, 8.5, 13], "texture": "#0"},
				"south": {"uv": [8.375, 12.75, 8.5, 13], "texture": "#0"},
				"west": {"uv": [8.375, 12.75, 8.5, 13], "texture": "#0"},
				"up": {"uv": [8.375, 12.75, 8.5, 12.875], "texture": "#0"},
				"down": {"uv": [8.375, 12.875, 8.5, 13], "texture": "#0"}
			}
		},
		{
			"name": "divine_justice_81",
			"from": [7.375, 2.875, 8],
			"to": [7.625, 3.125, 8.125],
			"faces": {
				"north": {"uv": [7.375, 12.875, 7.125, 13.125], "texture": "#0"},
				"east": {"uv": [7.25, 12.875, 7.375, 13.125], "texture": "#0"},
				"south": {"uv": [7.125, 12.875, 7.375, 13.125], "texture": "#0"},
				"west": {"uv": [7.125, 12.875, 7.25, 13.125], "texture": "#0"},
				"up": {"uv": [7.125, 12.875, 7.375, 13], "texture": "#0"},
				"down": {"uv": [7.125, 13, 7.375, 13.125], "texture": "#0"}
			}
		},
		{
			"name": "divine_justice_82",
			"from": [8.25, 2.875, 8],
			"to": [8.5, 3.125, 8.125],
			"faces": {
				"north": {"uv": [8.75, 12.875, 8.5, 13.125], "texture": "#0"},
				"east": {"uv": [8.625, 12.875, 8.75, 13.125], "texture": "#0"},
				"south": {"uv": [8.5, 12.875, 8.75, 13.125], "texture": "#0"},
				"west": {"uv": [8.5, 12.875, 8.625, 13.125], "texture": "#0"},
				"up": {"uv": [8.5, 12.875, 8.75, 13], "texture": "#0"},
				"down": {"uv": [8.5, 13, 8.75, 13.125], "texture": "#0"}
			}
		},
		{
			"name": "divine_justice_83",
			"from": [7.25, 2.25, 8],
			"to": [7.5, 2.875, 8.125],
			"faces": {
				"north": {"uv": [7.25, 13.125, 7, 13.75], "texture": "#0"},
				"east": {"uv": [7.125, 13.125, 7.25, 13.75], "texture": "#0"},
				"south": {"uv": [7, 13.125, 7.25, 13.75], "texture": "#0"},
				"west": {"uv": [7, 13.125, 7.125, 13.75], "texture": "#0"},
				"up": {"uv": [7, 13.125, 7.25, 13.25], "texture": "#0"},
				"down": {"uv": [7, 13.625, 7.25, 13.75], "texture": "#0"}
			}
		},
		{
			"name": "divine_justice_84",
			"from": [8.375, 2.25, 8],
			"to": [8.625, 2.875, 8.125],
			"faces": {
				"north": {"uv": [8.875, 13.125, 8.625, 13.75], "texture": "#0"},
				"east": {"uv": [8.75, 13.125, 8.875, 13.75], "texture": "#0"},
				"south": {"uv": [8.625, 13.125, 8.875, 13.75], "texture": "#0"},
				"west": {"uv": [8.625, 13.125, 8.75, 13.75], "texture": "#0"},
				"up": {"uv": [8.625, 13.125, 8.875, 13.25], "texture": "#0"},
				"down": {"uv": [8.625, 13.625, 8.875, 13.75], "texture": "#0"}
			}
		},
		{
			"name": "divine_justice_85",
			"from": [7.375, 2, 8],
			"to": [7.625, 2.25, 8.125],
			"faces": {
				"north": {"uv": [7.375, 13.75, 7.125, 14], "texture": "#0"},
				"east": {"uv": [7.25, 13.75, 7.375, 14], "texture": "#0"},
				"south": {"uv": [7.125, 13.75, 7.375, 14], "texture": "#0"},
				"west": {"uv": [7.125, 13.75, 7.25, 14], "texture": "#0"},
				"up": {"uv": [7.125, 13.75, 7.375, 13.875], "texture": "#0"},
				"down": {"uv": [7.125, 13.875, 7.375, 14], "texture": "#0"}
			}
		},
		{
			"name": "divine_justice_86",
			"from": [8.25, 2, 8],
			"to": [8.5, 2.25, 8.125],
			"faces": {
				"north": {"uv": [8.75, 13.75, 8.5, 14], "texture": "#0"},
				"east": {"uv": [8.625, 13.75, 8.75, 14], "texture": "#0"},
				"south": {"uv": [8.5, 13.75, 8.75, 14], "texture": "#0"},
				"west": {"uv": [8.5, 13.75, 8.625, 14], "texture": "#0"},
				"up": {"uv": [8.5, 13.75, 8.75, 13.875], "texture": "#0"},
				"down": {"uv": [8.5, 13.875, 8.75, 14], "texture": "#0"}
			}
		},
		{
			"name": "divine_justice_87",
			"from": [7.625, 1.875, 8],
			"to": [7.75, 2.125, 8.125],
			"faces": {
				"north": {"uv": [7.5, 13.875, 7.375, 14.125], "texture": "#0"},
				"east": {"uv": [7.375, 13.875, 7.5, 14.125], "texture": "#0"},
				"south": {"uv": [7.375, 13.875, 7.5, 14.125], "texture": "#0"},
				"west": {"uv": [7.375, 13.875, 7.5, 14.125], "texture": "#0"},
				"up": {"uv": [7.375, 13.875, 7.5, 14], "texture": "#0"},
				"down": {"uv": [7.375, 14, 7.5, 14.125], "texture": "#0"}
			}
		},
		{
			"name": "divine_justice_88",
			"from": [8.125, 1.875, 8],
			"to": [8.25, 2.125, 8.125],
			"faces": {
				"north": {"uv": [8.5, 13.875, 8.375, 14.125], "texture": "#0"},
				"east": {"uv": [8.375, 13.875, 8.5, 14.125], "texture": "#0"},
				"south": {"uv": [8.375, 13.875, 8.5, 14.125], "texture": "#0"},
				"west": {"uv": [8.375, 13.875, 8.5, 14.125], "texture": "#0"},
				"up": {"uv": [8.375, 13.875, 8.5, 14], "texture": "#0"},
				"down": {"uv": [8.375, 14, 8.5, 14.125], "texture": "#0"}
			}
		},
		{
			"name": "divine_justice_89",
			"from": [7.625, 1.5, 7.8],
			"to": [8.25, 1.75, 8.325],
			"faces": {
				"north": {"uv": [9, 14.25, 8.375, 14.5], "texture": "#0"},
				"east": {"uv": [8.875, 14.25, 9, 14.5], "texture": "#0"},
				"south": {"uv": [8.375, 14.25, 9, 14.5], "texture": "#0"},
				"west": {"uv": [8.375, 14.25, 8.5, 14.5], "texture": "#0"},
				"up": {"uv": [8.375, 14.25, 9, 14.375], "texture": "#0"},
				"down": {"uv": [8.375, 14.375, 9, 14.5], "texture": "#0"}
			}
		},
		{
			"name": "divine_justice_90",
			"from": [7.75, 1.375, 8],
			"to": [8.125, 1.5, 8.125],
			"faces": {
				"north": {"uv": [8.125, 14.5, 7.75, 14.625], "texture": "#0"},
				"east": {"uv": [8, 14.5, 8.125, 14.625], "texture": "#0"},
				"south": {"uv": [7.75, 14.5, 8.125, 14.625], "texture": "#0"},
				"west": {"uv": [7.75, 14.5, 7.875, 14.625], "texture": "#0"},
				"up": {"uv": [7.75, 14.5, 8.125, 14.625], "texture": "#0"},
				"down": {"uv": [7.75, 14.5, 8.125, 14.625], "texture": "#0"}
			}
		},
		{
			"name": "divine_justice_91",
			"from": [7.875, 0.75, 8],
			"to": [8, 1.375, 8.125],
			"faces": {
				"north": {"uv": [8, 14.625, 7.875, 15.25], "texture": "#0"},
				"east": {"uv": [7.875, 14.625, 8, 15.25], "texture": "#0"},
				"south": {"uv": [7.875, 14.625, 8, 15.25], "texture": "#0"},
				"west": {"uv": [7.875, 14.625, 8, 15.25], "texture": "#0"},
				"up": {"uv": [7.875, 14.625, 8, 14.75], "texture": "#0"},
				"down": {"uv": [7.875, 15.125, 8, 15.25], "texture": "#0"}
			}
		},
		{
			"name": "divine_justice_92",
			"from": [7.75, 1.125, 8],
			"to": [7.875, 1.25, 8.125],
			"faces": {
				"north": {"uv": [7.875, 14.75, 7.75, 14.875], "texture": "#0"},
				"east": {"uv": [7.75, 14.75, 7.875, 14.875], "texture": "#0"},
				"south": {"uv": [7.75, 14.75, 7.875, 14.875], "texture": "#0"},
				"west": {"uv": [7.75, 14.75, 7.875, 14.875], "texture": "#0"},
				"up": {"uv": [7.75, 14.75, 7.875, 14.875], "texture": "#0"},
				"down": {"uv": [7.75, 14.75, 7.875, 14.875], "texture": "#0"}
			}
		},
		{
			"name": "divine_justice_93",
			"from": [8, 1.125, 8],
			"to": [8.125, 1.25, 8.125],
			"faces": {
				"north": {"uv": [8.125, 14.75, 8, 14.875], "texture": "#0"},
				"east": {"uv": [8, 14.75, 8.125, 14.875], "texture": "#0"},
				"south": {"uv": [8, 14.75, 8.125, 14.875], "texture": "#0"},
				"west": {"uv": [8, 14.75, 8.125, 14.875], "texture": "#0"},
				"up": {"uv": [8, 14.75, 8.125, 14.875], "texture": "#0"},
				"down": {"uv": [8, 14.75, 8.125, 14.875], "texture": "#0"}
			}
		}
	],
	"gui_light": "front",
	"display": {
		"thirdperson_righthand": {
			"rotation": [0, -90, 0],
			"translation": [-0.25, 1.75, 1.25],
			"scale": [3.3, 3.3, 3]
		},
		"thirdperson_lefthand": {
			"rotation": [0, 90, 0],
			"translation": [-0.25, 2.25, 1.25],
			"scale": [3.3, 3.3, 3]
		},
		"firstperson_righthand": {
			"rotation": [-4, -90, -8],
			"translation": [2.5, 2, -0.25],
			"scale": [2, 2, 2]
		},
		"firstperson_lefthand": {
			"rotation": [9, 90, -8],
			"translation": [2.5, 2.5, -0.25],
			"scale": [2, 2, 2]
		},
		"ground": {
			"translation": [0, 7.75, 0],
			"scale": [2, 2, 2]
		},
		"gui": {
			"rotation": [0, 0, -46],
			"scale": [1.5, 1.5, 1.5]
		},
		"head": {
			"rotation": [0, 0, -132],
			"translation": [-2.25, -15, 3.5],
			"scale": [3.5, 3.5, 3.5]
		},
		"fixed": {
			"rotation": [-180, 0, 138],
			"translation": [-1.25, 1.75, -0.25],
			"scale": [4, 4, 3]
		}
	},
	"groups": [
		{
			"name": "divine_justice",
			"origin": [8, 8, 8],
			"color": 0,
			"children": [
				0,
				1,
				2,
				3,
				4,
				5,
				6,
				7,
				8,
				9,
				10,
				11,
				12,
				13,
				14,
				15,
				16,
				17,
				18,
				19,
				20,
				21,
				22,
				23,
				24,
				25,
				26,
				27,
				28,
				29,
				30,
				31,
				32,
				33,
				34,
				35,
				36,
				37,
				38,
				39,
				40,
				41,
				42,
				43,
				44,
				45,
				46,
				47,
				48,
				49,
				50,
				51,
				52,
				53,
				54,
				55,
				56,
				57,
				58,
				59,
				60,
				61,
				62,
				63,
				64,
				65,
				66,
				67,
				68,
				69,
				70,
				71,
				72,
				73,
				74,
				75,
				76,
				77,
				78,
				79,
				80,
				81,
				82,
				83,
				84,
				85,
				86,
				87,
				88,
				89,
				90,
				91,
				92,
				93
			]
		}
	]
}