{
	"format_version": "1.21.11",
	"credit": "Made with Blockbench",
	"textures": {
		"0": "item/epicsword",
		"particle": "item/epicsword"
	},
	"elements": [
		{
			"from": [7, 0, 8],
			"to": [7.75, 3.75, 8.5],
			"faces": {
				"north": {"uv": [7.75, 11.625, 8.125, 13.5], "texture": "#0"},
				"east": {"uv": [7.875, 11.625, 8.125, 13.5], "texture": "#0"},
				"south": {"uv": [8.125, 11.625, 7.75, 13.5], "texture": "#0"},
				"west": {"uv": [7.875, 11.625, 8.125, 13.5], "texture": "#0"}
			}
		},
		{
			"from": [6.75, -0.5, 7.75],
			"to": [8, 0, 8.75],
			"faces": {
				"north": {"uv": [7.625, 13.5, 8.25, 13.75], "texture": "#0"},
				"east": {"uv": [7.625, 13.5, 8.125, 13.75], "texture": "#0"},
				"south": {"uv": [7.625, 13.5, 8.25, 13.75], "texture": "#0"},
				"west": {"uv": [7.625, 13.5, 8.125, 13.75], "texture": "#0"},
				"up": {"uv": [7.625, 13.5, 7.75, 13.625], "texture": "#0"},
				"down": {"uv": [7.625, 13.625, 7.75, 13.75], "texture": "#0"}
			}
		},
		{
			"from": [7, 3.75, 7.935],
			"to": [7.75, 5.25, 8.56],
			"faces": {
				"north": {"uv": [7.75, 10.875, 8.125, 11.625], "texture": "#0"},
				"east": {"uv": [8, 10.5, 7.875, 10.875], "texture": "#0"},
				"south": {"uv": [8.125, 10.875, 7.75, 11.625], "texture": "#0"},
				"west": {"uv": [8, 10.5, 7.875, 10.875], "texture": "#0"},
				"up": {"uv": [8.125, 10.875, 8, 11], "texture": "#0"},
				"down": {"uv": [7.25, 11.125, 7.375, 11.25], "texture": "#0"}
			}
		},
		{
			"from": [7.25, 5.25, 7.935],
			"to": [7.5, 6, 8.56],
			"faces": {
				"north": {"uv": [7.875, 10.5, 8, 10.875], "texture": "#0"},
				"east": {"uv": [8, 10.5, 7.875, 10.875], "texture": "#0"},
				"south": {"uv": [8, 10.5, 7.875, 10.875], "texture": "#0"},
				"west": {"uv": [8, 10.5, 7.875, 10.875], "texture": "#0"},
				"up": {"uv": [8, 10.625, 7.875, 10.75], "texture": "#0"}
			}
		},
		{
			"from": [7.75, 3.75, 7.935],
			"to": [8, 4.5, 8.56],
			"faces": {
				"north": {"uv": [7.625, 11.25, 7.75, 11.625], "texture": "#0"},
				"east": {"uv": [8, 10.5, 7.875, 10.875], "texture": "#0"},
				"south": {"uv": [7.75, 11.25, 7.625, 11.625], "texture": "#0"},
				"up": {"uv": [8.625, 11, 8.75, 11.125], "texture": "#0"},
				"down": {"uv": [7.25, 11.125, 7.375, 11.25], "texture": "#0"}
			}
		},
		{
			"from": [6.75, 3.75, 7.935],
			"to": [7, 4.5, 8.56],
			"faces": {
				"north": {"uv": [8.125, 11.25, 8.25, 11.625], "texture": "#0"},
				"south": {"uv": [8.25, 11.25, 8.125, 11.625], "texture": "#0"},
				"west": {"uv": [8, 10.5, 7.875, 10.875], "texture": "#0"},
				"up": {"uv": [8.625, 11, 8.75, 11.125], "texture": "#0"},
				"down": {"uv": [7.25, 11.125, 7.375, 11.25], "texture": "#0"}
			}
		},
		{
			"from": [8, 4, 7.935],
			"to": [8.5, 4.75, 8.56],
			"faces": {
				"north": {"uv": [7.375, 11.125, 7.625, 11.5], "texture": "#0"},
				"east": {"uv": [8, 10.5, 7.875, 10.875], "texture": "#0"},
				"south": {"uv": [7.625, 11.125, 7.375, 11.5], "texture": "#0"},
				"west": {"uv": [8, 10.5, 7.875, 10.875], "texture": "#0"},
				"up": {"uv": [8.625, 11, 8.75, 11.125], "texture": "#0"},
				"down": {"uv": [7.25, 11.125, 7.375, 11.25], "texture": "#0"}
			}
		},
		{
			"from": [6.25, 4, 7.935],
			"to": [6.75, 4.75, 8.56],
			"faces": {
				"north": {"uv": [8.25, 11.125, 8.5, 11.5], "texture": "#0"},
				"east": {"uv": [8.625, 11, 8.75, 11.125], "texture": "#0"},
				"south": {"uv": [8.5, 11.125, 8.25, 11.5], "texture": "#0"},
				"west": {"uv": [8, 10.5, 7.875, 10.875], "texture": "#0"},
				"up": {"uv": [8.625, 11, 8.75, 11.125], "texture": "#0"},
				"down": {"uv": [7.25, 11.125, 7.375, 11.25], "texture": "#0"}
			}
		},
		{
			"from": [8.5, 4.25, 7.935],
			"to": [9, 5, 8.56],
			"faces": {
				"north": {"uv": [7.125, 11, 7.375, 11.375], "texture": "#0"},
				"east": {"uv": [7.125, 11, 7.25, 11.375], "texture": "#0"},
				"south": {"uv": [7.375, 11, 7.125, 11.375], "texture": "#0"},
				"west": {"uv": [8, 10.5, 7.875, 10.875], "texture": "#0"},
				"up": {"uv": [8.625, 11, 8.75, 11.125], "texture": "#0"},
				"down": {"uv": [7.25, 11.125, 7.375, 11.25], "texture": "#0"}
			}
		},
		{
			"from": [5.75, 4.25, 7.935],
			"to": [6.25, 5, 8.56],
			"faces": {
				"north": {"uv": [8.5, 11, 8.75, 11.375], "texture": "#0"},
				"east": {"uv": [8.625, 11, 8.75, 11.125], "texture": "#0"},
				"south": {"uv": [8.75, 11, 8.5, 11.375], "texture": "#0"},
				"west": {"uv": [8.625, 11, 8.75, 11.375], "texture": "#0"},
				"up": {"uv": [8.625, 11, 8.75, 11.125], "texture": "#0"},
				"down": {"uv": [7.25, 11.125, 7.375, 11.25], "texture": "#0"}
			}
		},
		{
			"from": [6.75, 4.5, 8.183],
			"to": [8, 16.5, 8.308],
			"faces": {
				"north": {"uv": [7.625, 5.25, 8.25, 11.25], "texture": "#0"},
				"east": {"uv": [7.75, 6.25, 7.625, 11.25], "texture": "#0"},
				"south": {"uv": [8.25, 5.25, 7.625, 11.25], "texture": "#0"},
				"west": {"uv": [8.25, 6.25, 8.125, 11.25], "texture": "#0"},
				"up": {"uv": [8, 4.75, 7.875, 4.875], "texture": "#0"}
			}
		},
		{
			"from": [7, 16.5, 8.183],
			"to": [7.75, 17, 8.308],
			"faces": {
				"north": {"uv": [7.75, 5, 8.125, 5.25], "texture": "#0"},
				"east": {"uv": [7.875, 5, 7.75, 5.25], "texture": "#0"},
				"south": {"uv": [8.125, 5, 7.75, 5.25], "texture": "#0"},
				"west": {"uv": [8.125, 5, 8, 5.25], "texture": "#0"},
				"up": {"uv": [8, 4.75, 7.875, 4.875], "texture": "#0"}
			}
		},
		{
			"from": [7.25, 17, 8.183],
			"to": [7.5, 17.5, 8.308],
			"faces": {
				"north": {"uv": [7.875, 4.75, 8, 5], "texture": "#0"},
				"east": {"uv": [8, 4.75, 7.875, 5], "texture": "#0"},
				"south": {"uv": [8, 4.75, 7.875, 5], "texture": "#0"},
				"west": {"uv": [8, 4.75, 7.875, 5], "texture": "#0"},
				"up": {"uv": [8, 4.75, 7.875, 4.875], "texture": "#0"}
			}
		},
		{
			"from": [7, 4.5, 8.123],
			"to": [7.75, 16.5, 8.373],
			"faces": {
				"north": {"uv": [7.75, 5.25, 8.125, 11.25], "texture": "#0"},
				"east": {"uv": [8.125, 5.25, 8, 11.25], "texture": "#0"},
				"south": {"uv": [8.125, 5.25, 7.75, 11.25], "texture": "#0"},
				"west": {"uv": [7.875, 5.25, 7.75, 11.25], "texture": "#0"},
				"up": {"uv": [8, 6, 7.875, 6.125], "texture": "#0"}
			}
		},
		{
			"from": [7.25, 16.5, 8.123],
			"to": [7.5, 17, 8.373],
			"faces": {
				"north": {"uv": [7.875, 6, 8, 6.25], "texture": "#0"},
				"east": {"uv": [8, 6, 7.875, 6.25], "texture": "#0"},
				"south": {"uv": [8, 6, 7.875, 6.25], "texture": "#0"},
				"west": {"uv": [8, 6, 7.875, 6.25], "texture": "#0"},
				"up": {"uv": [8, 6, 7.875, 6.125], "texture": "#0"}
			}
		}
	],
	"gui_light": "front",
	"display": {
		"thirdperson_righthand": {
			"rotation": [0, 90, 0],
			"translation": [-0.5, 7.75, 0],
			"scale": [1.7, 1.7, 1.7]
		},
		"thirdperson_lefthand": {
			"rotation": [0, -90, 0],
			"translation": [0.25, 7.75, 0.25],
			"scale": [1.7, 1.7, 1.7]
		},
		"firstperson_righthand": {
			"rotation": [6, 95, 0],
			"translation": [1.5, 6, 0.5]
		},
		"firstperson_lefthand": {
			"rotation": [6, -80, 0],
			"translation": [2.25, 6.25, 0]
		},
		"ground": {
			"rotation": [0, 0, -45],
			"translation": [0, 3.3956, 0],
			"scale": [1.5, 1.5, 1.5]
		},
		"gui": {
			"rotation": [0, 0, -45],
			"translation": [0.5, -0.5, 0],
			"scale": [1.2, 1.2, 1.2]
		},
		"head": {
			"rotation": [0, 0, 45],
			"translation": [0, 19, 0],
			"scale": [2, 2, 2]
		},
		"fixed": {
			"rotation": [0, 0, 45],
			"translation": [0.25, 3, -2],
			"scale": [2.7, 2.7, 2.7]
		}
	},
	"groups": [
		{
			"name": "hilt",
			"origin": [8, 8, 8],
			"color": 0,
			"children": [0, 1, 2, 3, 4, 5, 6, 7, 8, 9]
		},
		{
			"name": "blade",
			"origin": [8, 8, 8],
			"color": 0,
			"children": [10, 11, 12, 13, 14]
		}
	]
}