{
	"format_version": "1.21.11",
	"credit": "Made with Blockbench",
	"textures": {
		"0": "item/icewhisper",
		"1": "item/icewhisper_layer",
		"particle": "item/icewhisper"
	},
	"elements": [
		{
			"name": "iw2_0",
			"from": [7.25, 13.875, 7.95],
			"to": [7.375, 14.125, 8.175],
			
			"faces": {
				"north": {"uv": [7.375, 1.875, 7.25, 2.125], "texture": "#0"},
				"east": {"uv": [7.25, 1.875, 7.375, 2.125], "texture": "#0"},
				"south": {"uv": [7.25, 1.875, 7.375, 2.125], "texture": "#0"},
				"west": {"uv": [7.25, 1.875, 7.375, 2.125], "texture": "#0"},
				"up": {"uv": [7.25, 1.875, 7.375, 2], "texture": "#0"},
				"down": {"uv": [7.25, 2, 7.375, 2.125], "texture": "#0"}
			}
		},
		{
			"name": "iw2_1",
			"from": [8, 13.25, 7.95],
			"to": [8.125, 14.125, 8.175],
			
			"faces": {
				"north": {"uv": [8.125, 1.875, 8, 2.75], "texture": "#0"},
				"east": {"uv": [8, 1.875, 8.125, 2.75], "texture": "#0"},
				"south": {"uv": [8, 1.875, 8.125, 2.75], "texture": "#0"},
				"west": {"uv": [8, 1.875, 8.125, 2.75], "texture": "#0"},
				"up": {"uv": [8, 1.875, 8.125, 2], "texture": "#0"}
			}
		},
		{
			"name": "iw2_2",
			"from": [7.125, 13.5, 7.95],
			"to": [7.25, 14, 8.175],
			
			"faces": {
				"north": {"uv": [7.25, 2, 7.125, 2.5], "texture": "#0"},
				"east": {"uv": [7.125, 2, 7.25, 2.5], "texture": "#0"},
				"south": {"uv": [7.125, 2, 7.25, 2.5], "texture": "#0"},
				"west": {"uv": [7.125, 2, 7.25, 2.5], "texture": "#0"},
				"up": {"uv": [7.125, 2, 7.25, 2.125], "texture": "#0"},
				"down": {"uv": [7.125, 2.375, 7.25, 2.5], "texture": "#0"}
			}
		},
		{
			"name": "iw2_3",
			"from": [7, 11.25, 7.95],
			"to": [7.125, 13.875, 8.175],
			
			"faces": {
				"north": {"uv": [7.125, 2.125, 7, 4.75], "texture": "#0"},
				"east": {"uv": [7, 2.125, 7.125, 4.75], "texture": "#0"},
				"south": {"uv": [7, 2.125, 7.125, 4.75], "texture": "#0"},
				"west": {"uv": [7, 2.125, 7.125, 4.75], "texture": "#0"},
				"up": {"uv": [7, 2.125, 7.125, 2.25], "texture": "#0"},
				"down": {"uv": [7, 4.625, 7.125, 4.75], "texture": "#0"}
			}
		},
		{
			"name": "iw2_4",
			"from": [6.875, 9.25, 7.95],
			"to": [7, 13.75, 8.175],
			
			"faces": {
				"north": {"uv": [7, 2.25, 6.875, 6.75], "texture": "#0"},
				"east": {"uv": [6.875, 2.25, 7, 6.75], "texture": "#0"},
				"south": {"uv": [6.875, 2.25, 7, 6.75], "texture": "#0"},
				"west": {"uv": [6.875, 2.25, 7, 6.75], "texture": "#0"},
				"up": {"uv": [6.875, 2.25, 7, 2.375], "texture": "#0"},
				"down": {"uv": [6.875, 6.625, 7, 6.75], "texture": "#0"}
			}
		},
		{
			"name": "iw2_5",
			"from": [8.125, 13.5, 7.95],
			"to": [8.375, 13.625, 8.175],
			
			"faces": {
				"north": {"uv": [8.375, 2.375, 8.125, 2.5], "texture": "#0"},
				"east": {"uv": [8.25, 2.375, 8.375, 2.5], "texture": "#0"},
				"south": {"uv": [8.125, 2.375, 8.375, 2.5], "texture": "#0"},
				"up": {"uv": [8.125, 2.375, 8.375, 2.5], "texture": "#0"},
				"down": {"uv": [8.125, 2.375, 8.375, 2.5], "texture": "#0"}
			}
		},
		{
			"name": "iw2_6",
			"from": [6.5, 10.25, 7.95],
			"to": [6.625, 13.5, 8.175],
			
			"faces": {
				"north": {"uv": [6.625, 2.5, 6.5, 5.75], "texture": "#0"},
				"east": {"uv": [6.5, 2.5, 6.625, 5.75], "texture": "#0"},
				"south": {"uv": [6.5, 2.5, 6.625, 5.75], "texture": "#0"},
				"west": {"uv": [6.5, 2.5, 6.625, 5.75], "texture": "#0"},
				"up": {"uv": [6.5, 2.5, 6.625, 2.625], "texture": "#0"},
				"down": {"uv": [6.5, 5.625, 6.625, 5.75], "texture": "#0"}
			}
		},
		{
			"name": "iw2_7",
			"from": [6.75, 9.5, 7.95],
			"to": [6.875, 13.5, 8.175],
			
			"faces": {
				"north": {"uv": [6.875, 2.5, 6.75, 6.5], "texture": "#0"},
				"south": {"uv": [6.75, 2.5, 6.875, 6.5], "texture": "#0"},
				"west": {"uv": [6.75, 2.5, 6.875, 6.5], "texture": "#0"},
				"up": {"uv": [6.75, 2.5, 6.875, 2.625], "texture": "#0"},
				"down": {"uv": [6.75, 6.375, 6.875, 6.5], "texture": "#0"}
			}
		},
		{
			"name": "iw2_8",
			"from": [7.875, 13.25, 7.95],
			"to": [8, 13.5, 8.175],
			
			"faces": {
				"north": {"uv": [8, 2.5, 7.875, 2.75], "texture": "#0"},
				"south": {"uv": [7.875, 2.5, 8, 2.75], "texture": "#0"},
				"west": {"uv": [7.875, 2.5, 8, 2.75], "texture": "#0"},
				"up": {"uv": [7.875, 2.5, 8, 2.625], "texture": "#0"}
			}
		},
		{
			"name": "iw2_9",
			"from": [8.125, 13.25, 7.95],
			"to": [8.25, 13.5, 8.175],
			
			"faces": {
				"north": {"uv": [8.25, 2.5, 8.125, 2.75], "texture": "#0"},
				"east": {"uv": [8.125, 2.5, 8.25, 2.75], "texture": "#0"},
				"south": {"uv": [8.125, 2.5, 8.25, 2.75], "texture": "#0"}
			}
		},
		{
			"name": "iw2_10",
			"from": [6.625, 9.75, 7.95],
			"to": [6.75, 13.125, 8.175],
			
			"faces": {
				"north": {"uv": [6.75, 2.875, 6.625, 6.25], "texture": "#0"},
				"south": {"uv": [6.625, 2.875, 6.75, 6.25], "texture": "#0"},
				"west": {"uv": [6.625, 2.875, 6.75, 6.25], "texture": "#0"},
				"up": {"uv": [6.625, 2.875, 6.75, 3], "texture": "#0"},
				"down": {"uv": [6.625, 6.125, 6.75, 6.25], "texture": "#0"}
			}
		},
		{
			"name": "iw2_11",
			"from": [8.75, 11.375, 7.95],
			"to": [8.875, 13.125, 8.175],
			
			"faces": {
				"north": {"uv": [8.875, 2.875, 8.75, 4.625], "texture": "#0"},
				"east": {"uv": [8.75, 2.875, 8.875, 4.625], "texture": "#0"},
				"south": {"uv": [8.75, 2.875, 8.875, 4.625], "texture": "#0"},
				"west": {"uv": [8.75, 2.875, 8.875, 4.625], "texture": "#0"},
				"up": {"uv": [8.75, 2.875, 8.875, 3], "texture": "#0"},
				"down": {"uv": [8.75, 4.5, 8.875, 4.625], "texture": "#0"}
			}
		},
		{
			"name": "iw2_12",
			"from": [7.125, 11.5, 7.95],
			"to": [7.25, 13, 8.175],
			
			"faces": {
				"north": {"uv": [7.25, 3, 7.125, 4.5], "texture": "#0"},
				"east": {"uv": [7.125, 3, 7.25, 4.5], "texture": "#0"},
				"south": {"uv": [7.125, 3, 7.25, 4.5], "texture": "#0"},
				"up": {"uv": [7.125, 3, 7.25, 3.125], "texture": "#0"},
				"down": {"uv": [7.125, 4.375, 7.25, 4.5], "texture": "#0"}
			}
		},
		{
			"name": "iw2_13",
			"from": [8.875, 11.75, 7.95],
			"to": [9, 13, 8.175],
			
			"faces": {
				"north": {"uv": [9, 3, 8.875, 4.25], "texture": "#0"},
				"east": {"uv": [8.875, 3, 9, 4.25], "texture": "#0"},
				"south": {"uv": [8.875, 3, 9, 4.25], "texture": "#0"},
				"up": {"uv": [8.875, 3, 9, 3.125], "texture": "#0"},
				"down": {"uv": [8.875, 4.125, 9, 4.25], "texture": "#0"}
			}
		},
		{
			"name": "iw2_14",
			"from": [6.375, 11, 7.95],
			"to": [6.5, 12.875, 8.175],
			
			"faces": {
				"north": {"uv": [6.5, 3.125, 6.375, 5], "texture": "#0"},
				"south": {"uv": [6.375, 3.125, 6.5, 5], "texture": "#0"},
				"west": {"uv": [6.375, 3.125, 6.5, 5], "texture": "#0"},
				"up": {"uv": [6.375, 3.125, 6.5, 3.25], "texture": "#0"},
				"down": {"uv": [6.375, 4.875, 6.5, 5], "texture": "#0"}
			}
		},
		{
			"name": "iw2_15",
			"from": [8.625, 12.125, 7.95],
			"to": [8.75, 12.875, 8.175],
			
			"faces": {
				"north": {"uv": [8.75, 3.125, 8.625, 3.875], "texture": "#0"},
				"south": {"uv": [8.625, 3.125, 8.75, 3.875], "texture": "#0"},
				"west": {"uv": [8.625, 3.125, 8.75, 3.875], "texture": "#0"},
				"up": {"uv": [8.625, 3.125, 8.75, 3.25], "texture": "#0"},
				"down": {"uv": [8.625, 3.75, 8.75, 3.875], "texture": "#0"}
			}
		},
		{
			"name": "iw2_16",
			"from": [7.25, 11.625, 7.95],
			"to": [7.375, 12.75, 8.175],
			
			"faces": {
				"north": {"uv": [7.375, 3.25, 7.25, 4.375], "texture": "#0"},
				"east": {"uv": [7.25, 3.25, 7.375, 4.375], "texture": "#0"},
				"south": {"uv": [7.25, 3.25, 7.375, 4.375], "texture": "#0"},
				"up": {"uv": [7.25, 3.25, 7.375, 3.375], "texture": "#0"},
				"down": {"uv": [7.25, 4.25, 7.375, 4.375], "texture": "#0"}
			}
		},
		{
			"name": "iw2_17",
			"from": [7.625, 11.875, 7.95],
			"to": [7.75, 12.75, 8.175],
			
			"faces": {
				"north": {"uv": [7.75, 3.25, 7.625, 4.125], "texture": "#0"},
				"south": {"uv": [7.625, 3.25, 7.75, 4.125], "texture": "#0"},
				"west": {"uv": [7.625, 3.25, 7.75, 4.125], "texture": "#0"},
				"up": {"uv": [7.625, 3.25, 7.75, 3.375], "texture": "#0"},
				"down": {"uv": [7.625, 4, 7.75, 4.125], "texture": "#0"}
			}
		},
		{
			"name": "iw2_18",
			"from": [8.375, 12.25, 7.95],
			"to": [8.625, 12.75, 8.175],
			
			"faces": {
				"north": {"uv": [8.625, 3.25, 8.375, 3.75], "texture": "#0"},
				"south": {"uv": [8.375, 3.25, 8.625, 3.75], "texture": "#0"},
				"up": {"uv": [8.375, 3.25, 8.625, 3.375], "texture": "#0"},
				"down": {"uv": [8.375, 3.625, 8.625, 3.75], "texture": "#0"}
			}
		},
		{
			"name": "iw2_19",
			"from": [9, 12.25, 7.95],
			"to": [9.125, 12.75, 8.175],
			
			"faces": {
				"north": {"uv": [9.125, 3.25, 9, 3.75], "texture": "#0"},
				"east": {"uv": [9, 3.25, 9.125, 3.75], "texture": "#0"},
				"south": {"uv": [9, 3.25, 9.125, 3.75], "texture": "#0"},
				"up": {"uv": [9, 3.25, 9.125, 3.375], "texture": "#0"},
				"down": {"uv": [9, 3.625, 9.125, 3.75], "texture": "#0"}
			}
		},
		{
			"name": "iw2_20",
			"from": [7.375, 11.75, 7.95],
			"to": [7.625, 12.625, 8.175],
			
			"faces": {
				"north": {"uv": [7.625, 3.375, 7.375, 4.25], "texture": "#0"},
				"east": {"uv": [7.5, 3.375, 7.625, 4.25], "texture": "#0"},
				"south": {"uv": [7.375, 3.375, 7.625, 4.25], "texture": "#0"},
				"up": {"uv": [7.375, 3.375, 7.625, 3.5], "texture": "#0"},
				"down": {"uv": [7.375, 4.125, 7.625, 4.25], "texture": "#0"}
			}
		},
		{
			"name": "iw2_21",
			"from": [6.25, 11.5, 7.95],
			"to": [6.375, 12.25, 8.175],
			
			"faces": {
				"north": {"uv": [6.375, 3.75, 6.25, 4.5], "texture": "#0"},
				"south": {"uv": [6.25, 3.75, 6.375, 4.5], "texture": "#0"},
				"west": {"uv": [6.25, 3.75, 6.375, 4.5], "texture": "#0"},
				"up": {"uv": [6.25, 3.75, 6.375, 3.875], "texture": "#0"},
				"down": {"uv": [6.25, 4.375, 6.375, 4.5], "texture": "#0"}
			}
		},
		{
			"name": "iw2_22",
			"from": [8.375, 12.125, 7.95],
			"to": [8.5, 12.25, 8.175],
			
			"faces": {
				"north": {"uv": [8.5, 3.75, 8.375, 3.875], "texture": "#0"},
				"east": {"uv": [8.375, 3.75, 8.5, 3.875], "texture": "#0"},
				"south": {"uv": [8.375, 3.75, 8.5, 3.875], "texture": "#0"},
				"down": {"uv": [8.375, 3.75, 8.5, 3.875], "texture": "#0"}
			}
		},
		{
			"name": "iw2_23",
			"from": [7.875, 11, 7.9],
			"to": [8.25, 11.75, 8.225],
			
			"faces": {
				"north": {"uv": [8.25, 4.25, 7.875, 5], "texture": "#0"},
				"east": {"uv": [8.125, 4.25, 8.25, 5], "texture": "#0"},
				"south": {"uv": [7.875, 4.25, 8.25, 5], "texture": "#0"},
				"west": {"uv": [7.875, 4.25, 8, 5], "texture": "#0"}
			}
		},
		{
			"name": "iw2_24",
			"from": [7, 10.375, 7.95],
			"to": [7.25, 11, 8.175],
			
			"faces": {
				"north": {"uv": [7.25, 5, 7, 5.625], "texture": "#0"},
				"east": {"uv": [7.125, 5, 7.25, 5.625], "texture": "#0"},
				"south": {"uv": [7, 5, 7.25, 5.625], "texture": "#0"},
				"up": {"uv": [7, 5, 7.25, 5.125], "texture": "#0"},
				"down": {"uv": [7, 5.5, 7.25, 5.625], "texture": "#0"}
			}
		},
		{
			"name": "iw2_25",
			"from": [7.25, 10.625, 7.95],
			"to": [7.75, 10.875, 8.175],
			
			"faces": {
				"north": {"uv": [7.75, 5.125, 7.25, 5.375], "texture": "#0"},
				"south": {"uv": [7.25, 5.125, 7.75, 5.375], "texture": "#0"},
				"up": {"uv": [7.25, 5.125, 7.75, 5.25], "texture": "#0"},
				"down": {"uv": [7.25, 5.25, 7.75, 5.375], "texture": "#0"}
			}
		},
		{
			"name": "iw2_26",
			"from": [7.875, 10.125, 7.9],
			"to": [8.25, 10.5, 8.225],
			
			"faces": {
				"north": {"uv": [8.25, 5.5, 7.875, 5.875], "texture": "#0"},
				"east": {"uv": [8.125, 5.5, 8.25, 5.875], "texture": "#0"},
				"south": {"uv": [7.875, 5.5, 8.25, 5.875], "texture": "#0"},
				"west": {"uv": [7.875, 5.5, 8, 5.875], "texture": "#0"}
			}
		},
		{
			"name": "iw2_27",
			"from": [7, 9.125, 7.95],
			"to": [7.125, 10.375, 8.175],
			
			"faces": {
				"north": {"uv": [7.125, 5.625, 7, 6.875], "texture": "#0"},
				"east": {"uv": [7, 5.625, 7.125, 6.875], "texture": "#0"},
				"south": {"uv": [7, 5.625, 7.125, 6.875], "texture": "#0"},
				"west": {"uv": [7, 5.625, 7.125, 6.875], "texture": "#0"},
				"down": {"uv": [7, 6.75, 7.125, 6.875], "texture": "#0"}
			}
		},
		{
			"name": "iw2_28",
			"from": [7.875, 3.75, 7.9],
			"to": [8.25, 9.875, 8.225],
			
			"faces": {
				"north": {"uv": [8.25, 6.125, 7.875, 12.25], "texture": "#0"},
				"east": {"uv": [8.125, 6.125, 8.25, 12.25], "texture": "#0"},
				"south": {"uv": [7.875, 6.125, 8.25, 12.25], "texture": "#0"},
				"west": {"uv": [7.875, 6.125, 8, 12.25], "texture": "#0"}
			}
		},
		{
			"name": "iw2_29",
			"from": [7.125, 9, 7.95],
			"to": [7.25, 9.375, 8.175],
			
			"faces": {
				"north": {"uv": [7.25, 6.625, 7.125, 7], "texture": "#0"},
				"east": {"uv": [7.125, 6.625, 7.25, 7], "texture": "#0"},
				"south": {"uv": [7.125, 6.625, 7.25, 7], "texture": "#0"},
				"west": {"uv": [7.125, 6.625, 7.25, 7], "texture": "#0"},
				"up": {"uv": [7.125, 6.625, 7.25, 6.75], "texture": "#0"},
				"down": {"uv": [7.125, 6.875, 7.25, 7], "texture": "#0"}
			}
		},
		{
			"name": "iw2_30",
			"from": [7.25, 8.875, 7.95],
			"to": [7.375, 9, 8.175],
			
			"faces": {
				"north": {"uv": [7.375, 7, 7.25, 7.125], "texture": "#0"},
				"east": {"uv": [7.25, 7, 7.375, 7.125], "texture": "#0"},
				"south": {"uv": [7.25, 7, 7.375, 7.125], "texture": "#0"},
				"west": {"uv": [7.25, 7, 7.375, 7.125], "texture": "#0"},
				"up": {"uv": [7.25, 7, 7.375, 7.125], "texture": "#0"},
				"down": {"uv": [7.25, 7, 7.375, 7.125], "texture": "#0"}
			}
		},
		{
			"name": "iw2_31",
			"from": [7.875, 1.75, 7.9],
			"to": [8.25, 3.5, 8.225],
			
			"faces": {
				"north": {"uv": [8.25, 12.5, 7.875, 14.25], "texture": "#0"},
				"east": {"uv": [8.125, 12.5, 8.25, 14.25], "texture": "#0"},
				"south": {"uv": [7.875, 12.5, 8.25, 14.25], "texture": "#0"},
				"west": {"uv": [7.875, 12.5, 8, 14.25], "texture": "#0"}
			}
		},
		{
			"name": "iw2_32",
			"from": [7.875, 0.875, 8],
			"to": [8.25, 1.5, 8.125],
			
			"faces": {
				"north": {"uv": [8.25, 14.5, 7.875, 15.125], "texture": "#0"},
				"east": {"uv": [8.125, 14.5, 8.25, 15.125], "texture": "#0"},
				"south": {"uv": [7.875, 14.5, 8.25, 15.125], "texture": "#0"},
				"west": {"uv": [7.875, 14.5, 8, 15.125], "texture": "#0"},
				"down": {"uv": [7.875, 15, 8.25, 15.125], "texture": "#0"}
			}
		},
		{
			"name": "iw2_33",
			"from": [7.75, 1.25, 8],
			"to": [7.875, 1.375, 8.125],
			
			"faces": {
				"north": {"uv": [7.875, 14.625, 7.75, 14.75], "texture": "#0"},
				"south": {"uv": [7.75, 14.625, 7.875, 14.75], "texture": "#0"},
				"west": {"uv": [7.75, 14.625, 7.875, 14.75], "texture": "#0"},
				"up": {"uv": [7.75, 14.625, 7.875, 14.75], "texture": "#0"},
				"down": {"uv": [7.75, 14.625, 7.875, 14.75], "texture": "#0"}
			}
		},
		{
			"name": "iw2_34",
			"from": [8.25, 1.25, 8],
			"to": [8.375, 1.375, 8.125],
			
			"faces": {
				"north": {"uv": [8.375, 14.625, 8.25, 14.75], "texture": "#0"},
				"east": {"uv": [8.25, 14.625, 8.375, 14.75], "texture": "#0"},
				"south": {"uv": [8.25, 14.625, 8.375, 14.75], "texture": "#0"},
				"up": {"uv": [8.25, 14.625, 8.375, 14.75], "texture": "#0"},
				"down": {"uv": [8.25, 14.625, 8.375, 14.75], "texture": "#0"}
			}
		},
		{
			"name": "iw2_35",
			"from": [8, 0.375, 8],
			"to": [8.125, 0.875, 8.125],
			
			"faces": {
				"north": {"uv": [8.125, 15.125, 8, 15.625], "texture": "#0"},
				"east": {"uv": [8, 15.125, 8.125, 15.625], "texture": "#0"},
				"south": {"uv": [8, 15.125, 8.125, 15.625], "texture": "#0"},
				"west": {"uv": [8, 15.125, 8.125, 15.625], "texture": "#0"},
				"down": {"uv": [8, 15.5, 8.125, 15.625], "texture": "#0"}
			}
		},
		{
			"name": "iw1_0",
			"from": [8, 14.125, 8],
			"to": [8.125, 15.875, 8.125],
			
			"faces": {
				"north": {"uv": [8.125, 0.125, 8, 1.875], "texture": "#0"},
				"east": {"uv": [8, 0.125, 8.125, 1.875], "texture": "#0"},
				"south": {"uv": [8, 0.125, 8.125, 1.875], "texture": "#0"},
				"west": {"uv": [8, 0.125, 8.125, 1.875], "texture": "#0"},
				"up": {"uv": [8, 0.125, 8.125, 0.25], "texture": "#0"}
			}
		},
		{
			"name": "iw1_1",
			"from": [7.875, 13.5, 8],
			"to": [8, 15.125, 8.125],
			
			"faces": {
				"north": {"uv": [8, 0.875, 7.875, 2.5], "texture": "#0"},
				"south": {"uv": [7.875, 0.875, 8, 2.5], "texture": "#0"},
				"west": {"uv": [7.875, 0.875, 8, 2.5], "texture": "#0"},
				"up": {"uv": [7.875, 0.875, 8, 1], "texture": "#0"}
			}
		},
		{
			"name": "iw1_2",
			"from": [8.125, 13.625, 8],
			"to": [8.25, 15.125, 8.125],
			
			"faces": {
				"north": {"uv": [8.25, 0.875, 8.125, 2.375], "texture": "#0"},
				"east": {"uv": [8.125, 0.875, 8.25, 2.375], "texture": "#0"},
				"south": {"uv": [8.125, 0.875, 8.25, 2.375], "texture": "#0"},
				"up": {"uv": [8.125, 0.875, 8.25, 1], "texture": "#0"}
			}
		},
		{
			"name": "iw1_3",
			"from": [6.625, 13.125, 8],
			"to": [6.75, 14.5, 8.125],
			
			"faces": {
				"north": {"uv": [6.75, 1.5, 6.625, 2.875], "texture": "#0"},
				"east": {"uv": [6.625, 1.5, 6.75, 2.875], "texture": "#0"},
				"south": {"uv": [6.625, 1.5, 6.75, 2.875], "texture": "#0"},
				"west": {"uv": [6.625, 1.5, 6.75, 2.875], "texture": "#0"},
				"up": {"uv": [6.625, 1.5, 6.75, 1.625], "texture": "#0"}
			}
		},
		{
			"name": "iw1_4",
			"from": [8.375, 14.25, 8],
			"to": [8.5, 14.5, 8.125],
			
			"faces": {
				"north": {"uv": [8.5, 1.5, 8.375, 1.75], "texture": "#0"},
				"east": {"uv": [8.375, 1.5, 8.5, 1.75], "texture": "#0"},
				"south": {"uv": [8.375, 1.5, 8.5, 1.75], "texture": "#0"},
				"west": {"uv": [8.375, 1.5, 8.5, 1.75], "texture": "#0"},
				"up": {"uv": [8.375, 1.5, 8.5, 1.625], "texture": "#0"},
				"down": {"uv": [8.375, 1.625, 8.5, 1.75], "texture": "#0"}
			}
		},
		{
			"name": "iw1_5",
			"from": [6.5, 13.5, 8],
			"to": [6.625, 14.375, 8.125],
			
			"faces": {
				"north": {"uv": [6.625, 1.625, 6.5, 2.5], "texture": "#0"},
				"south": {"uv": [6.5, 1.625, 6.625, 2.5], "texture": "#0"},
				"west": {"uv": [6.5, 1.625, 6.625, 2.5], "texture": "#0"},
				"up": {"uv": [6.5, 1.625, 6.625, 1.75], "texture": "#0"}
			}
		},
		{
			"name": "iw1_6",
			"from": [7.25, 14.125, 8],
			"to": [7.5, 14.375, 8.125],
			
			"faces": {
				"north": {"uv": [7.5, 1.625, 7.25, 1.875], "texture": "#0"},
				"east": {"uv": [7.375, 1.625, 7.5, 1.875], "texture": "#0"},
				"south": {"uv": [7.25, 1.625, 7.5, 1.875], "texture": "#0"},
				"west": {"uv": [7.25, 1.625, 7.375, 1.875], "texture": "#0"},
				"up": {"uv": [7.25, 1.625, 7.5, 1.75], "texture": "#0"},
				"down": {"uv": [7.25, 1.75, 7.5, 1.875], "texture": "#0"}
			}
		},
		{
			"name": "iw1_7",
			"from": [7.5, 14.25, 8],
			"to": [7.625, 14.375, 8.125],
			
			"faces": {
				"north": {"uv": [7.625, 1.625, 7.5, 1.75], "texture": "#0"},
				"east": {"uv": [7.5, 1.625, 7.625, 1.75], "texture": "#0"},
				"south": {"uv": [7.5, 1.625, 7.625, 1.75], "texture": "#0"},
				"up": {"uv": [7.5, 1.625, 7.625, 1.75], "texture": "#0"},
				"down": {"uv": [7.5, 1.625, 7.625, 1.75], "texture": "#0"}
			}
		},
		{
			"name": "iw1_8",
			"from": [8.25, 14, 8],
			"to": [8.375, 14.375, 8.125],
			
			"faces": {
				"north": {"uv": [8.375, 1.625, 8.25, 2], "texture": "#0"},
				"east": {"uv": [8.25, 1.625, 8.375, 2], "texture": "#0"},
				"south": {"uv": [8.25, 1.625, 8.375, 2], "texture": "#0"},
				"up": {"uv": [8.25, 1.625, 8.375, 1.75], "texture": "#0"},
				"down": {"uv": [8.25, 1.875, 8.375, 2], "texture": "#0"}
			}
		},
		{
			"name": "iw1_9",
			"from": [7, 14, 8],
			"to": [7.25, 14.25, 8.125],
			
			"faces": {
				"north": {"uv": [7.25, 1.75, 7, 2], "texture": "#0"},
				"south": {"uv": [7, 1.75, 7.25, 2], "texture": "#0"},
				"west": {"uv": [7, 1.75, 7.125, 2], "texture": "#0"},
				"up": {"uv": [7, 1.75, 7.25, 1.875], "texture": "#0"}
			}
		},
		{
			"name": "iw1_10",
			"from": [6.375, 12.875, 8],
			"to": [6.5, 14.125, 8.125],
			
			"faces": {
				"north": {"uv": [6.5, 1.875, 6.375, 3.125], "texture": "#0"},
				"south": {"uv": [6.375, 1.875, 6.5, 3.125], "texture": "#0"},
				"west": {"uv": [6.375, 1.875, 6.5, 3.125], "texture": "#0"},
				"up": {"uv": [6.375, 1.875, 6.5, 2], "texture": "#0"}
			}
		},
		{
			"name": "iw1_11",
			"from": [6.875, 13.75, 8],
			"to": [7, 14.125, 8.125],
			
			"faces": {
				"north": {"uv": [7, 1.875, 6.875, 2.25], "texture": "#0"},
				"south": {"uv": [6.875, 1.875, 7, 2.25], "texture": "#0"},
				"west": {"uv": [6.875, 1.875, 7, 2.25], "texture": "#0"},
				"up": {"uv": [6.875, 1.875, 7, 2], "texture": "#0"}
			}
		},
		{
			"name": "iw1_12",
			"from": [6.75, 13.5, 8],
			"to": [6.875, 14, 8.125],
			
			"faces": {
				"north": {"uv": [6.875, 2, 6.75, 2.5], "texture": "#0"},
				"south": {"uv": [6.75, 2, 6.875, 2.5], "texture": "#0"},
				"up": {"uv": [6.75, 2, 6.875, 2.125], "texture": "#0"}
			}
		},
		{
			"name": "iw1_13",
			"from": [7, 13.875, 8],
			"to": [7.125, 14, 8.125],
			
			"faces": {
				"north": {"uv": [7.125, 2, 7, 2.125], "texture": "#0"},
				"south": {"uv": [7, 2, 7.125, 2.125], "texture": "#0"}
			}
		},
		{
			"name": "iw1_14",
			"from": [6.25, 12.25, 8],
			"to": [6.375, 13.875, 8.125],
			
			"faces": {
				"north": {"uv": [6.375, 2.125, 6.25, 3.75], "texture": "#0"},
				"south": {"uv": [6.25, 2.125, 6.375, 3.75], "texture": "#0"},
				"west": {"uv": [6.25, 2.125, 6.375, 3.75], "texture": "#0"},
				"up": {"uv": [6.25, 2.125, 6.375, 2.25], "texture": "#0"}
			}
		},
		{
			"name": "iw1_15",
			"from": [7.75, 13.25, 8],
			"to": [7.875, 13.875, 8.125],
			
			"faces": {
				"north": {"uv": [7.875, 2.125, 7.75, 2.75], "texture": "#0"},
				"south": {"uv": [7.75, 2.125, 7.875, 2.75], "texture": "#0"},
				"west": {"uv": [7.75, 2.125, 7.875, 2.75], "texture": "#0"},
				"up": {"uv": [7.75, 2.125, 7.875, 2.25], "texture": "#0"},
				"down": {"uv": [7.75, 2.625, 7.875, 2.75], "texture": "#0"}
			}
		},
		{
			"name": "iw1_16",
			"from": [8.25, 13.625, 8],
			"to": [8.375, 13.875, 8.125],
			
			"faces": {
				"north": {"uv": [8.375, 2.125, 8.25, 2.375], "texture": "#0"},
				"east": {"uv": [8.25, 2.125, 8.375, 2.375], "texture": "#0"},
				"south": {"uv": [8.25, 2.125, 8.375, 2.375], "texture": "#0"},
				"up": {"uv": [8.25, 2.125, 8.375, 2.25], "texture": "#0"}
			}
		},
		{
			"name": "iw1_17",
			"from": [8.625, 13.75, 8],
			"to": [8.75, 13.875, 8.125],
			
			"faces": {
				"north": {"uv": [8.75, 2.125, 8.625, 2.25], "texture": "#0"},
				"east": {"uv": [8.625, 2.125, 8.75, 2.25], "texture": "#0"},
				"south": {"uv": [8.625, 2.125, 8.75, 2.25], "texture": "#0"},
				"west": {"uv": [8.625, 2.125, 8.75, 2.25], "texture": "#0"},
				"up": {"uv": [8.625, 2.125, 8.75, 2.25], "texture": "#0"},
				"down": {"uv": [8.625, 2.125, 8.75, 2.25], "texture": "#0"}
			}
		},
		{
			"name": "iw1_18",
			"from": [8.375, 13.5, 8],
			"to": [8.625, 13.75, 8.125],
			
			"faces": {
				"north": {"uv": [8.625, 2.25, 8.375, 2.5], "texture": "#0"},
				"east": {"uv": [8.5, 2.25, 8.625, 2.5], "texture": "#0"},
				"south": {"uv": [8.375, 2.25, 8.625, 2.5], "texture": "#0"},
				"up": {"uv": [8.375, 2.25, 8.625, 2.375], "texture": "#0"},
				"down": {"uv": [8.375, 2.375, 8.625, 2.5], "texture": "#0"}
			}
		},
		{
			"name": "iw1_19",
			"from": [7.625, 13.375, 8],
			"to": [7.75, 13.5, 8.125],
			
			"faces": {
				"north": {"uv": [7.75, 2.5, 7.625, 2.625], "texture": "#0"},
				"south": {"uv": [7.625, 2.5, 7.75, 2.625], "texture": "#0"},
				"west": {"uv": [7.625, 2.5, 7.75, 2.625], "texture": "#0"},
				"up": {"uv": [7.625, 2.5, 7.75, 2.625], "texture": "#0"},
				"down": {"uv": [7.625, 2.5, 7.75, 2.625], "texture": "#0"}
			}
		},
		{
			"name": "iw1_20",
			"from": [8.25, 13.375, 8],
			"to": [8.5, 13.5, 8.125],
			
			"faces": {
				"north": {"uv": [8.5, 2.5, 8.25, 2.625], "texture": "#0"},
				"east": {"uv": [8.375, 2.5, 8.5, 2.625], "texture": "#0"},
				"south": {"uv": [8.25, 2.5, 8.5, 2.625], "texture": "#0"},
				"down": {"uv": [8.25, 2.5, 8.5, 2.625], "texture": "#0"}
			}
		},
		{
			"name": "iw1_21",
			"from": [8.75, 13.125, 8],
			"to": [8.875, 13.5, 8.125],
			
			"faces": {
				"north": {"uv": [8.875, 2.5, 8.75, 2.875], "texture": "#0"},
				"east": {"uv": [8.75, 2.5, 8.875, 2.875], "texture": "#0"},
				"south": {"uv": [8.75, 2.5, 8.875, 2.875], "texture": "#0"},
				"west": {"uv": [8.75, 2.5, 8.875, 2.875], "texture": "#0"},
				"up": {"uv": [8.75, 2.5, 8.875, 2.625], "texture": "#0"}
			}
		},
		{
			"name": "iw1_22",
			"from": [6.125, 10.375, 8],
			"to": [6.25, 13.375, 8.125],
			
			"faces": {
				"north": {"uv": [6.25, 2.625, 6.125, 5.625], "texture": "#0"},
				"south": {"uv": [6.125, 2.625, 6.25, 5.625], "texture": "#0"},
				"west": {"uv": [6.125, 2.625, 6.25, 5.625], "texture": "#0"},
				"up": {"uv": [6.125, 2.625, 6.25, 2.75], "texture": "#0"},
				"down": {"uv": [6.125, 5.5, 6.25, 5.625], "texture": "#0"}
			}
		},
		{
			"name": "iw1_23",
			"from": [8.25, 13.25, 8],
			"to": [8.375, 13.375, 8.125],
			
			"faces": {
				"north": {"uv": [8.375, 2.625, 8.25, 2.75], "texture": "#0"},
				"east": {"uv": [8.25, 2.625, 8.375, 2.75], "texture": "#0"},
				"south": {"uv": [8.25, 2.625, 8.375, 2.75], "texture": "#0"},
				"down": {"uv": [8.25, 2.625, 8.375, 2.75], "texture": "#0"}
			}
		},
		{
			"name": "iw1_24",
			"from": [8.875, 13, 8],
			"to": [9, 13.375, 8.125],
			
			"faces": {
				"north": {"uv": [9, 2.625, 8.875, 3], "texture": "#0"},
				"east": {"uv": [8.875, 2.625, 9, 3], "texture": "#0"},
				"south": {"uv": [8.875, 2.625, 9, 3], "texture": "#0"},
				"up": {"uv": [8.875, 2.625, 9, 2.75], "texture": "#0"}
			}
		},
		{
			"name": "iw1_25",
			"from": [9, 12.75, 8],
			"to": [9.125, 13.25, 8.125],
			
			"faces": {
				"north": {"uv": [9.125, 2.75, 9, 3.25], "texture": "#0"},
				"east": {"uv": [9, 2.75, 9.125, 3.25], "texture": "#0"},
				"south": {"uv": [9, 2.75, 9.125, 3.25], "texture": "#0"},
				"up": {"uv": [9, 2.75, 9.125, 2.875], "texture": "#0"}
			}
		},
		{
			"name": "iw1_26",
			"from": [7.75, 11.75, 7.8],
			"to": [8.375, 13, 8.325],
			
			"faces": {
				"north": {"uv": [8.375, 3, 7.75, 4.25], "texture": "#0"},
				"east": {"uv": [8.25, 3, 8.375, 4.25], "texture": "#0"},
				"south": {"uv": [7.75, 3, 8.375, 4.25], "texture": "#0"},
				"west": {"uv": [7.75, 3, 7.875, 4.25], "texture": "#0"},
				"up": {"uv": [7.75, 3, 8.375, 3.125], "texture": "#0"},
				"down": {"uv": [7.75, 4.125, 8.375, 4.25], "texture": "#0"}
			}
		},
		{
			"name": "iw1_27",
			"from": [9.125, 11.75, 8],
			"to": [9.25, 13, 8.125],
			
			"faces": {
				"north": {"uv": [9.25, 3, 9.125, 4.25], "texture": "#0"},
				"east": {"uv": [9.125, 3, 9.25, 4.25], "texture": "#0"},
				"south": {"uv": [9.125, 3, 9.25, 4.25], "texture": "#0"},
				"up": {"uv": [9.125, 3, 9.25, 3.125], "texture": "#0"},
				"down": {"uv": [9.125, 4.125, 9.25, 4.25], "texture": "#0"}
			}
		},
		{
			"name": "iw1_28",
			"from": [9.25, 12.25, 8],
			"to": [9.375, 12.75, 8.125],
			
			"faces": {
				"north": {"uv": [9.375, 3.25, 9.25, 3.75], "texture": "#0"},
				"east": {"uv": [9.25, 3.25, 9.375, 3.75], "texture": "#0"},
				"south": {"uv": [9.25, 3.25, 9.375, 3.75], "texture": "#0"},
				"up": {"uv": [9.25, 3.25, 9.375, 3.375], "texture": "#0"},
				"down": {"uv": [9.25, 3.625, 9.375, 3.75], "texture": "#0"}
			}
		},
		{
			"name": "iw1_29",
			"from": [6, 10.875, 8],
			"to": [6.125, 12.625, 8.125],
			
			"faces": {
				"north": {"uv": [6.125, 3.375, 6, 5.125], "texture": "#0"},
				"south": {"uv": [6, 3.375, 6.125, 5.125], "texture": "#0"},
				"west": {"uv": [6, 3.375, 6.125, 5.125], "texture": "#0"},
				"up": {"uv": [6, 3.375, 6.125, 3.5], "texture": "#0"},
				"down": {"uv": [6, 5, 6.125, 5.125], "texture": "#0"}
			}
		},
		{
			"name": "iw1_30",
			"from": [9, 11.375, 8],
			"to": [9.125, 12.25, 8.125],
			
			"faces": {
				"north": {"uv": [9.125, 3.75, 9, 4.625], "texture": "#0"},
				"east": {"uv": [9, 3.75, 9.125, 4.625], "texture": "#0"},
				"south": {"uv": [9, 3.75, 9.125, 4.625], "texture": "#0"},
				"down": {"uv": [9, 4.5, 9.125, 4.625], "texture": "#0"}
			}
		},
		{
			"name": "iw1_31",
			"from": [8.875, 11.125, 8],
			"to": [9, 11.75, 8.125],
			
			"faces": {
				"north": {"uv": [9, 4.25, 8.875, 4.875], "texture": "#0"},
				"east": {"uv": [8.875, 4.25, 9, 4.875], "texture": "#0"},
				"south": {"uv": [8.875, 4.25, 9, 4.875], "texture": "#0"},
				"down": {"uv": [8.875, 4.75, 9, 4.875], "texture": "#0"}
			}
		},
		{
			"name": "iw1_32",
			"from": [6.25, 9.875, 8],
			"to": [6.375, 11.5, 8.125],
			
			"faces": {
				"north": {"uv": [6.375, 4.5, 6.25, 6.125], "texture": "#0"},
				"south": {"uv": [6.25, 4.5, 6.375, 6.125], "texture": "#0"},
				"west": {"uv": [6.25, 4.5, 6.375, 6.125], "texture": "#0"},
				"down": {"uv": [6.25, 6, 6.375, 6.125], "texture": "#0"}
			}
		},
		{
			"name": "iw1_33",
			"from": [8.75, 10.875, 8],
			"to": [8.875, 11.375, 8.125],
			
			"faces": {
				"north": {"uv": [8.875, 4.625, 8.75, 5.125], "texture": "#0"},
				"east": {"uv": [8.75, 4.625, 8.875, 5.125], "texture": "#0"},
				"south": {"uv": [8.75, 4.625, 8.875, 5.125], "texture": "#0"},
				"west": {"uv": [8.75, 4.625, 8.875, 5.125], "texture": "#0"},
				"down": {"uv": [8.75, 5, 8.875, 5.125], "texture": "#0"}
			}
		},
		{
			"name": "iw1_34",
			"from": [6.375, 9.625, 8],
			"to": [6.5, 11, 8.125],
			
			"faces": {
				"north": {"uv": [6.5, 5, 6.375, 6.375], "texture": "#0"},
				"south": {"uv": [6.375, 5, 6.5, 6.375], "texture": "#0"},
				"west": {"uv": [6.375, 5, 6.5, 6.375], "texture": "#0"},
				"down": {"uv": [6.375, 6.25, 6.5, 6.375], "texture": "#0"}
			}
		},
		{
			"name": "iw1_35",
			"from": [7.75, 10.5, 7.8],
			"to": [8.375, 11, 8.325],
			
			"faces": {
				"north": {"uv": [8.375, 5, 7.75, 5.5], "texture": "#0"},
				"east": {"uv": [8.25, 5, 8.375, 5.5], "texture": "#0"},
				"south": {"uv": [7.75, 5, 8.375, 5.5], "texture": "#0"},
				"west": {"uv": [7.75, 5, 7.875, 5.5], "texture": "#0"},
				"up": {"uv": [7.75, 5, 8.375, 5.125], "texture": "#0"},
				"down": {"uv": [7.75, 5.375, 8.375, 5.5], "texture": "#0"}
			}
		},
		{
			"name": "iw1_36",
			"from": [8.625, 10.875, 8],
			"to": [8.75, 11, 8.125],
			
			"faces": {
				"north": {"uv": [8.75, 5, 8.625, 5.125], "texture": "#0"},
				"south": {"uv": [8.625, 5, 8.75, 5.125], "texture": "#0"},
				"west": {"uv": [8.625, 5, 8.75, 5.125], "texture": "#0"},
				"up": {"uv": [8.625, 5, 8.75, 5.125], "texture": "#0"},
				"down": {"uv": [8.625, 5, 8.75, 5.125], "texture": "#0"}
			}
		},
		{
			"name": "iw1_37",
			"from": [6.5, 9.375, 8],
			"to": [6.625, 10.25, 8.125],
			
			"faces": {
				"north": {"uv": [6.625, 5.75, 6.5, 6.625], "texture": "#0"},
				"south": {"uv": [6.5, 5.75, 6.625, 6.625], "texture": "#0"},
				"west": {"uv": [6.5, 5.75, 6.625, 6.625], "texture": "#0"},
				"down": {"uv": [6.5, 6.5, 6.625, 6.625], "texture": "#0"}
			}
		},
		{
			"name": "iw1_38",
			"from": [7.75, 9.875, 7.8],
			"to": [8.375, 10.125, 8.325],
			
			"faces": {
				"north": {"uv": [8.375, 5.875, 7.75, 6.125], "texture": "#0"},
				"east": {"uv": [8.25, 5.875, 8.375, 6.125], "texture": "#0"},
				"south": {"uv": [7.75, 5.875, 8.375, 6.125], "texture": "#0"},
				"west": {"uv": [7.75, 5.875, 7.875, 6.125], "texture": "#0"},
				"up": {"uv": [7.75, 5.875, 8.375, 6], "texture": "#0"},
				"down": {"uv": [7.75, 6, 8.375, 6.125], "texture": "#0"}
			}
		},
		{
			"name": "iw1_39",
			"from": [6.625, 9.125, 8],
			"to": [6.75, 9.75, 8.125],
			
			"faces": {
				"north": {"uv": [6.75, 6.25, 6.625, 6.875], "texture": "#0"},
				"south": {"uv": [6.625, 6.25, 6.75, 6.875], "texture": "#0"},
				"west": {"uv": [6.625, 6.25, 6.75, 6.875], "texture": "#0"},
				"down": {"uv": [6.625, 6.75, 6.75, 6.875], "texture": "#0"}
			}
		},
		{
			"name": "iw1_40",
			"from": [6.75, 8.875, 8],
			"to": [6.875, 9.5, 8.125],
			
			"faces": {
				"north": {"uv": [6.875, 6.5, 6.75, 7.125], "texture": "#0"},
				"south": {"uv": [6.75, 6.5, 6.875, 7.125], "texture": "#0"},
				"west": {"uv": [6.75, 6.5, 6.875, 7.125], "texture": "#0"},
				"down": {"uv": [6.75, 7, 6.875, 7.125], "texture": "#0"}
			}
		},
		{
			"name": "iw1_41",
			"from": [6.875, 8.75, 8],
			"to": [7, 9.25, 8.125],
			
			"faces": {
				"north": {"uv": [7, 6.75, 6.875, 7.25], "texture": "#0"},
				"south": {"uv": [6.875, 6.75, 7, 7.25], "texture": "#0"},
				"west": {"uv": [6.875, 6.75, 7, 7.25], "texture": "#0"},
				"down": {"uv": [6.875, 7.125, 7, 7.25], "texture": "#0"}
			}
		},
		{
			"name": "iw1_42",
			"from": [7, 8.625, 8],
			"to": [7.125, 9.125, 8.125],
			
			"faces": {
				"north": {"uv": [7.125, 6.875, 7, 7.375], "texture": "#0"},
				"south": {"uv": [7, 6.875, 7.125, 7.375], "texture": "#0"},
				"west": {"uv": [7, 6.875, 7.125, 7.375], "texture": "#0"},
				"down": {"uv": [7, 7.25, 7.125, 7.375], "texture": "#0"}
			}
		},
		{
			"name": "iw1_43",
			"from": [7.125, 8.5, 8],
			"to": [7.25, 9, 8.125],
			
			"faces": {
				"north": {"uv": [7.25, 7, 7.125, 7.5], "texture": "#0"},
				"south": {"uv": [7.125, 7, 7.25, 7.5], "texture": "#0"},
				"west": {"uv": [7.125, 7, 7.25, 7.5], "texture": "#0"},
				"down": {"uv": [7.125, 7.375, 7.25, 7.5], "texture": "#0"}
			}
		},
		{
			"name": "iw1_44",
			"from": [7.25, 8.5, 8],
			"to": [7.375, 8.875, 8.125],
			
			"faces": {
				"north": {"uv": [7.375, 7.125, 7.25, 7.5], "texture": "#0"},
				"east": {"uv": [7.25, 7.125, 7.375, 7.5], "texture": "#0"},
				"south": {"uv": [7.25, 7.125, 7.375, 7.5], "texture": "#0"},
				"down": {"uv": [7.25, 7.375, 7.375, 7.5], "texture": "#0"}
			}
		},
		{
			"name": "iw1_45",
			"from": [7.375, 8.5, 8],
			"to": [7.5, 8.625, 8.125],
			
			"faces": {
				"north": {"uv": [7.5, 7.375, 7.375, 7.5], "texture": "#0"},
				"east": {"uv": [7.375, 7.375, 7.5, 7.5], "texture": "#0"},
				"south": {"uv": [7.375, 7.375, 7.5, 7.5], "texture": "#0"},
				"up": {"uv": [7.375, 7.375, 7.5, 7.5], "texture": "#0"},
				"down": {"uv": [7.375, 7.375, 7.5, 7.5], "texture": "#0"}
			}
		},
		{
			"name": "iw1_46",
			"from": [7.75, 3.5, 7.8],
			"to": [8.375, 3.75, 8.325],
			
			"faces": {
				"north": {"uv": [8.375, 12.25, 7.75, 12.5], "texture": "#0"},
				"east": {"uv": [8.25, 12.25, 8.375, 12.5], "texture": "#0"},
				"south": {"uv": [7.75, 12.25, 8.375, 12.5], "texture": "#0"},
				"west": {"uv": [7.75, 12.25, 7.875, 12.5], "texture": "#0"},
				"up": {"uv": [7.75, 12.25, 8.375, 12.375], "texture": "#0"},
				"down": {"uv": [7.75, 12.375, 8.375, 12.5], "texture": "#0"}
			}
		},
		{
			"name": "iw1_47",
			"from": [7.75, 1.5, 7.8],
			"to": [8.375, 1.75, 8.325],
			
			"faces": {
				"north": {"uv": [8.375, 14.25, 7.75, 14.5], "texture": "#0"},
				"east": {"uv": [8.25, 14.25, 8.375, 14.5], "texture": "#0"},
				"south": {"uv": [7.75, 14.25, 8.375, 14.5], "texture": "#0"},
				"west": {"uv": [7.75, 14.25, 7.875, 14.5], "texture": "#0"},
				"up": {"uv": [7.75, 14.25, 8.375, 14.375], "texture": "#0"},
				"down": {"uv": [7.75, 14.375, 8.375, 14.5], "texture": "#0"}
			}
		},
		{
			"name": "iw3_0",
			"from": [7.875, 13, 7.9],
			"to": [8.25, 13.25, 8.225],
			
			"faces": {
				"north": {"uv": [8.25, 2.75, 7.875, 3], "texture": "#0"},
				"east": {"uv": [8.125, 2.75, 8.25, 3], "texture": "#0"},
				"south": {"uv": [7.875, 2.75, 8.25, 3], "texture": "#0"},
				"west": {"uv": [7.875, 2.75, 8, 3], "texture": "#0"},
				"up": {"uv": [7.875, 2.75, 8.25, 2.875], "texture": "#0"}
			}
		},
		{
			"from": [-5.1, 8.8, 8.075],
			"to": [5.9, 19.8, 8.075],
			"faces": {
				"north": {"uv": [16, 0, 0, 16], "texture": "#1"},
				"south": {"uv": [0, 0, 16, 16], "texture": "#1"}
			}
		}
	],
	"gui_light": "front",
	"display": {
		"thirdperson_righthand": {
			"rotation": [0, -90, 0],
			"translation": [-0.25, 4.25, 1.25],
			"scale": [3.3, 3.3, 3.2]
		},
		"thirdperson_lefthand": {
			"rotation": [0, 90, 0],
			"translation": [-0.25, 4.25, 1.25],
			"scale": [3.3, 3.3, 3.2]
		},
		"firstperson_righthand": {
			"rotation": [8, -90, 0],
			"translation": [0, 3.5, 1.75],
			"scale": [1.8, 1.8, 1.8]
		},
		"firstperson_lefthand": {
			"rotation": [8, 90, 0],
			"translation": [0, 3.5, 1.75],
			"scale": [1.8, 1.8, 1.8]
		},
		"ground": {
			"translation": [0, 7, 0],
			"scale": [2, 2, 2]
		},
		"gui": {
			"rotation": [0, 0, -46],
			"translation": [-1.5, -1.25, 0],
			"scale": [1.6, 1.6, 1.6]
		},
		"head": {
			"rotation": [0, 0, 34],
			"translation": [-1.5, -16.75, 3.75],
			"scale": [4, 4, 4]
		},
		"fixed": {
			"rotation": [0, -180, -42],
			"translation": [-3.5, 3.25, -0.5],
			"scale": [3.8, 3.8, 3.4]
		}
	},
	"groups": [
		{
			"name": "iw2",
			"origin": [8, 8, 8],
			"color": 0,
			"children": [0, 1, 2, 3, 4, 5, 6, 7, 8, 9, 10, 11, 12, 13, 14, 15, 16, 17, 18, 19, 20, 21, 22, 23, 24, 25, 26, 27, 28, 29, 30, 31, 32, 33, 34, 35]
		},
		{
			"name": "iw1",
			"origin": [8, 8, 8],
			"color": 0,
			"children": [
				36,
				37,
				38,
				39,
				40,
				41,
				42,
				43,
				44,
				45,
				46,
				47,
				48,
				49,
				50,
				51,
				52,
				53,
				54,
				55,
				56,
				57,
				58,
				59,
				60,
				61,
				62,
				63,
				64,
				65,
				66,
				67,
				68,
				69,
				70,
				71,
				72,
				73,
				74,
				75,
				76,
				77,
				78,
				79,
				80,
				81,
				82,
				83
			]
		},
		{
			"name": "iw3",
			"origin": [8, 8, 8],
			"color": 0,
			"children": [84]
		},
		85
	]
}