{
	"format_version": "1.21.11",
	"credit": "Made with Blockbench",
	"textures": {
		"0": "item/moltensword",
		"particle": "item/moltensword"
	},
	"elements": [
		{
			"from": [7, -0.5, 8],
			"to": [7.75, 3.75, 8.5],
			"faces": {
				"north": {"uv": [7.75, 11.625, 8.125, 13.75], "texture": "#0"},
				"east": {"uv": [8, 11.625, 8.125, 13.75], "texture": "#0"},
				"south": {"uv": [8.125, 11.625, 7.75, 13.5], "texture": "#0"},
				"west": {"uv": [8, 11.625, 8.125, 13.75], "texture": "#0"}
			}
		},
		{
			"from": [6.75, -1, 7.75],
			"to": [8, -0.5, 8.75],
			"faces": {
				"north": {"uv": [7.625, 13.75, 8.25, 14], "texture": "#0"},
				"east": {"uv": [7.625, 13.75, 8.125, 14], "texture": "#0"},
				"south": {"uv": [7.625, 13.75, 8.25, 14], "texture": "#0"},
				"west": {"uv": [7.625, 13.75, 8.125, 14], "texture": "#0"},
				"up": {"uv": [7.125, 11.125, 7.25, 11.25], "texture": "#0"},
				"down": {"uv": [8.625, 11.5, 8.75, 11.625], "texture": "#0"}
			}
		},
		{
			"from": [6.75, 3.75, 7.935],
			"to": [8, 4.5, 8.56],
			"faces": {
				"north": {"uv": [7.625, 11.25, 8.25, 11.625], "texture": "#0"},
				"east": {"uv": [7.125, 11.5, 7.25, 11.625], "texture": "#0"},
				"south": {"uv": [8.25, 11.25, 7.625, 11.625], "texture": "#0"},
				"west": {"uv": [7.125, 11.5, 7.25, 11.625], "texture": "#0"},
				"up": {"uv": [7.625, 11.25, 8.25, 11.625], "texture": "#0"},
				"down": {"uv": [7.125, 11.5, 7.25, 11.625], "texture": "#0"}
			}
		},
		{
			"from": [5.5, 4, 7.935],
			"to": [6.75, 4.5, 8.56],
			"faces": {
				"north": {"uv": [8.25, 11.25, 8.875, 11.5], "texture": "#0"},
				"south": {"uv": [8.875, 11.25, 8.25, 11.5], "texture": "#0"},
				"west": {"uv": [7.125, 11.375, 7.25, 11.5], "texture": "#0"},
				"up": {"uv": [8.625, 11.125, 8.75, 11.25], "texture": "#0"},
				"down": {"uv": [7.125, 11.5, 7.25, 11.625], "texture": "#0"}
			}
		},
		{
			"from": [8, 4, 7.935],
			"to": [9.25, 4.5, 8.56],
			"faces": {
				"north": {"uv": [7, 11.25, 7.625, 11.5], "texture": "#0"},
				"east": {"uv": [7.125, 11.125, 7.25, 11.25], "texture": "#0"},
				"south": {"uv": [7.625, 11.25, 7, 11.5], "texture": "#0"},
				"up": {"uv": [7.125, 11.125, 7.25, 11.25], "texture": "#0"},
				"down": {"uv": [7.125, 11.5, 7.25, 11.625], "texture": "#0"}
			}
		},
		{
			"from": [8.75, 4.5, 7.935],
			"to": [9, 4.75, 8.56],
			"faces": {
				"north": {"uv": [7.125, 11.125, 7.25, 11.25], "texture": "#0"},
				"east": {"uv": [7.125, 11.125, 7.25, 11.25], "texture": "#0"},
				"south": {"uv": [7.25, 11.125, 7.125, 11.25], "texture": "#0"},
				"west": {"uv": [7.125, 11.125, 7.25, 11.25], "texture": "#0"},
				"up": {"uv": [7.125, 11.125, 7.25, 11.25], "texture": "#0"}
			}
		},
		{
			"from": [5.75, 4.5, 7.935],
			"to": [6, 4.75, 8.56],
			"faces": {
				"north": {"uv": [8.625, 11.125, 8.75, 11.25], "texture": "#0"},
				"east": {"uv": [7.125, 11.125, 7.25, 11.25], "texture": "#0"},
				"south": {"uv": [8.75, 11.125, 8.625, 11.25], "texture": "#0"},
				"west": {"uv": [7.125, 11.125, 7.25, 11.25], "texture": "#0"},
				"up": {"uv": [7.125, 11.125, 7.25, 11.25], "texture": "#0"}
			}
		},
		{
			"from": [6.7499, 4.5, 8],
			"to": [7.25, 5, 8.5],
			"faces": {
				"north": {"uv": [8, 11, 8.25, 11.25], "texture": "#0"},
				"east": {"uv": [7.125, 11.125, 7.25, 11.25], "texture": "#0"},
				"south": {"uv": [8.25, 11, 8, 11.25], "texture": "#0"},
				"west": {"uv": [8.25, 10.625, 8.375, 10.75], "texture": "#0"},
				"up": {"uv": [7.125, 11.125, 7.25, 11.25], "texture": "#0"}
			}
		},
		{
			"from": [7.5001, 4.5, 8],
			"to": [8.0002, 5, 8.5],
			"faces": {
				"north": {"uv": [7.625, 11, 7.875, 11.25], "texture": "#0"},
				"east": {"uv": [7.125, 11.125, 7.25, 11.25], "texture": "#0"},
				"south": {"uv": [7.875, 11, 7.625, 11.25], "texture": "#0"},
				"west": {"uv": [8.25, 10.625, 8.375, 10.75], "texture": "#0"},
				"up": {"uv": [8.25, 10.625, 8.375, 10.75], "texture": "#0"}
			}
		},
		{
			"from": [7.7501, 5, 8],
			"to": [8.2502, 5.5, 8.5],
			"faces": {
				"north": {"uv": [7.5, 10.75, 7.75, 11], "texture": "#0"},
				"east": {"uv": [7.125, 11.125, 7.25, 11.25], "texture": "#0"},
				"south": {"uv": [7.75, 10.75, 7.5, 11], "texture": "#0"},
				"west": {"uv": [8.25, 10.625, 8.375, 10.75], "texture": "#0"},
				"up": {"uv": [8.25, 10.625, 8.375, 10.75], "texture": "#0"},
				"down": {"uv": [7.125, 11.125, 7.25, 11.25], "texture": "#0"}
			}
		},
		{
			"from": [6.4999, 5, 8],
			"to": [7, 5.5, 8.5],
			"faces": {
				"north": {"uv": [8.125, 10.75, 8.375, 11], "texture": "#0"},
				"east": {"uv": [7.125, 11.125, 7.25, 11.25], "texture": "#0"},
				"south": {"uv": [8.375, 10.75, 8.125, 11], "texture": "#0"},
				"west": {"uv": [8.25, 10.625, 8.375, 10.75], "texture": "#0"},
				"up": {"uv": [7.125, 11.125, 7.25, 11.25], "texture": "#0"},
				"down": {"uv": [8.25, 10.625, 8.375, 10.75], "texture": "#0"}
			}
		},
		{
			"from": [6.4999, 5.5, 8],
			"to": [6.75, 5.75, 8.5],
			"faces": {
				"north": {"uv": [8.25, 10.625, 8.375, 10.75], "texture": "#0"},
				"east": {"uv": [8.25, 10.625, 8.375, 10.75], "texture": "#0"},
				"south": {"uv": [8.375, 10.625, 8.25, 10.75], "texture": "#0"},
				"west": {"uv": [8.25, 10.625, 8.375, 10.75], "texture": "#0"},
				"up": {"uv": [8.25, 10.625, 8.375, 10.75], "texture": "#0"}
			}
		},
		{
			"from": [7.9999, 5.5, 8],
			"to": [8.25, 5.75, 8.5],
			"faces": {
				"north": {"uv": [7.5, 10.625, 7.625, 10.75], "texture": "#0"},
				"east": {"uv": [7.125, 11.125, 7.25, 11.25], "texture": "#0"},
				"south": {"uv": [7.625, 10.625, 7.5, 10.75], "texture": "#0"},
				"west": {"uv": [7.5, 10.625, 7.625, 10.75], "texture": "#0"},
				"up": {"uv": [7.5, 10.625, 7.625, 10.75], "texture": "#0"}
			}
		},
		{
			"from": [8.2499, 5, 8],
			"to": [8.5, 5.25, 8.5],
			"faces": {
				"north": {"uv": [7.375, 10.875, 7.5, 11], "texture": "#0"},
				"east": {"uv": [7.125, 11.125, 7.25, 11.25], "texture": "#0"},
				"south": {"uv": [7.5, 10.875, 7.375, 11], "texture": "#0"},
				"up": {"uv": [7.125, 11.125, 7.25, 11.25], "texture": "#0"},
				"down": {"uv": [7.125, 11.125, 7.25, 11.25], "texture": "#0"}
			}
		},
		{
			"from": [6.2499, 5, 8],
			"to": [6.5, 5.25, 8.5],
			"faces": {
				"north": {"uv": [8.375, 10.875, 8.5, 11], "texture": "#0"},
				"south": {"uv": [8.5, 10.875, 8.375, 11], "texture": "#0"},
				"west": {"uv": [8.25, 10.625, 8.375, 10.75], "texture": "#0"},
				"up": {"uv": [8.25, 10.625, 8.375, 10.75], "texture": "#0"},
				"down": {"uv": [8.25, 10.625, 8.375, 10.75], "texture": "#0"}
			}
		},
		{
			"from": [8.75, 3.75, 7.935],
			"to": [9, 4, 8.56],
			"faces": {
				"north": {"uv": [7.125, 11.5, 7.25, 11.625], "texture": "#0"},
				"east": {"uv": [7.125, 11.5, 7.25, 11.625], "texture": "#0"},
				"south": {"uv": [7.25, 11.5, 7.125, 11.625], "texture": "#0"},
				"west": {"uv": [7.125, 11.5, 7.25, 11.625], "texture": "#0"},
				"down": {"uv": [7.125, 11.5, 7.25, 11.625], "texture": "#0"}
			}
		},
		{
			"from": [5.75, 3.75, 7.935],
			"to": [6, 4, 8.56],
			"faces": {
				"north": {"uv": [8.625, 11.5, 8.75, 11.625], "texture": "#0"},
				"east": {"uv": [7.125, 11.5, 7.25, 11.625], "texture": "#0"},
				"south": {"uv": [8.75, 11.5, 8.625, 11.625], "texture": "#0"},
				"west": {"uv": [7.125, 11.5, 7.25, 11.625], "texture": "#0"},
				"down": {"uv": [7.125, 11.5, 7.25, 11.625], "texture": "#0"}
			}
		},
		{
			"from": [6.75, 4.5, 8.183],
			"to": [8, 16.5, 8.308],
			"faces": {
				"north": {"uv": [7.625, 5.25, 8.25, 11.25], "texture": "#0"},
				"east": {"uv": [7.75, 5.25, 7.625, 11.25], "texture": "#0"},
				"south": {"uv": [8.25, 5.25, 7.625, 11.25], "texture": "#0"},
				"west": {"uv": [8.25, 5.25, 8.125, 11.25], "texture": "#0"},
				"up": {"uv": [8, 4.75, 7.875, 4.875], "texture": "#0"}
			}
		},
		{
			"from": [7, 16.5, 8.183],
			"to": [7.75, 17, 8.308],
			"faces": {
				"north": {"uv": [7.75, 5, 8.125, 5.25], "texture": "#0"},
				"east": {"uv": [7.875, 5, 7.75, 5.25], "texture": "#0"},
				"south": {"uv": [8.125, 5, 7.75, 5.25], "texture": "#0"},
				"west": {"uv": [8.125, 5, 8, 5.25], "texture": "#0"},
				"up": {"uv": [8, 4.75, 7.875, 4.875], "texture": "#0"}
			}
		},
		{
			"from": [7.25, 17, 8.183],
			"to": [7.5, 17.5, 8.308],
			"faces": {
				"north": {"uv": [7.875, 4.75, 8, 5], "texture": "#0"},
				"east": {"uv": [8, 4.75, 7.875, 5], "texture": "#0"},
				"south": {"uv": [8, 4.75, 7.875, 5], "texture": "#0"},
				"west": {"uv": [8, 4.75, 7.875, 5], "texture": "#0"},
				"up": {"uv": [8, 4.75, 7.875, 4.875], "texture": "#0"}
			}
		},
		{
			"from": [7, 4.5, 8.123],
			"to": [7.75, 16.5, 8.373],
			"faces": {
				"north": {"uv": [7.75, 5.25, 8.125, 11.25], "texture": "#0"},
				"east": {"uv": [8.125, 5.25, 8, 11.25], "texture": "#0"},
				"south": {"uv": [8.125, 5.25, 7.75, 11.25], "texture": "#0"},
				"west": {"uv": [7.875, 5.25, 7.75, 11.25], "texture": "#0"},
				"up": {"uv": [8, 6, 7.875, 6.125], "texture": "#0"}
			}
		},
		{
			"from": [7.25, 16.5, 8.123],
			"to": [7.5, 17, 8.373],
			"faces": {
				"north": {"uv": [7.875, 6, 8, 6.25], "texture": "#0"},
				"east": {"uv": [8, 6, 7.875, 6.25], "texture": "#0"},
				"south": {"uv": [8, 6, 7.875, 6.25], "texture": "#0"},
				"west": {"uv": [8, 6, 7.875, 6.25], "texture": "#0"},
				"up": {"uv": [8, 6, 7.875, 6.125], "texture": "#0"}
			}
		}
	],
	"display": {
		"thirdperson_righthand": {
			"rotation": [0, 90, 0],
			"translation": [-0.5, 8, 0],
			"scale": [1.7, 1.7, 1.7]
		},
		"thirdperson_lefthand": {
			"rotation": [0, -90, 0],
			"translation": [0.25, 8, 0.25],
			"scale": [1.7, 1.7, 1.7]
		},
		"firstperson_righthand": {
			"rotation": [6, 95, 0],
			"translation": [0, 8, 0.5],
			"scale": [1.6, 1.6, 1.6]
		},
		"firstperson_lefthand": {
			"rotation": [6, -80, 0],
			"translation": [1.5, 7.75, 0],
			"scale": [1.6, 1.6, 1.6]
		},
		"ground": {
			"rotation": [0, 0, -45],
			"translation": [0, 3.3956, 0],
			"scale": [1.5, 1.5, 1.5]
		},
		"gui": {
			"rotation": [0, 0, -45],
			"translation": [1.75, 0.75, 0],
			"scale": [1.6, 1.6, 1.6]
		},
		"head": {
			"rotation": [0, 0, 45],
			"translation": [0, 19, 0],
			"scale": [2, 2, 2]
		},
		"fixed": {
			"rotation": [0, 0, 45],
			"translation": [0.25, 3, -2],
			"scale": [2.7, 2.7, 2.7]
		}
	},
	"groups": [
		{
			"name": "hilt",
			"origin": [8, 8, 8],
			"color": 0,
			"children": [0, 1, 2, 3, 4, 5, 6, 7, 8, 9, 10, 11, 12, 13, 14, 15, 16]
		},
		{
			"name": "blade",
			"origin": [8, 8, 8],
			"color": 0,
			"children": [17, 18, 19, 20, 21]
		}
	]
}