{
	"format_version": "1.21.11",
	"credit": "Made with Blockbench",
	"texture_size": [32, 32],
	"textures": {
		"1": "item/riversofblood",
		"particle": "item/riversofblood"
	},
	"elements": [
		{
			"from": [8, 2, 8],
			"to": [9, 5.25, 8.75],
			"faces": {
				"north": {"uv": [7.875, 13.25, 8.375, 14.875], "texture": "#1"},
				"east": {"uv": [7.875, 13.25, 8.375, 14.875], "texture": "#1"},
				"south": {"uv": [7.875, 13.25, 8.375, 14.875], "texture": "#1"},
				"west": {"uv": [7.875, 13.25, 8.375, 14.875], "texture": "#1"},
				"up": {"uv": [7.875, 12.75, 8.25, 13], "texture": "#1"},
				"down": {"uv": [7.875, 14.5, 8.375, 14.875], "texture": "#1"}
			}
		},
		{
			"from": [8.25, 5.25, 8],
			"to": [9, 5.75, 8.75],
			"faces": {
				"north": {"uv": [7.875, 12.75, 8.25, 13], "texture": "#1"},
				"east": {"uv": [7.875, 12.75, 8.25, 13], "texture": "#1"},
				"south": {"uv": [8.25, 12.75, 7.875, 13], "texture": "#1"},
				"west": {"uv": [7.875, 12.75, 8.25, 13], "texture": "#1"}
			}
		},
		{
			"from": [8.25, 5.75, 8],
			"to": [9.25, 8.75, 8.75],
			"faces": {
				"north": {"uv": [7.75, 11.5, 8.25, 13], "texture": "#1"},
				"east": {"uv": [7.75, 11.5, 8.25, 13], "texture": "#1"},
				"south": {"uv": [7.75, 11.5, 8.25, 13], "texture": "#1"},
				"west": {"uv": [7.75, 11.5, 8.25, 13], "texture": "#1"},
				"down": {"uv": [7.875, 12.75, 8.25, 13], "texture": "#1"}
			}
		},
		{
			"from": [8, 8.75, 7.75],
			"to": [9.5, 9.25, 9],
			"faces": {
				"north": {"uv": [7.625, 11.25, 8.375, 11.5], "texture": "#1"},
				"east": {"uv": [7.625, 11.25, 8.375, 11.5], "texture": "#1"},
				"south": {"uv": [8.375, 11.25, 7.625, 11.5], "texture": "#1"},
				"west": {"uv": [7.625, 11.25, 8.375, 11.5], "texture": "#1"},
				"up": {"uv": [7.625, 11.25, 7.75, 11.375], "texture": "#1"},
				"down": {"uv": [7.625, 11.375, 7.75, 11.5], "texture": "#1"}
			}
		},
		{
			"from": [8.25, 9.25, 8.3],
			"to": [9.25, 18, 8.425],
			"faces": {
				"north": {"uv": [7.75, 6.875, 8.25, 11.25], "texture": "#1"},
				"east": {"uv": [7.875, 6.875, 7.75, 11.25], "texture": "#1"},
				"south": {"uv": [8.25, 6.875, 7.75, 11.25], "texture": "#1"},
				"up": {"uv": [7.875, 7.125, 7.75, 7.25], "texture": "#1"}
			}
		},
		{
			"from": [8.249, 9.25, 8.17],
			"to": [8.74901, 18, 8.545],
			"faces": {
				"north": {"uv": [8, 6.875, 8.25, 11.25], "texture": "#1"},
				"east": {"uv": [8, 6.875, 7.875, 11.25], "texture": "#1"},
				"south": {"uv": [8.25, 7.125, 8, 11.25], "texture": "#1"},
				"west": {"uv": [8.125, 7.125, 8.25, 11.25], "texture": "#1"},
				"up": {"uv": [8, 7.125, 7.875, 7.25], "texture": "#1"}
			}
		},
		{
			"from": [8, 18, 8.3],
			"to": [9, 22.5, 8.425],
			"faces": {
				"north": {"uv": [7.875, 4.625, 8.375, 6.875], "texture": "#1"},
				"east": {"uv": [8, 4.625, 7.875, 6.875], "texture": "#1"},
				"south": {"uv": [8.375, 4.625, 7.875, 6.875], "texture": "#1"},
				"up": {"uv": [7.875, 7.125, 7.75, 7.25], "texture": "#1"}
			}
		},
		{
			"from": [7.999, 18, 8.17],
			"to": [8.499, 22.5, 8.545],
			"faces": {
				"north": {"uv": [8.125, 4.625, 8.375, 6.875], "texture": "#1"},
				"east": {"uv": [8.125, 4.625, 8, 6.875], "texture": "#1"},
				"south": {"uv": [8.375, 4.625, 8.125, 6.875], "texture": "#1"},
				"west": {"uv": [8.25, 4.625, 8.375, 6.875], "texture": "#1"},
				"up": {"uv": [8, 7.125, 7.875, 7.25], "texture": "#1"},
				"down": {"uv": [8.125, 7.25, 8.25, 7.375], "texture": "#1"}
			}
		},
		{
			"from": [7.75, 22.5, 8.3],
			"to": [8.75, 23, 8.425],
			"faces": {
				"north": {"uv": [8, 4.375, 8.5, 4.625], "texture": "#1"},
				"east": {"uv": [7.875, 7.125, 7.75, 7.25], "texture": "#1"},
				"south": {"uv": [8.5, 4.375, 8, 4.625], "texture": "#1"},
				"up": {"uv": [7.875, 7.125, 7.75, 7.25], "texture": "#1"}
			}
		},
		{
			"from": [7.749, 22.5, 8.17],
			"to": [8.249, 23, 8.545],
			"faces": {
				"north": {"uv": [8.25, 4.375, 8.5, 4.625], "texture": "#1"},
				"east": {"uv": [8, 7.125, 7.875, 7.25], "texture": "#1"},
				"south": {"uv": [8.5, 4.375, 8.25, 4.625], "texture": "#1"},
				"west": {"uv": [8.125, 7.25, 8.25, 7.375], "texture": "#1"},
				"up": {"uv": [8, 7.125, 7.875, 7.25], "texture": "#1"},
				"down": {"uv": [8.125, 7.25, 8.25, 7.375], "texture": "#1"}
			}
		},
		{
			"from": [7.5, 23, 8.3],
			"to": [8.5, 23.5, 8.425],
			"faces": {
				"north": {"uv": [8.125, 4.125, 8.625, 4.375], "texture": "#1"},
				"east": {"uv": [7.875, 7.125, 7.75, 7.25], "texture": "#1"},
				"south": {"uv": [8.625, 4.125, 8.125, 4.375], "texture": "#1"},
				"up": {"uv": [7.875, 7.125, 7.75, 7.25], "texture": "#1"}
			}
		},
		{
			"from": [7.499, 23, 8.17],
			"to": [7.999, 23.5, 8.545],
			"faces": {
				"north": {"uv": [8.375, 4.125, 8.625, 4.375], "texture": "#1"},
				"east": {"uv": [8, 7.125, 7.875, 7.25], "texture": "#1"},
				"south": {"uv": [8.625, 4.125, 8.375, 4.375], "texture": "#1"},
				"west": {"uv": [8.125, 7.25, 8.25, 7.375], "texture": "#1"},
				"up": {"uv": [8, 7.125, 7.875, 7.25], "texture": "#1"},
				"down": {"uv": [8.125, 7.25, 8.25, 7.375], "texture": "#1"}
			}
		},
		{
			"from": [7.5, 23.5, 8.3],
			"to": [8.25, 23.75, 8.425],
			"faces": {
				"north": {"uv": [8.25, 4, 8.625, 4.125], "texture": "#1"},
				"east": {"uv": [7.875, 7.125, 7.75, 7.25], "texture": "#1"},
				"south": {"uv": [8.625, 4, 8.25, 4.125], "texture": "#1"},
				"up": {"uv": [7.875, 7.125, 7.75, 7.25], "texture": "#1"}
			}
		},
		{
			"from": [7.499, 23.5, 8.17],
			"to": [7.749, 23.75, 8.545],
			"faces": {
				"north": {"uv": [8.5, 4, 8.625, 4.125], "texture": "#1"},
				"east": {"uv": [8, 7.125, 7.875, 7.25], "texture": "#1"},
				"south": {"uv": [8.625, 4, 8.5, 4.125], "texture": "#1"},
				"west": {"uv": [8.125, 7.25, 8.25, 7.375], "texture": "#1"},
				"up": {"uv": [8, 7.125, 7.875, 7.25], "texture": "#1"}
			}
		},
		{
			"from": [7.5, 23.75, 8.3],
			"to": [8, 24, 8.425],
			"faces": {
				"north": {"uv": [8.375, 3.875, 8.625, 4], "texture": "#1"},
				"east": {"uv": [7.875, 7.125, 7.75, 7.25], "texture": "#1"},
				"south": {"uv": [8.625, 3.875, 8.375, 4], "texture": "#1"},
				"west": {"uv": [8.5, 4, 8.625, 4.125], "texture": "#1"},
				"up": {"uv": [7.875, 7.125, 7.75, 7.25], "texture": "#1"}
			}
		},
		{
			"from": [7.5, 24, 8.3],
			"to": [7.75, 24.25, 8.425],
			"faces": {
				"north": {"uv": [8.5, 4, 8.625, 4.125], "texture": "#1"},
				"east": {"uv": [8.5, 4, 8.625, 4.125], "texture": "#1"},
				"south": {"uv": [8.5, 3.75, 8.625, 3.875], "texture": "#1"},
				"west": {"uv": [8.5, 4, 8.625, 4.125], "texture": "#1"},
				"up": {"uv": [8.5, 4, 8.625, 4.125], "texture": "#1"}
			}
		},
		{
			"from": [9, 22, 8.3],
			"to": [9.25, 22.25, 8.425],
			"faces": {
				"north": {"uv": [7.75, 4.75, 7.875, 4.875], "texture": "#1"},
				"east": {"uv": [7.75, 4.75, 7.875, 4.875], "texture": "#1"},
				"south": {"uv": [7.75, 4.75, 7.875, 4.875], "texture": "#1"},
				"up": {"uv": [7.75, 4.75, 7.875, 4.875], "texture": "#1"},
				"down": {"uv": [7.75, 4.75, 7.875, 4.875], "texture": "#1"}
			}
		},
		{
			"from": [9.25, 16.75, 8.3],
			"to": [9.5, 17, 8.425],
			"faces": {
				"north": {"uv": [7.75, 4.75, 7.875, 4.875], "texture": "#1"},
				"east": {"uv": [7.75, 4.75, 7.875, 4.875], "texture": "#1"},
				"south": {"uv": [7.75, 4.75, 7.875, 4.875], "texture": "#1"},
				"up": {"uv": [7.75, 4.75, 7.875, 4.875], "texture": "#1"},
				"down": {"uv": [7.75, 4.75, 7.875, 4.875], "texture": "#1"}
			}
		},
		{
			"from": [9.5, 14, 8.3],
			"to": [9.75, 14.25, 8.425],
			"faces": {
				"north": {"uv": [7.75, 4.75, 7.875, 4.875], "texture": "#1"},
				"east": {"uv": [7.75, 4.75, 7.875, 4.875], "texture": "#1"},
				"south": {"uv": [7.75, 4.75, 7.875, 4.875], "texture": "#1"},
				"up": {"uv": [7.75, 4.75, 7.875, 4.875], "texture": "#1"},
				"down": {"uv": [7.75, 4.75, 7.875, 4.875], "texture": "#1"}
			}
		},
		{
			"from": [9.25, 12.25, 8.3],
			"to": [9.5, 12.5, 8.425],
			"faces": {
				"north": {"uv": [7.75, 4.75, 7.875, 4.875], "texture": "#1"},
				"east": {"uv": [7.75, 4.75, 7.875, 4.875], "texture": "#1"},
				"south": {"uv": [7.75, 4.75, 7.875, 4.875], "texture": "#1"},
				"up": {"uv": [7.75, 4.75, 7.875, 4.875], "texture": "#1"},
				"down": {"uv": [7.75, 4.75, 7.875, 4.875], "texture": "#1"}
			}
		},
		{
			"from": [9.25, 10.75, 8.3],
			"to": [9.5, 11, 8.425],
			"faces": {
				"north": {"uv": [7.75, 4.75, 7.875, 4.875], "texture": "#1"},
				"east": {"uv": [7.75, 4.75, 7.875, 4.875], "texture": "#1"},
				"south": {"uv": [7.75, 4.75, 7.875, 4.875], "texture": "#1"},
				"up": {"uv": [7.75, 4.75, 7.875, 4.875], "texture": "#1"},
				"down": {"uv": [7.75, 4.75, 7.875, 4.875], "texture": "#1"}
			}
		},
		{
			"from": [9.25, 18.25, 8.3],
			"to": [9.5, 18.5, 8.425],
			"faces": {
				"north": {"uv": [7.75, 4.75, 7.875, 4.875], "texture": "#1"},
				"east": {"uv": [7.75, 4.75, 7.875, 4.875], "texture": "#1"},
				"south": {"uv": [7.75, 4.75, 7.875, 4.875], "texture": "#1"},
				"up": {"uv": [7.75, 4.75, 7.875, 4.875], "texture": "#1"},
				"down": {"uv": [7.75, 4.75, 7.875, 4.875], "texture": "#1"}
			}
		},
		{
			"from": [9, 20.25, 8.3],
			"to": [9.25, 20.75, 8.425],
			"faces": {
				"north": {"uv": [7.75, 5.5, 7.875, 5.75], "texture": "#1"},
				"east": {"uv": [7.75, 5.5, 7.875, 5.75], "texture": "#1"},
				"south": {"uv": [7.75, 5.5, 7.875, 5.75], "texture": "#1"},
				"up": {"uv": [7.75, 4.75, 7.875, 4.875], "texture": "#1"},
				"down": {"uv": [7.75, 5.625, 7.875, 5.75], "texture": "#1"}
			}
		},
		{
			"from": [9, 18.25, 8.3],
			"to": [9.25, 18.75, 8.425],
			"faces": {
				"north": {"uv": [7.75, 6.5, 7.875, 6.75], "texture": "#1"},
				"east": {"uv": [7.75, 6.5, 7.875, 6.75], "texture": "#1"},
				"south": {"uv": [7.75, 6.5, 7.875, 6.75], "texture": "#1"},
				"up": {"uv": [7.75, 4.75, 7.875, 4.875], "texture": "#1"},
				"down": {"uv": [7.75, 6.625, 7.875, 6.75], "texture": "#1"}
			}
		},
		{
			"from": [9.25, 11.5, 8.3],
			"to": [9.5, 12, 8.425],
			"faces": {
				"north": {"uv": [7.625, 9.875, 7.75, 10.125], "texture": "#1"},
				"east": {"uv": [7.625, 9.875, 7.75, 10.125], "texture": "#1"},
				"south": {"uv": [7.625, 9.875, 7.75, 10.125], "texture": "#1"},
				"up": {"uv": [7.75, 4.75, 7.875, 4.875], "texture": "#1"},
				"down": {"uv": [7.625, 10, 7.75, 10.125], "texture": "#1"}
			}
		},
		{
			"from": [9.25, 13.5, 8.3],
			"to": [9.5, 14.5, 8.425],
			"faces": {
				"north": {"uv": [7.625, 8.625, 7.75, 9.125], "texture": "#1"},
				"east": {"uv": [7.625, 8.625, 7.75, 9.125], "texture": "#1"},
				"south": {"uv": [7.625, 8.625, 7.75, 9.125], "texture": "#1"},
				"up": {"uv": [7.75, 4.75, 7.875, 4.875], "texture": "#1"},
				"down": {"uv": [7.75, 6.625, 7.875, 6.75], "texture": "#1"}
			}
		}
	],
	"display": {
		"thirdperson_righthand": {
			"rotation": [0, 90, 0],
			"translation": [-0.5, -0.25, 3],
			"scale": [1.53, 1.53, 1.53]
		},
		"thirdperson_lefthand": {
			"rotation": [0, -90, 0],
			"translation": [0.5, -0.25, 3],
			"scale": [1.53, 1.53, 1.53]
		},
		"firstperson_righthand": {
			"rotation": [12, 88, 0],
			"translation": [0, -0.25, 0.5]
		},
		"firstperson_lefthand": {
			"rotation": [9, -92, 0],
			"translation": [2, -0.25, 1]
		},
		"ground": {
			"rotation": [0, 0, -45],
			"translation": [0, 3.3956, 0],
			"scale": [1.5, 1.5, 1.5]
		},
		"gui": {
			"rotation": [0, 0, -45],
			"translation": [-4.75, -4, 0],
			"scale": [1.2, 1.2, 1.2]
		},
		"head": {
			"rotation": [0, 0, 45],
			"translation": [0, 19, 0],
			"scale": [2, 2, 2]
		},
		"fixed": {
			"rotation": [0, 0, 45],
			"translation": [5.75, -6.75, -2],
			"scale": [2, 2, 2.2]
		}
	},
	"groups": [
		{
			"name": "hilt",
			"origin": [8, 8, 8],
			"color": 0,
			"children": [0, 1, 2, 3]
		},
		{
			"name": "blade",
			"origin": [8, 8, 8],
			"color": 0,
			"children": [4, 5, 6, 7, 8, 9, 10, 11, 12, 13, 14, 15, 16, 17, 18, 19, 20, 21, 22, 23, 24, 25]
		}
	]
}