{
	"format_version": "1.21.11",
	"credit": "Made with Blockbench",
	"textures": {
		"1": "item/soulrender",
		"4": "item/soulrender_layer",
		"particle": "item/soulrender"
	},
	"elements": [
		{
			"name": "sr1_0",
			"from": [8.5, 12.975, 7.8],
			"to": [8.625, 13.475, 8.125],
			
			"faces": {
				"north": {"uv": [9.625, 2.125, 9.5, 2.625], "texture": "#1"},
				"east": {"uv": [9.5, 2.125, 9.625, 2.625], "texture": "#1"},
				"south": {"uv": [9.5, 2.125, 9.625, 2.625], "texture": "#1"},
				"west": {"uv": [9.5, 2.125, 9.625, 2.625], "texture": "#1"},
				"up": {"uv": [9.5, 2.125, 9.625, 2.25], "texture": "#1"}
			}
		},
		{
			"name": "sr1_1",
			"from": [6.75, 12.1, 7.8],
			"to": [6.875, 13.35, 8.125],
			
			"faces": {
				"north": {"uv": [7.875, 2.25, 7.75, 3.5], "texture": "#1"},
				"east": {"uv": [7.75, 2.25, 7.875, 3.5], "texture": "#1"},
				"south": {"uv": [7.75, 2.25, 7.875, 3.5], "texture": "#1"},
				"west": {"uv": [7.75, 2.25, 7.875, 3.5], "texture": "#1"},
				"up": {"uv": [7.75, 2.25, 7.875, 2.375], "texture": "#1"},
				"down": {"uv": [7.75, 3.375, 7.875, 3.5], "texture": "#1"}
			}
		},
		{
			"name": "sr1_2",
			"from": [8.375, 13.1, 7.8],
			"to": [8.5, 13.225, 8.125],
			
			"faces": {
				"north": {"uv": [9.5, 2.375, 9.375, 2.5], "texture": "#1"},
				"south": {"uv": [9.375, 2.375, 9.5, 2.5], "texture": "#1"},
				"west": {"uv": [9.375, 2.375, 9.5, 2.5], "texture": "#1"},
				"up": {"uv": [9.375, 2.375, 9.5, 2.5], "texture": "#1"}
			}
		},
		{
			"name": "sr1_3",
			"from": [8.625, 12.85, 7.8],
			"to": [8.75, 13.225, 8.125],
			
			"faces": {
				"north": {"uv": [9.75, 2.375, 9.625, 2.75], "texture": "#1"},
				"east": {"uv": [9.625, 2.375, 9.75, 2.75], "texture": "#1"},
				"south": {"uv": [9.625, 2.375, 9.75, 2.75], "texture": "#1"},
				"up": {"uv": [9.625, 2.375, 9.75, 2.5], "texture": "#1"}
			}
		},
		{
			"name": "sr1_4",
			"from": [9.25, 12.6, 7.8],
			"to": [9.375, 13.225, 8.125],
			
			"faces": {
				"north": {"uv": [10.375, 2.375, 10.25, 3], "texture": "#1"},
				"east": {"uv": [10.25, 2.375, 10.375, 3], "texture": "#1"},
				"south": {"uv": [10.25, 2.375, 10.375, 3], "texture": "#1"},
				"west": {"uv": [10.25, 2.375, 10.375, 3], "texture": "#1"},
				"up": {"uv": [10.25, 2.375, 10.375, 2.5], "texture": "#1"},
				"down": {"uv": [10.25, 2.875, 10.375, 3], "texture": "#1"}
			}
		},
		{
			"name": "sr1_5",
			"from": [5.875, 11.975, 7.8],
			"to": [6, 13.1, 8.125],
			
			"faces": {
				"north": {"uv": [7, 2.5, 6.875, 3.625], "texture": "#1"},
				"east": {"uv": [6.875, 2.5, 7, 3.625], "texture": "#1"},
				"south": {"uv": [6.875, 2.5, 7, 3.625], "texture": "#1"},
				"west": {"uv": [6.875, 2.5, 7, 3.625], "texture": "#1"},
				"up": {"uv": [6.875, 2.5, 7, 2.625], "texture": "#1"},
				"down": {"uv": [6.875, 3.5, 7, 3.625], "texture": "#1"}
			}
		},
		{
			"name": "sr1_6",
			"from": [6.875, 12.475, 7.8],
			"to": [7, 13.1, 8.125],
			
			"faces": {
				"north": {"uv": [8, 2.5, 7.875, 3.125], "texture": "#1"},
				"east": {"uv": [7.875, 2.5, 8, 3.125], "texture": "#1"},
				"south": {"uv": [7.875, 2.5, 8, 3.125], "texture": "#1"},
				"up": {"uv": [7.875, 2.5, 8, 2.625], "texture": "#1"},
				"down": {"uv": [7.875, 3, 8, 3.125], "texture": "#1"}
			}
		},
		{
			"name": "sr1_7",
			"from": [8.75, 12.725, 7.8],
			"to": [8.875, 13.1, 8.125],
			
			"faces": {
				"north": {"uv": [9.875, 2.5, 9.75, 2.875], "texture": "#1"},
				"east": {"uv": [9.75, 2.5, 9.875, 2.875], "texture": "#1"},
				"south": {"uv": [9.75, 2.5, 9.875, 2.875], "texture": "#1"},
				"up": {"uv": [9.75, 2.5, 9.875, 2.625], "texture": "#1"}
			}
		},
		{
			"name": "sr1_8",
			"from": [9.125, 12.725, 7.8],
			"to": [9.25, 13.1, 8.125],
			
			"faces": {
				"north": {"uv": [10.25, 2.5, 10.125, 2.875], "texture": "#1"},
				"south": {"uv": [10.125, 2.5, 10.25, 2.875], "texture": "#1"},
				"west": {"uv": [10.125, 2.5, 10.25, 2.875], "texture": "#1"},
				"up": {"uv": [10.125, 2.5, 10.25, 2.625], "texture": "#1"},
				"down": {"uv": [10.125, 2.75, 10.25, 2.875], "texture": "#1"}
			}
		},
		{
			"name": "sr1_9",
			"from": [6, 12.35, 7.8],
			"to": [6.125, 12.975, 8.125],
			
			"faces": {
				"north": {"uv": [7.125, 2.625, 7, 3.25], "texture": "#1"},
				"east": {"uv": [7, 2.625, 7.125, 3.25], "texture": "#1"},
				"south": {"uv": [7, 2.625, 7.125, 3.25], "texture": "#1"},
				"up": {"uv": [7, 2.625, 7.125, 2.75], "texture": "#1"},
				"down": {"uv": [7, 3.125, 7.125, 3.25], "texture": "#1"}
			}
		},
		{
			"name": "sr1_10",
			"from": [6.375, 12.725, 7.8],
			"to": [6.75, 12.975, 8.125],
			
			"faces": {
				"north": {"uv": [7.75, 2.625, 7.375, 2.875], "texture": "#1"},
				"south": {"uv": [7.375, 2.625, 7.75, 2.875], "texture": "#1"},
				"west": {"uv": [7.375, 2.625, 7.5, 2.875], "texture": "#1"},
				"up": {"uv": [7.375, 2.625, 7.75, 2.75], "texture": "#1"},
				"down": {"uv": [7.375, 2.75, 7.75, 2.875], "texture": "#1"}
			}
		},
		{
			"name": "sr1_11",
			"from": [7, 12.725, 7.8],
			"to": [7.25, 12.975, 8.125],
			
			"faces": {
				"north": {"uv": [8.25, 2.625, 8, 2.875], "texture": "#1"},
				"south": {"uv": [8, 2.625, 8.25, 2.875], "texture": "#1"},
				"up": {"uv": [8, 2.625, 8.25, 2.75], "texture": "#1"}
			}
		},
		{
			"name": "sr1_12",
			"from": [7.25, 12.85, 7.8],
			"to": [7.375, 12.975, 8.125],
			
			"faces": {
				"north": {"uv": [8.375, 2.625, 8.25, 2.75], "texture": "#1"},
				"south": {"uv": [8.25, 2.625, 8.375, 2.75], "texture": "#1"},
				"up": {"uv": [8.25, 2.625, 8.375, 2.75], "texture": "#1"}
			}
		},
		{
			"name": "sr1_13",
			"from": [8.875, 12.725, 7.8],
			"to": [9.125, 12.975, 8.125],
			
			"faces": {
				"north": {"uv": [10.125, 2.625, 9.875, 2.875], "texture": "#1"},
				"south": {"uv": [9.875, 2.625, 10.125, 2.875], "texture": "#1"},
				"up": {"uv": [9.875, 2.625, 10.125, 2.75], "texture": "#1"},
				"down": {"uv": [9.875, 2.75, 10.125, 2.875], "texture": "#1"}
			}
		},
		{
			"name": "sr1_14",
			"from": [5.25, 12.1, 7.8],
			"to": [5.375, 12.85, 8.125],
			
			"faces": {
				"north": {"uv": [6.375, 2.75, 6.25, 3.5], "texture": "#1"},
				"east": {"uv": [6.25, 2.75, 6.375, 3.5], "texture": "#1"},
				"south": {"uv": [6.25, 2.75, 6.375, 3.5], "texture": "#1"},
				"west": {"uv": [6.25, 2.75, 6.375, 3.5], "texture": "#1"},
				"up": {"uv": [6.25, 2.75, 6.375, 2.875], "texture": "#1"},
				"down": {"uv": [6.25, 3.375, 6.375, 3.5], "texture": "#1"}
			}
		},
		{
			"name": "sr1_15",
			"from": [6.125, 12.6, 7.8],
			"to": [6.375, 12.85, 8.125],
			
			"faces": {
				"north": {"uv": [7.375, 2.75, 7.125, 3], "texture": "#1"},
				"east": {"uv": [7.25, 2.75, 7.375, 3], "texture": "#1"},
				"south": {"uv": [7.125, 2.75, 7.375, 3], "texture": "#1"},
				"up": {"uv": [7.125, 2.75, 7.375, 2.875], "texture": "#1"},
				"down": {"uv": [7.125, 2.875, 7.375, 3], "texture": "#1"}
			}
		},
		{
			"name": "sr1_16",
			"from": [7.375, 12.6, 7.85],
			"to": [7.625, 12.85, 8.075],
			
			"faces": {
				"north": {"uv": [8.625, 2.75, 8.375, 3], "texture": "#1"},
				"south": {"uv": [8.375, 2.75, 8.625, 3], "texture": "#1"}
			}
		},
		{
			"name": "sr1_17",
			"from": [8.375, 12.6, 7.85],
			"to": [8.625, 12.85, 8.075],
			
			"faces": {
				"north": {"uv": [9.625, 2.75, 9.375, 3], "texture": "#1"},
				"south": {"uv": [9.375, 2.75, 9.625, 3], "texture": "#1"}
			}
		},
		{
			"name": "sr1_18",
			"from": [9.375, 12.35, 7.8],
			"to": [9.5, 12.85, 8.125],
			
			"faces": {
				"north": {"uv": [10.5, 2.75, 10.375, 3.25], "texture": "#1"},
				"east": {"uv": [10.375, 2.75, 10.5, 3.25], "texture": "#1"},
				"south": {"uv": [10.375, 2.75, 10.5, 3.25], "texture": "#1"},
				"west": {"uv": [10.375, 2.75, 10.5, 3.25], "texture": "#1"},
				"up": {"uv": [10.375, 2.75, 10.5, 2.875], "texture": "#1"},
				"down": {"uv": [10.375, 3.125, 10.5, 3.25], "texture": "#1"}
			}
		},
		{
			"name": "sr1_19",
			"from": [5.375, 12.475, 7.8],
			"to": [5.875, 12.725, 8.125],
			
			"faces": {
				"north": {"uv": [6.875, 2.875, 6.375, 3.125], "texture": "#1"},
				"south": {"uv": [6.375, 2.875, 6.875, 3.125], "texture": "#1"},
				"up": {"uv": [6.375, 2.875, 6.875, 3], "texture": "#1"},
				"down": {"uv": [6.375, 3, 6.875, 3.125], "texture": "#1"}
			}
		},
		{
			"name": "sr1_20",
			"from": [6.625, 12.6, 7.8],
			"to": [6.75, 12.725, 8.125],
			
			"faces": {
				"north": {"uv": [7.75, 2.875, 7.625, 3], "texture": "#1"},
				"south": {"uv": [7.625, 2.875, 7.75, 3], "texture": "#1"},
				"west": {"uv": [7.625, 2.875, 7.75, 3], "texture": "#1"},
				"down": {"uv": [7.625, 2.875, 7.75, 3], "texture": "#1"}
			}
		},
		{
			"name": "sr1_21",
			"from": [7, 12.475, 7.8],
			"to": [7.125, 12.725, 8.125],
			
			"faces": {
				"north": {"uv": [8.125, 2.875, 8, 3.125], "texture": "#1"},
				"south": {"uv": [8, 2.875, 8.125, 3.125], "texture": "#1"}
			}
		},
		{
			"name": "sr1_22",
			"from": [9.5, 12.35, 7.8],
			"to": [9.625, 12.725, 8.125],
			
			"faces": {
				"north": {"uv": [10.625, 2.875, 10.5, 3.25], "texture": "#1"},
				"east": {"uv": [10.5, 2.875, 10.625, 3.25], "texture": "#1"},
				"south": {"uv": [10.5, 2.875, 10.625, 3.25], "texture": "#1"},
				"up": {"uv": [10.5, 2.875, 10.625, 3], "texture": "#1"},
				"down": {"uv": [10.5, 3.125, 10.625, 3.25], "texture": "#1"}
			}
		},
		{
			"name": "sr1_23",
			"from": [4.625, 11.85, 7.8],
			"to": [4.75, 12.6, 8.125],
			
			"faces": {
				"north": {"uv": [5.75, 3, 5.625, 3.75], "texture": "#1"},
				"east": {"uv": [5.625, 3, 5.75, 3.75], "texture": "#1"},
				"south": {"uv": [5.625, 3, 5.75, 3.75], "texture": "#1"},
				"west": {"uv": [5.625, 3, 5.75, 3.75], "texture": "#1"},
				"up": {"uv": [5.625, 3, 5.75, 3.125], "texture": "#1"},
				"down": {"uv": [5.625, 3.625, 5.75, 3.75], "texture": "#1"}
			}
		},
		{
			"name": "sr1_24",
			"from": [7.75, 11.85, 7.85],
			"to": [8.25, 12.6, 8.075],
			
			"faces": {
				"north": {"uv": [9.25, 3, 8.75, 3.75], "texture": "#1"},
				"south": {"uv": [8.75, 3, 9.25, 3.75], "texture": "#1"}
			}
		},
		{
			"name": "sr1_25",
			"from": [4.75, 11.6, 7.8],
			"to": [4.875, 12.475, 8.125],
			
			"faces": {
				"north": {"uv": [5.875, 3.125, 5.75, 4], "texture": "#1"},
				"east": {"uv": [5.75, 3.125, 5.875, 4], "texture": "#1"},
				"south": {"uv": [5.75, 3.125, 5.875, 4], "texture": "#1"},
				"west": {"uv": [5.75, 3.125, 5.875, 4], "texture": "#1"},
				"up": {"uv": [5.75, 3.125, 5.875, 3.25], "texture": "#1"},
				"down": {"uv": [5.75, 3.875, 5.875, 4], "texture": "#1"}
			}
		},
		{
			"name": "sr1_26",
			"from": [5, 12.225, 7.8],
			"to": [5.25, 12.475, 8.125],
			
			"faces": {
				"north": {"uv": [6.25, 3.125, 6, 3.375], "texture": "#1"},
				"south": {"uv": [6, 3.125, 6.25, 3.375], "texture": "#1"},
				"west": {"uv": [6, 3.125, 6.125, 3.375], "texture": "#1"},
				"up": {"uv": [6, 3.125, 6.25, 3.25], "texture": "#1"},
				"down": {"uv": [6, 3.25, 6.25, 3.375], "texture": "#1"}
			}
		},
		{
			"name": "sr1_27",
			"from": [5.375, 12.35, 7.8],
			"to": [5.625, 12.475, 8.125],
			
			"faces": {
				"north": {"uv": [6.625, 3.125, 6.375, 3.25], "texture": "#1"},
				"east": {"uv": [6.5, 3.125, 6.625, 3.25], "texture": "#1"},
				"south": {"uv": [6.375, 3.125, 6.625, 3.25], "texture": "#1"},
				"down": {"uv": [6.375, 3.125, 6.625, 3.25], "texture": "#1"}
			}
		},
		{
			"name": "sr1_28",
			"from": [7.625, 11.975, 7.85],
			"to": [7.75, 12.475, 8.075],
			
			"faces": {
				"north": {"uv": [8.75, 3.125, 8.625, 3.625], "texture": "#1"},
				"south": {"uv": [8.625, 3.125, 8.75, 3.625], "texture": "#1"}
			}
		},
		{
			"name": "sr1_29",
			"from": [8.25, 11.975, 7.85],
			"to": [8.375, 12.475, 8.075],
			
			"faces": {
				"north": {"uv": [9.375, 3.125, 9.25, 3.625], "texture": "#1"},
				"south": {"uv": [9.25, 3.125, 9.375, 3.625], "texture": "#1"}
			}
		},
		{
			"name": "sr1_30",
			"from": [4.875, 12.1, 7.8],
			"to": [5, 12.35, 8.125],
			
			"faces": {
				"north": {"uv": [6, 3.25, 5.875, 3.5], "texture": "#1"},
				"east": {"uv": [5.875, 3.25, 6, 3.5], "texture": "#1"},
				"south": {"uv": [5.875, 3.25, 6, 3.5], "texture": "#1"},
				"up": {"uv": [5.875, 3.25, 6, 3.375], "texture": "#1"},
				"down": {"uv": [5.875, 3.375, 6, 3.5], "texture": "#1"}
			}
		},
		{
			"name": "sr1_31",
			"from": [5.375, 11.85, 7.8],
			"to": [5.5, 12.35, 8.125],
			
			"faces": {
				"north": {"uv": [6.5, 3.25, 6.375, 3.75], "texture": "#1"},
				"east": {"uv": [6.375, 3.25, 6.5, 3.75], "texture": "#1"},
				"south": {"uv": [6.375, 3.25, 6.5, 3.75], "texture": "#1"},
				"west": {"uv": [6.375, 3.25, 6.5, 3.75], "texture": "#1"},
				"down": {"uv": [6.375, 3.625, 6.5, 3.75], "texture": "#1"}
			}
		},
		{
			"name": "sr1_32",
			"from": [4.5, 11.975, 7.8],
			"to": [4.625, 12.225, 8.125],
			
			"faces": {
				"north": {"uv": [5.625, 3.375, 5.5, 3.625], "texture": "#1"},
				"south": {"uv": [5.5, 3.375, 5.625, 3.625], "texture": "#1"},
				"west": {"uv": [5.5, 3.375, 5.625, 3.625], "texture": "#1"},
				"up": {"uv": [5.5, 3.375, 5.625, 3.5], "texture": "#1"},
				"down": {"uv": [5.5, 3.5, 5.625, 3.625], "texture": "#1"}
			}
		},
		{
			"name": "sr1_33",
			"from": [4.25, 11.85, 7.8],
			"to": [4.5, 12.1, 8.125],
			
			"faces": {
				"north": {"uv": [5.5, 3.5, 5.25, 3.75], "texture": "#1"},
				"east": {"uv": [5.375, 3.5, 5.5, 3.75], "texture": "#1"},
				"south": {"uv": [5.25, 3.5, 5.5, 3.75], "texture": "#1"},
				"west": {"uv": [5.25, 3.5, 5.375, 3.75], "texture": "#1"},
				"up": {"uv": [5.25, 3.5, 5.5, 3.625], "texture": "#1"},
				"down": {"uv": [5.25, 3.625, 5.5, 3.75], "texture": "#1"}
			}
		},
		{
			"name": "sr1_34",
			"from": [7.375, 11.6, 7.85],
			"to": [7.625, 11.85, 8.075],
			
			"faces": {
				"north": {"uv": [8.625, 3.75, 8.375, 4], "texture": "#1"},
				"south": {"uv": [8.375, 3.75, 8.625, 4], "texture": "#1"}
			}
		},
		{
			"name": "sr1_35",
			"from": [8.375, 11.6, 7.85],
			"to": [8.625, 11.85, 8.075],
			
			"faces": {
				"north": {"uv": [9.625, 3.75, 9.375, 4], "texture": "#1"},
				"south": {"uv": [9.375, 3.75, 9.625, 4], "texture": "#1"}
			}
		},
		{
			"name": "sr1_36",
			"from": [7.75, 10.225, 7.8],
			"to": [8.125, 11.225, 8.125],
			
			"faces": {
				"north": {"uv": [9.125, 4.375, 8.75, 5.375], "texture": "#1"},
				"east": {"uv": [9, 4.375, 9.125, 5.375], "texture": "#1"},
				"south": {"uv": [8.75, 4.375, 9.125, 5.375], "texture": "#1"},
				"west": {"uv": [8.75, 4.375, 8.875, 5.375], "texture": "#1"},
				"down": {"uv": [8.75, 5.25, 9.125, 5.375], "texture": "#1"}
			}
		},
		{
			"name": "sr1_37",
			"from": [8.125, 11.1, 7.8],
			"to": [8.25, 11.225, 8.125],
			
			"faces": {
				"north": {"uv": [9.25, 4.375, 9.125, 4.5], "texture": "#1"},
				"east": {"uv": [9.125, 4.375, 9.25, 4.5], "texture": "#1"},
				"south": {"uv": [9.125, 4.375, 9.25, 4.5], "texture": "#1"},
				"down": {"uv": [9.125, 4.375, 9.25, 4.5], "texture": "#1"}
			}
		},
		{
			"name": "sr1_38",
			"from": [7.625, 7.1, 7.8],
			"to": [7.75, 11.1, 8.125],
			
			"faces": {
				"north": {"uv": [8.75, 4.5, 8.625, 8.5], "texture": "#1"},
				"south": {"uv": [8.625, 4.5, 8.75, 8.5], "texture": "#1"},
				"west": {"uv": [8.625, 4.5, 8.75, 8.5], "texture": "#1"},
				"up": {"uv": [8.625, 4.5, 8.75, 4.625], "texture": "#1"},
				"down": {"uv": [8.625, 8.375, 8.75, 8.5], "texture": "#1"}
			}
		},
		{
			"name": "sr1_39",
			"from": [7.5, 7.85, 7.8],
			"to": [7.625, 10.225, 8.125],
			
			"faces": {
				"north": {"uv": [8.625, 5.375, 8.5, 7.75], "texture": "#1"},
				"south": {"uv": [8.5, 5.375, 8.625, 7.75], "texture": "#1"},
				"west": {"uv": [8.5, 5.375, 8.625, 7.75], "texture": "#1"},
				"up": {"uv": [8.5, 5.375, 8.625, 5.5], "texture": "#1"},
				"down": {"uv": [8.5, 7.625, 8.625, 7.75], "texture": "#1"}
			}
		},
		{
			"name": "sr1_40",
			"from": [7.75, 9.6, 7.8],
			"to": [8, 10.225, 8.125],
			
			"faces": {
				"north": {"uv": [9, 5.375, 8.75, 6], "texture": "#1"},
				"east": {"uv": [8.875, 5.375, 9, 6], "texture": "#1"},
				"south": {"uv": [8.75, 5.375, 9, 6], "texture": "#1"},
				"down": {"uv": [8.75, 5.875, 9, 6], "texture": "#1"}
			}
		},
		{
			"name": "sr1_41",
			"from": [7.375, 8.225, 7.8],
			"to": [7.5, 9.6, 8.125],
			
			"faces": {
				"north": {"uv": [8.5, 6, 8.375, 7.375], "texture": "#1"},
				"south": {"uv": [8.375, 6, 8.5, 7.375], "texture": "#1"},
				"west": {"uv": [8.375, 6, 8.5, 7.375], "texture": "#1"},
				"up": {"uv": [8.375, 6, 8.5, 6.125], "texture": "#1"},
				"down": {"uv": [8.375, 7.25, 8.5, 7.375], "texture": "#1"}
			}
		},
		{
			"name": "sr1_42",
			"from": [7.75, 6.725, 7.8],
			"to": [7.875, 9.6, 8.125],
			
			"faces": {
				"north": {"uv": [8.875, 6, 8.75, 8.875], "texture": "#1"},
				"east": {"uv": [8.75, 6, 8.875, 8.875], "texture": "#1"},
				"south": {"uv": [8.75, 6, 8.875, 8.875], "texture": "#1"},
				"west": {"uv": [8.75, 6, 8.875, 8.875], "texture": "#1"},
				"down": {"uv": [8.75, 8.75, 8.875, 8.875], "texture": "#1"}
			}
		},
		{
			"name": "sr1_43",
			"from": [7.875, 2.6, 7.8],
			"to": [8, 8.225, 8.125],
			
			"faces": {
				"north": {"uv": [9, 7.375, 8.875, 13], "texture": "#1"},
				"east": {"uv": [8.875, 7.375, 9, 13], "texture": "#1"},
				"south": {"uv": [8.875, 7.375, 9, 13], "texture": "#1"},
				"west": {"uv": [8.875, 7.375, 9, 13], "texture": "#1"},
				"up": {"uv": [8.875, 7.375, 9, 7.5], "texture": "#1"}
			}
		},
		{
			"name": "sr1_44",
			"from": [8, 2.6, 7.8],
			"to": [8.125, 7.85, 8.125],
			
			"faces": {
				"north": {"uv": [9.125, 7.75, 9, 13], "texture": "#1"},
				"east": {"uv": [9, 7.75, 9.125, 13], "texture": "#1"},
				"south": {"uv": [9, 7.75, 9.125, 13], "texture": "#1"},
				"up": {"uv": [9, 7.75, 9.125, 7.875], "texture": "#1"}
			}
		},
		{
			"name": "sr1_45",
			"from": [8.125, 2.6, 7.8],
			"to": [8.25, 7.1, 8.125],
			
			"faces": {
				"north": {"uv": [9.25, 8.5, 9.125, 13], "texture": "#1"},
				"east": {"uv": [9.125, 8.5, 9.25, 13], "texture": "#1"},
				"south": {"uv": [9.125, 8.5, 9.25, 13], "texture": "#1"},
				"up": {"uv": [9.125, 8.5, 9.25, 8.625], "texture": "#1"}
			}
		},
		{
			"name": "sr1_46",
			"from": [8.25, 5.6, 7.8],
			"to": [8.375, 6.725, 8.125],
			
			"faces": {
				"north": {"uv": [9.375, 8.875, 9.25, 10], "texture": "#1"},
				"east": {"uv": [9.25, 8.875, 9.375, 10], "texture": "#1"},
				"south": {"uv": [9.25, 8.875, 9.375, 10], "texture": "#1"},
				"up": {"uv": [9.25, 8.875, 9.375, 9], "texture": "#1"},
				"down": {"uv": [9.25, 9.875, 9.375, 10], "texture": "#1"}
			}
		},
		{
			"name": "sr1_47",
			"from": [7.75, 2.6, 7.8],
			"to": [7.875, 5.6, 8.125],
			
			"faces": {
				"north": {"uv": [8.875, 10, 8.75, 13], "texture": "#1"},
				"south": {"uv": [8.75, 10, 8.875, 13], "texture": "#1"},
				"west": {"uv": [8.75, 10, 8.875, 13], "texture": "#1"},
				"up": {"uv": [8.75, 10, 8.875, 10.125], "texture": "#1"}
			}
		},
		{
			"name": "sr1_48",
			"from": [7.75, 1.35, 7.75],
			"to": [8.25, 2.35, 8.175],
			
			"faces": {
				"north": {"uv": [9.25, 13.25, 8.75, 14.25], "texture": "#1"},
				"east": {"uv": [9.125, 13.25, 9.25, 14.25], "texture": "#1"},
				"south": {"uv": [8.75, 13.25, 9.25, 14.25], "texture": "#1"},
				"west": {"uv": [8.75, 13.25, 8.875, 14.25], "texture": "#1"},
				"down": {"uv": [8.75, 14.125, 9.25, 14.25], "texture": "#1"}
			}
		},
		{
			"name": "sr1_49",
			"from": [7.625, 1.475, 7.75],
			"to": [7.75, 2.225, 8.175],
			
			"faces": {
				"north": {"uv": [8.75, 13.375, 8.625, 14.125], "texture": "#1"},
				"south": {"uv": [8.625, 13.375, 8.75, 14.125], "texture": "#1"},
				"west": {"uv": [8.625, 13.375, 8.75, 14.125], "texture": "#1"},
				"up": {"uv": [8.625, 13.375, 8.75, 13.5], "texture": "#1"},
				"down": {"uv": [8.625, 14, 8.75, 14.125], "texture": "#1"}
			}
		},
		{
			"name": "sr1_50",
			"from": [8.25, 1.475, 7.75],
			"to": [8.375, 2.225, 8.175],
			
			"faces": {
				"north": {"uv": [9.375, 13.375, 9.25, 14.125], "texture": "#1"},
				"east": {"uv": [9.25, 13.375, 9.375, 14.125], "texture": "#1"},
				"south": {"uv": [9.25, 13.375, 9.375, 14.125], "texture": "#1"},
				"up": {"uv": [9.25, 13.375, 9.375, 13.5], "texture": "#1"},
				"down": {"uv": [9.25, 14, 9.375, 14.125], "texture": "#1"}
			}
		},
		{
			"name": "sr1_51",
			"from": [7.5, 1.6, 7.75],
			"to": [7.625, 2.1, 8.175],
			
			"faces": {
				"north": {"uv": [8.625, 13.5, 8.5, 14], "texture": "#1"},
				"south": {"uv": [8.5, 13.5, 8.625, 14], "texture": "#1"},
				"west": {"uv": [8.5, 13.5, 8.625, 14], "texture": "#1"},
				"up": {"uv": [8.5, 13.5, 8.625, 13.625], "texture": "#1"},
				"down": {"uv": [8.5, 13.875, 8.625, 14], "texture": "#1"}
			}
		},
		{
			"name": "sr1_52",
			"from": [8.375, 1.6, 7.75],
			"to": [8.5, 2.1, 8.175],
			
			"faces": {
				"north": {"uv": [9.5, 13.5, 9.375, 14], "texture": "#1"},
				"east": {"uv": [9.375, 13.5, 9.5, 14], "texture": "#1"},
				"south": {"uv": [9.375, 13.5, 9.5, 14], "texture": "#1"},
				"up": {"uv": [9.375, 13.5, 9.5, 13.625], "texture": "#1"},
				"down": {"uv": [9.375, 13.875, 9.5, 14], "texture": "#1"}
			}
		},
		{
			"name": "sr2_0",
			"from": [7.75, 12.6, 7.75],
			"to": [8.25, 13.225, 8.175],
			
			"faces": {
				"north": {"uv": [9.25, 2.375, 8.75, 3], "texture": "#1"},
				"east": {"uv": [9.125, 2.375, 9.25, 3], "texture": "#1"},
				"south": {"uv": [8.75, 2.375, 9.25, 3], "texture": "#1"},
				"west": {"uv": [8.75, 2.375, 8.875, 3], "texture": "#1"},
				"up": {"uv": [8.75, 2.375, 9.25, 2.5], "texture": "#1"},
				"down": {"uv": [8.75, 2.875, 9.25, 3], "texture": "#1"}
			}
		},
		{
			"name": "sr2_1",
			"from": [7.5, 12.85, 7.75],
			"to": [7.75, 13.1, 8.175],
			
			"faces": {
				"north": {"uv": [8.75, 2.5, 8.5, 2.75], "texture": "#1"},
				"south": {"uv": [8.5, 2.5, 8.75, 2.75], "texture": "#1"},
				"west": {"uv": [8.5, 2.5, 8.625, 2.75], "texture": "#1"},
				"up": {"uv": [8.5, 2.5, 8.75, 2.625], "texture": "#1"},
				"down": {"uv": [8.5, 2.625, 8.75, 2.75], "texture": "#1"}
			}
		},
		{
			"name": "sr2_2",
			"from": [8.25, 12.85, 7.75],
			"to": [8.5, 13.1, 8.175],
			
			"faces": {
				"north": {"uv": [9.5, 2.5, 9.25, 2.75], "texture": "#1"},
				"east": {"uv": [9.375, 2.5, 9.5, 2.75], "texture": "#1"},
				"south": {"uv": [9.25, 2.5, 9.5, 2.75], "texture": "#1"},
				"up": {"uv": [9.25, 2.5, 9.5, 2.625], "texture": "#1"},
				"down": {"uv": [9.25, 2.625, 9.5, 2.75], "texture": "#1"}
			}
		},
		{
			"name": "sr2_3",
			"from": [7.375, 12.85, 7.75],
			"to": [7.5, 12.975, 8.175],
			
			"faces": {
				"north": {"uv": [8.5, 2.625, 8.375, 2.75], "texture": "#1"},
				"south": {"uv": [8.375, 2.625, 8.5, 2.75], "texture": "#1"},
				"west": {"uv": [8.375, 2.625, 8.5, 2.75], "texture": "#1"},
				"up": {"uv": [8.375, 2.625, 8.5, 2.75], "texture": "#1"},
				"down": {"uv": [8.375, 2.625, 8.5, 2.75], "texture": "#1"}
			}
		},
		{
			"name": "sr2_4",
			"from": [8.5, 12.85, 7.75],
			"to": [8.625, 12.975, 8.175],
			
			"faces": {
				"north": {"uv": [9.625, 2.625, 9.5, 2.75], "texture": "#1"},
				"east": {"uv": [9.5, 2.625, 9.625, 2.75], "texture": "#1"},
				"south": {"uv": [9.5, 2.625, 9.625, 2.75], "texture": "#1"},
				"up": {"uv": [9.5, 2.625, 9.625, 2.75], "texture": "#1"},
				"down": {"uv": [9.5, 2.625, 9.625, 2.75], "texture": "#1"}
			}
		},
		{
			"name": "sr2_5",
			"from": [7.25, 11.6, 7.75],
			"to": [7.375, 12.85, 8.175],
			
			"faces": {
				"north": {"uv": [8.375, 2.75, 8.25, 4], "texture": "#1"},
				"east": {"uv": [8.25, 2.75, 8.375, 4], "texture": "#1"},
				"south": {"uv": [8.25, 2.75, 8.375, 4], "texture": "#1"},
				"west": {"uv": [8.25, 2.75, 8.375, 4], "texture": "#1"},
				"up": {"uv": [8.25, 2.75, 8.375, 2.875], "texture": "#1"},
				"down": {"uv": [8.25, 3.875, 8.375, 4], "texture": "#1"}
			}
		},
		{
			"name": "sr2_6",
			"from": [7.625, 12.475, 7.75],
			"to": [7.75, 12.85, 8.175],
			
			"faces": {
				"north": {"uv": [8.75, 2.75, 8.625, 3.125], "texture": "#1"},
				"east": {"uv": [8.625, 2.75, 8.75, 3.125], "texture": "#1"},
				"south": {"uv": [8.625, 2.75, 8.75, 3.125], "texture": "#1"},
				"west": {"uv": [8.625, 2.75, 8.75, 3.125], "texture": "#1"},
				"down": {"uv": [8.625, 3, 8.75, 3.125], "texture": "#1"}
			}
		},
		{
			"name": "sr2_7",
			"from": [8.25, 12.475, 7.75],
			"to": [8.375, 12.85, 8.175],
			
			"faces": {
				"north": {"uv": [9.375, 2.75, 9.25, 3.125], "texture": "#1"},
				"east": {"uv": [9.25, 2.75, 9.375, 3.125], "texture": "#1"},
				"south": {"uv": [9.25, 2.75, 9.375, 3.125], "texture": "#1"},
				"west": {"uv": [9.25, 2.75, 9.375, 3.125], "texture": "#1"},
				"down": {"uv": [9.25, 3, 9.375, 3.125], "texture": "#1"}
			}
		},
		{
			"name": "sr2_8",
			"from": [8.625, 11.6, 7.75],
			"to": [8.75, 12.85, 8.175],
			
			"faces": {
				"north": {"uv": [9.75, 2.75, 9.625, 4], "texture": "#1"},
				"east": {"uv": [9.625, 2.75, 9.75, 4], "texture": "#1"},
				"south": {"uv": [9.625, 2.75, 9.75, 4], "texture": "#1"},
				"west": {"uv": [9.625, 2.75, 9.75, 4], "texture": "#1"},
				"up": {"uv": [9.625, 2.75, 9.75, 2.875], "texture": "#1"},
				"down": {"uv": [9.625, 3.875, 9.75, 4], "texture": "#1"}
			}
		},
		{
			"name": "sr2_9",
			"from": [7.125, 11.725, 7.75],
			"to": [7.25, 12.725, 8.175],
			
			"faces": {
				"north": {"uv": [8.25, 2.875, 8.125, 3.875], "texture": "#1"},
				"south": {"uv": [8.125, 2.875, 8.25, 3.875], "texture": "#1"},
				"west": {"uv": [8.125, 2.875, 8.25, 3.875], "texture": "#1"},
				"up": {"uv": [8.125, 2.875, 8.25, 3], "texture": "#1"},
				"down": {"uv": [8.125, 3.75, 8.25, 3.875], "texture": "#1"}
			}
		},
		{
			"name": "sr2_10",
			"from": [8.75, 11.725, 7.75],
			"to": [8.875, 12.725, 8.175],
			
			"faces": {
				"north": {"uv": [9.875, 2.875, 9.75, 3.875], "texture": "#1"},
				"east": {"uv": [9.75, 2.875, 9.875, 3.875], "texture": "#1"},
				"south": {"uv": [9.75, 2.875, 9.875, 3.875], "texture": "#1"},
				"up": {"uv": [9.75, 2.875, 9.875, 3], "texture": "#1"},
				"down": {"uv": [9.75, 3.75, 9.875, 3.875], "texture": "#1"}
			}
		},
		{
			"name": "sr2_11",
			"from": [7.375, 11.85, 7.75],
			"to": [7.625, 12.6, 8.175],
			
			"faces": {
				"north": {"uv": [8.625, 3, 8.375, 3.75], "texture": "#1"},
				"east": {"uv": [8.5, 3, 8.625, 3.75], "texture": "#1"},
				"south": {"uv": [8.375, 3, 8.625, 3.75], "texture": "#1"},
				"up": {"uv": [8.375, 3, 8.625, 3.125], "texture": "#1"},
				"down": {"uv": [8.375, 3.625, 8.625, 3.75], "texture": "#1"}
			}
		},
		{
			"name": "sr2_12",
			"from": [8.375, 11.85, 7.75],
			"to": [8.625, 12.6, 8.175],
			
			"faces": {
				"north": {"uv": [9.625, 3, 9.375, 3.75], "texture": "#1"},
				"south": {"uv": [9.375, 3, 9.625, 3.75], "texture": "#1"},
				"west": {"uv": [9.375, 3, 9.5, 3.75], "texture": "#1"},
				"up": {"uv": [9.375, 3, 9.625, 3.125], "texture": "#1"},
				"down": {"uv": [9.375, 3.625, 9.625, 3.75], "texture": "#1"}
			}
		},
		{
			"name": "sr2_13",
			"from": [7, 11.975, 7.75],
			"to": [7.125, 12.475, 8.175],
			
			"faces": {
				"north": {"uv": [8.125, 3.125, 8, 3.625], "texture": "#1"},
				"south": {"uv": [8, 3.125, 8.125, 3.625], "texture": "#1"},
				"west": {"uv": [8, 3.125, 8.125, 3.625], "texture": "#1"},
				"up": {"uv": [8, 3.125, 8.125, 3.25], "texture": "#1"},
				"down": {"uv": [8, 3.5, 8.125, 3.625], "texture": "#1"}
			}
		},
		{
			"name": "sr2_14",
			"from": [8.875, 11.975, 7.75],
			"to": [9, 12.475, 8.175],
			
			"faces": {
				"north": {"uv": [10, 3.125, 9.875, 3.625], "texture": "#1"},
				"east": {"uv": [9.875, 3.125, 10, 3.625], "texture": "#1"},
				"south": {"uv": [9.875, 3.125, 10, 3.625], "texture": "#1"},
				"up": {"uv": [9.875, 3.125, 10, 3.25], "texture": "#1"},
				"down": {"uv": [9.875, 3.5, 10, 3.625], "texture": "#1"}
			}
		},
		{
			"name": "sr2_15",
			"from": [7.625, 11.35, 7.75],
			"to": [7.75, 11.975, 8.175],
			
			"faces": {
				"north": {"uv": [8.75, 3.625, 8.625, 4.25], "texture": "#1"},
				"east": {"uv": [8.625, 3.625, 8.75, 4.25], "texture": "#1"},
				"south": {"uv": [8.625, 3.625, 8.75, 4.25], "texture": "#1"},
				"west": {"uv": [8.625, 3.625, 8.75, 4.25], "texture": "#1"},
				"up": {"uv": [8.625, 3.625, 8.75, 3.75], "texture": "#1"},
				"down": {"uv": [8.625, 4.125, 8.75, 4.25], "texture": "#1"}
			}
		},
		{
			"name": "sr2_16",
			"from": [8.25, 11.35, 7.75],
			"to": [8.375, 11.975, 8.175],
			
			"faces": {
				"north": {"uv": [9.375, 3.625, 9.25, 4.25], "texture": "#1"},
				"east": {"uv": [9.25, 3.625, 9.375, 4.25], "texture": "#1"},
				"south": {"uv": [9.25, 3.625, 9.375, 4.25], "texture": "#1"},
				"west": {"uv": [9.25, 3.625, 9.375, 4.25], "texture": "#1"},
				"up": {"uv": [9.25, 3.625, 9.375, 3.75], "texture": "#1"},
				"down": {"uv": [9.25, 4.125, 9.375, 4.25], "texture": "#1"}
			}
		},
		{
			"name": "sr2_17",
			"from": [7.75, 11.225, 7.75],
			"to": [8.25, 11.85, 8.175],
			
			"faces": {
				"north": {"uv": [9.25, 3.75, 8.75, 4.375], "texture": "#1"},
				"east": {"uv": [9.125, 3.75, 9.25, 4.375], "texture": "#1"},
				"south": {"uv": [8.75, 3.75, 9.25, 4.375], "texture": "#1"},
				"west": {"uv": [8.75, 3.75, 8.875, 4.375], "texture": "#1"},
				"up": {"uv": [8.75, 3.75, 9.25, 3.875], "texture": "#1"},
				"down": {"uv": [8.75, 4.25, 9.25, 4.375], "texture": "#1"}
			}
		},
		{
			"name": "sr2_18",
			"from": [7.375, 11.475, 7.75],
			"to": [7.625, 11.6, 8.175],
			
			"faces": {
				"north": {"uv": [8.625, 4, 8.375, 4.125], "texture": "#1"},
				"south": {"uv": [8.375, 4, 8.625, 4.125], "texture": "#1"},
				"west": {"uv": [8.375, 4, 8.5, 4.125], "texture": "#1"},
				"up": {"uv": [8.375, 4, 8.625, 4.125], "texture": "#1"},
				"down": {"uv": [8.375, 4, 8.625, 4.125], "texture": "#1"}
			}
		},
		{
			"name": "sr2_19",
			"from": [8.375, 11.475, 7.75],
			"to": [8.625, 11.6, 8.175],
			
			"faces": {
				"north": {"uv": [9.625, 4, 9.375, 4.125], "texture": "#1"},
				"east": {"uv": [9.5, 4, 9.625, 4.125], "texture": "#1"},
				"south": {"uv": [9.375, 4, 9.625, 4.125], "texture": "#1"},
				"up": {"uv": [9.375, 4, 9.625, 4.125], "texture": "#1"},
				"down": {"uv": [9.375, 4, 9.625, 4.125], "texture": "#1"}
			}
		},
		{
			"name": "sr2_20",
			"from": [7.5, 11.35, 7.75],
			"to": [7.625, 11.475, 8.175],
			
			"faces": {
				"north": {"uv": [8.625, 4.125, 8.5, 4.25], "texture": "#1"},
				"south": {"uv": [8.5, 4.125, 8.625, 4.25], "texture": "#1"},
				"west": {"uv": [8.5, 4.125, 8.625, 4.25], "texture": "#1"},
				"down": {"uv": [8.5, 4.125, 8.625, 4.25], "texture": "#1"}
			}
		},
		{
			"name": "sr2_21",
			"from": [8.375, 11.35, 7.75],
			"to": [8.5, 11.475, 8.175],
			
			"faces": {
				"north": {"uv": [9.5, 4.125, 9.375, 4.25], "texture": "#1"},
				"east": {"uv": [9.375, 4.125, 9.5, 4.25], "texture": "#1"},
				"south": {"uv": [9.375, 4.125, 9.5, 4.25], "texture": "#1"},
				"down": {"uv": [9.375, 4.125, 9.5, 4.25], "texture": "#1"}
			}
		},
		{
			"name": "sr2_22",
			"from": [7.625, 2.35, 7.7],
			"to": [8.375, 2.6, 8.225],
			
			"faces": {
				"north": {"uv": [9.375, 13, 8.625, 13.25], "texture": "#1"},
				"east": {"uv": [9.25, 13, 9.375, 13.25], "texture": "#1"},
				"south": {"uv": [8.625, 13, 9.375, 13.25], "texture": "#1"},
				"west": {"uv": [8.625, 13, 8.75, 13.25], "texture": "#1"},
				"up": {"uv": [8.625, 13, 9.375, 13.125], "texture": "#1"},
				"down": {"uv": [8.625, 13.125, 9.375, 13.25], "texture": "#1"}
			}
		},
		{
			"name": "sr3_0",
			"from": [6.375, 12.1, 7.85],
			"to": [6.625, 12.725, 8.075],
			
			"faces": {
				"north": {"uv": [7.625, 2.875, 7.375, 3.5], "texture": "#1"},
				"south": {"uv": [7.375, 2.875, 7.625, 3.5], "texture": "#1"},
				"down": {"uv": [7.375, 3.375, 7.625, 3.5], "texture": "#1"}
			}
		},
		{
			"name": "sr3_1",
			"from": [8.875, 12.475, 7.85],
			"to": [9.25, 12.725, 8.075],
			
			"faces": {
				"north": {"uv": [10.25, 2.875, 9.875, 3.125], "texture": "#1"},
				"south": {"uv": [9.875, 2.875, 10.25, 3.125], "texture": "#1"}
			}
		},
		{
			"name": "sr3_2",
			"from": [6.125, 12.1, 7.85],
			"to": [6.375, 12.6, 8.075],
			
			"faces": {
				"north": {"uv": [7.375, 3, 7.125, 3.5], "texture": "#1"},
				"south": {"uv": [7.125, 3, 7.375, 3.5], "texture": "#1"},
				"down": {"uv": [7.125, 3.375, 7.375, 3.5], "texture": "#1"}
			}
		},
		{
			"name": "sr3_3",
			"from": [6.625, 12.1, 7.85],
			"to": [6.75, 12.6, 8.075],
			
			"faces": {
				"north": {"uv": [7.75, 3, 7.625, 3.5], "texture": "#1"},
				"south": {"uv": [7.625, 3, 7.75, 3.5], "texture": "#1"},
				"down": {"uv": [7.625, 3.375, 7.75, 3.5], "texture": "#1"}
			}
		},
		{
			"name": "sr3_4",
			"from": [9.25, 12.225, 7.85],
			"to": [9.375, 12.6, 8.075],
			
			"faces": {
				"north": {"uv": [10.375, 3, 10.25, 3.375], "texture": "#1"},
				"south": {"uv": [10.25, 3, 10.375, 3.375], "texture": "#1"},
				"down": {"uv": [10.25, 3.25, 10.375, 3.375], "texture": "#1"}
			}
		},
		{
			"name": "sr3_5",
			"from": [5.625, 11.975, 7.85],
			"to": [5.875, 12.475, 8.075],
			
			"faces": {
				"north": {"uv": [6.875, 3.125, 6.625, 3.625], "texture": "#1"},
				"south": {"uv": [6.625, 3.125, 6.875, 3.625], "texture": "#1"},
				"down": {"uv": [6.625, 3.5, 6.875, 3.625], "texture": "#1"}
			}
		},
		{
			"name": "sr3_6",
			"from": [6.875, 12.1, 7.85],
			"to": [7, 12.475, 8.075],
			
			"faces": {
				"north": {"uv": [8, 3.125, 7.875, 3.5], "texture": "#1"},
				"south": {"uv": [7.875, 3.125, 8, 3.5], "texture": "#1"},
				"down": {"uv": [7.875, 3.375, 8, 3.5], "texture": "#1"}
			}
		},
		{
			"name": "sr3_7",
			"from": [9, 12.225, 7.85],
			"to": [9.25, 12.475, 8.075],
			
			"faces": {
				"north": {"uv": [10.25, 3.125, 10, 3.375], "texture": "#1"},
				"south": {"uv": [10, 3.125, 10.25, 3.375], "texture": "#1"},
				"down": {"uv": [10, 3.25, 10.25, 3.375], "texture": "#1"}
			}
		},
		{
			"name": "sr3_8",
			"from": [9.75, 11.725, 7.85],
			"to": [9.875, 12.475, 8.075],
			
			"faces": {
				"north": {"uv": [10.875, 3.125, 10.75, 3.875], "texture": "#1"},
				"east": {"uv": [10.75, 3.125, 10.875, 3.875], "texture": "#1"},
				"south": {"uv": [10.75, 3.125, 10.875, 3.875], "texture": "#1"},
				"west": {"uv": [10.75, 3.125, 10.875, 3.875], "texture": "#1"},
				"up": {"uv": [10.75, 3.125, 10.875, 3.25], "texture": "#1"},
				"down": {"uv": [10.75, 3.75, 10.875, 3.875], "texture": "#1"}
			}
		},
		{
			"name": "sr3_9",
			"from": [5.5, 11.85, 7.85],
			"to": [5.625, 12.35, 8.075],
			
			"faces": {
				"north": {"uv": [6.625, 3.25, 6.5, 3.75], "texture": "#1"},
				"south": {"uv": [6.5, 3.25, 6.625, 3.75], "texture": "#1"},
				"down": {"uv": [6.5, 3.625, 6.625, 3.75], "texture": "#1"}
			}
		},
		{
			"name": "sr3_10",
			"from": [6, 11.975, 7.85],
			"to": [6.125, 12.35, 8.075],
			
			"faces": {
				"north": {"uv": [7.125, 3.25, 7, 3.625], "texture": "#1"},
				"east": {"uv": [7, 3.25, 7.125, 3.625], "texture": "#1"},
				"south": {"uv": [7, 3.25, 7.125, 3.625], "texture": "#1"},
				"down": {"uv": [7, 3.5, 7.125, 3.625], "texture": "#1"}
			}
		},
		{
			"name": "sr3_11",
			"from": [9.375, 12.1, 7.85],
			"to": [9.75, 12.35, 8.075],
			
			"faces": {
				"north": {"uv": [10.75, 3.25, 10.375, 3.5], "texture": "#1"},
				"south": {"uv": [10.375, 3.25, 10.75, 3.5], "texture": "#1"},
				"west": {"uv": [10.375, 3.25, 10.5, 3.5], "texture": "#1"},
				"up": {"uv": [10.375, 3.25, 10.75, 3.375], "texture": "#1"},
				"down": {"uv": [10.375, 3.375, 10.75, 3.5], "texture": "#1"}
			}
		},
		{
			"name": "sr3_12",
			"from": [5, 11.725, 7.85],
			"to": [5.25, 12.225, 8.075],
			
			"faces": {
				"north": {"uv": [6.25, 3.375, 6, 3.875], "texture": "#1"},
				"south": {"uv": [6, 3.375, 6.25, 3.875], "texture": "#1"},
				"down": {"uv": [6, 3.75, 6.25, 3.875], "texture": "#1"}
			}
		},
		{
			"name": "sr3_13",
			"from": [9.875, 11.975, 7.85],
			"to": [10, 12.225, 8.075],
			
			"faces": {
				"north": {"uv": [11, 3.375, 10.875, 3.625], "texture": "#1"},
				"east": {"uv": [10.875, 3.375, 11, 3.625], "texture": "#1"},
				"south": {"uv": [10.875, 3.375, 11, 3.625], "texture": "#1"},
				"up": {"uv": [10.875, 3.375, 11, 3.5], "texture": "#1"},
				"down": {"uv": [10.875, 3.5, 11, 3.625], "texture": "#1"}
			}
		},
		{
			"name": "sr3_14",
			"from": [4.875, 11.6, 7.85],
			"to": [5, 12.1, 8.075],
			
			"faces": {
				"north": {"uv": [6, 3.5, 5.875, 4], "texture": "#1"},
				"south": {"uv": [5.875, 3.5, 6, 4], "texture": "#1"},
				"down": {"uv": [5.875, 3.875, 6, 4], "texture": "#1"}
			}
		},
		{
			"name": "sr3_15",
			"from": [5.25, 11.725, 7.85],
			"to": [5.375, 12.1, 8.075],
			
			"faces": {
				"north": {"uv": [6.375, 3.5, 6.25, 3.875], "texture": "#1"},
				"east": {"uv": [6.25, 3.5, 6.375, 3.875], "texture": "#1"},
				"south": {"uv": [6.25, 3.5, 6.375, 3.875], "texture": "#1"},
				"down": {"uv": [6.25, 3.75, 6.375, 3.875], "texture": "#1"}
			}
		},
		{
			"name": "sr3_16",
			"from": [9.625, 11.975, 7.85],
			"to": [9.75, 12.1, 8.075],
			
			"faces": {
				"north": {"uv": [10.75, 3.5, 10.625, 3.625], "texture": "#1"},
				"south": {"uv": [10.625, 3.5, 10.75, 3.625], "texture": "#1"},
				"west": {"uv": [10.625, 3.5, 10.75, 3.625], "texture": "#1"},
				"down": {"uv": [10.625, 3.5, 10.75, 3.625], "texture": "#1"}
			}
		},
		{
			"name": "sr3_17",
			"from": [4.5, 11.475, 7.85],
			"to": [4.625, 11.975, 8.075],
			
			"faces": {
				"north": {"uv": [5.625, 3.625, 5.5, 4.125], "texture": "#1"},
				"south": {"uv": [5.5, 3.625, 5.625, 4.125], "texture": "#1"},
				"down": {"uv": [5.5, 4, 5.625, 4.125], "texture": "#1"}
			}
		},
		{
			"name": "sr3_18",
			"from": [5.625, 11.85, 7.85],
			"to": [5.75, 11.975, 8.075],
			
			"faces": {
				"north": {"uv": [6.75, 3.625, 6.625, 3.75], "texture": "#1"},
				"east": {"uv": [6.625, 3.625, 6.75, 3.75], "texture": "#1"},
				"south": {"uv": [6.625, 3.625, 6.75, 3.75], "texture": "#1"},
				"down": {"uv": [6.625, 3.625, 6.75, 3.75], "texture": "#1"}
			}
		},
		{
			"name": "sr3_19",
			"from": [4, 11.35, 7.85],
			"to": [4.5, 11.85, 8.075],
			
			"faces": {
				"north": {"uv": [5.5, 3.75, 5, 4.25], "texture": "#1"},
				"east": {"uv": [5.375, 3.75, 5.5, 4.25], "texture": "#1"},
				"south": {"uv": [5, 3.75, 5.5, 4.25], "texture": "#1"},
				"west": {"uv": [5, 3.75, 5.125, 4.25], "texture": "#1"},
				"up": {"uv": [5, 3.75, 5.5, 3.875], "texture": "#1"},
				"down": {"uv": [5, 4.125, 5.5, 4.25], "texture": "#1"}
			}
		},
		{
			"name": "sr3_20",
			"from": [4.625, 11.475, 7.85],
			"to": [4.75, 11.85, 8.075],
			
			"faces": {
				"north": {"uv": [5.75, 3.75, 5.625, 4.125], "texture": "#1"},
				"east": {"uv": [5.625, 3.75, 5.75, 4.125], "texture": "#1"},
				"south": {"uv": [5.625, 3.75, 5.75, 4.125], "texture": "#1"},
				"down": {"uv": [5.625, 4, 5.75, 4.125], "texture": "#1"}
			}
		},
		{
			"name": "sr3_21",
			"from": [3.875, 11.225, 7.85],
			"to": [4, 11.725, 8.075],
			
			"faces": {
				"north": {"uv": [5, 3.875, 4.875, 4.375], "texture": "#1"},
				"south": {"uv": [4.875, 3.875, 5, 4.375], "texture": "#1"},
				"west": {"uv": [4.875, 3.875, 5, 4.375], "texture": "#1"},
				"up": {"uv": [4.875, 3.875, 5, 4], "texture": "#1"},
				"down": {"uv": [4.875, 4.25, 5, 4.375], "texture": "#1"}
			}
		},
		{
			"name": "sr3_22",
			"from": [5, 11.6, 7.85],
			"to": [5.125, 11.725, 8.075],
			
			"faces": {
				"north": {"uv": [6.125, 3.875, 6, 4], "texture": "#1"},
				"east": {"uv": [6, 3.875, 6.125, 4], "texture": "#1"},
				"south": {"uv": [6, 3.875, 6.125, 4], "texture": "#1"},
				"down": {"uv": [6, 3.875, 6.125, 4], "texture": "#1"}
			}
		},
		{
			"name": "sr3_23",
			"from": [3.75, 11.1, 7.85],
			"to": [3.875, 11.6, 8.075],
			
			"faces": {
				"north": {"uv": [4.875, 4, 4.75, 4.5], "texture": "#1"},
				"east": {"uv": [4.75, 4, 4.875, 4.5], "texture": "#1"},
				"south": {"uv": [4.75, 4, 4.875, 4.5], "texture": "#1"},
				"west": {"uv": [4.75, 4, 4.875, 4.5], "texture": "#1"},
				"up": {"uv": [4.75, 4, 4.875, 4.125], "texture": "#1"},
				"down": {"uv": [4.75, 4.375, 4.875, 4.5], "texture": "#1"}
			}
		},
		{
			"name": "sr3_24",
			"from": [3.625, 10.85, 7.85],
			"to": [3.75, 11.475, 8.075],
			
			"faces": {
				"north": {"uv": [4.75, 4.125, 4.625, 4.75], "texture": "#1"},
				"east": {"uv": [4.625, 4.125, 4.75, 4.75], "texture": "#1"},
				"south": {"uv": [4.625, 4.125, 4.75, 4.75], "texture": "#1"},
				"west": {"uv": [4.625, 4.125, 4.75, 4.75], "texture": "#1"},
				"up": {"uv": [4.625, 4.125, 4.75, 4.25], "texture": "#1"},
				"down": {"uv": [4.625, 4.625, 4.75, 4.75], "texture": "#1"}
			}
		},
		{
			"name": "sr3_25",
			"from": [3.5, 10.725, 7.85],
			"to": [3.625, 11.35, 8.075],
			
			"faces": {
				"north": {"uv": [4.625, 4.25, 4.5, 4.875], "texture": "#1"},
				"east": {"uv": [4.5, 4.25, 4.625, 4.875], "texture": "#1"},
				"south": {"uv": [4.5, 4.25, 4.625, 4.875], "texture": "#1"},
				"west": {"uv": [4.5, 4.25, 4.625, 4.875], "texture": "#1"},
				"up": {"uv": [4.5, 4.25, 4.625, 4.375], "texture": "#1"},
				"down": {"uv": [4.5, 4.75, 4.625, 4.875], "texture": "#1"}
			}
		},
		{
			"name": "sr3_26",
			"from": [4, 11.225, 7.85],
			"to": [4.125, 11.35, 8.075],
			
			"faces": {
				"north": {"uv": [5.125, 4.25, 5, 4.375], "texture": "#1"},
				"east": {"uv": [5, 4.25, 5.125, 4.375], "texture": "#1"},
				"south": {"uv": [5, 4.25, 5.125, 4.375], "texture": "#1"},
				"down": {"uv": [5, 4.25, 5.125, 4.375], "texture": "#1"}
			}
		},
		{
			"name": "sr3_27",
			"from": [3.375, 10.475, 7.85],
			"to": [3.5, 11.1, 8.075],
			
			"faces": {
				"north": {"uv": [4.5, 4.5, 4.375, 5.125], "texture": "#1"},
				"east": {"uv": [4.375, 4.5, 4.5, 5.125], "texture": "#1"},
				"south": {"uv": [4.375, 4.5, 4.5, 5.125], "texture": "#1"},
				"west": {"uv": [4.375, 4.5, 4.5, 5.125], "texture": "#1"},
				"up": {"uv": [4.375, 4.5, 4.5, 4.625], "texture": "#1"},
				"down": {"uv": [4.375, 5, 4.5, 5.125], "texture": "#1"}
			}
		},
		{
			"name": "sr3_28",
			"from": [3.25, 10.475, 7.85],
			"to": [3.375, 10.85, 8.075],
			
			"faces": {
				"north": {"uv": [4.375, 4.75, 4.25, 5.125], "texture": "#1"},
				"south": {"uv": [4.25, 4.75, 4.375, 5.125], "texture": "#1"},
				"west": {"uv": [4.25, 4.75, 4.375, 5.125], "texture": "#1"},
				"up": {"uv": [4.25, 4.75, 4.375, 4.875], "texture": "#1"},
				"down": {"uv": [4.25, 5, 4.375, 5.125], "texture": "#1"}
			}
		},
		{
			"name": "sr3_29",
			"from": [3.125, 10.225, 7.85],
			"to": [3.25, 10.475, 8.075],
			
			"faces": {
				"north": {"uv": [4.25, 5.125, 4.125, 5.375], "texture": "#1"},
				"east": {"uv": [4.125, 5.125, 4.25, 5.375], "texture": "#1"},
				"south": {"uv": [4.125, 5.125, 4.25, 5.375], "texture": "#1"},
				"west": {"uv": [4.125, 5.125, 4.25, 5.375], "texture": "#1"},
				"up": {"uv": [4.125, 5.125, 4.25, 5.25], "texture": "#1"},
				"down": {"uv": [4.125, 5.25, 4.25, 5.375], "texture": "#1"}
			}
		},
		{
			"name": "sr4_0",
			"from": [10, 11.475, 7.9],
			"to": [10.125, 13.1, 8.025],
			
			"faces": {
				"north": {"uv": [11.125, 2.5, 11, 4.125], "texture": "#1"},
				"east": {"uv": [11, 2.5, 11.125, 4.125], "texture": "#1"},
				"south": {"uv": [11, 2.5, 11.125, 4.125], "texture": "#1"},
				"west": {"uv": [11, 2.5, 11.125, 4.125], "texture": "#1"},
				"up": {"uv": [11, 2.5, 11.125, 2.625], "texture": "#1"},
				"down": {"uv": [11, 4, 11.125, 4.125], "texture": "#1"}
			}
		},
		{
			"name": "sr4_1",
			"from": [9.875, 12.225, 7.9],
			"to": [10, 12.85, 8.025],
			
			"faces": {
				"north": {"uv": [11, 2.75, 10.875, 3.375], "texture": "#1"},
				"south": {"uv": [10.875, 2.75, 11, 3.375], "texture": "#1"},
				"west": {"uv": [10.875, 2.75, 11, 3.375], "texture": "#1"},
				"up": {"uv": [10.875, 2.75, 11, 2.875], "texture": "#1"}
			}
		},
		{
			"name": "sr4_2",
			"from": [10.125, 11.85, 7.9],
			"to": [10.25, 12.35, 8.025],
			
			"faces": {
				"north": {"uv": [11.25, 3.25, 11.125, 3.75], "texture": "#1"},
				"east": {"uv": [11.125, 3.25, 11.25, 3.75], "texture": "#1"},
				"south": {"uv": [11.125, 3.25, 11.25, 3.75], "texture": "#1"},
				"up": {"uv": [11.125, 3.25, 11.25, 3.375], "texture": "#1"},
				"down": {"uv": [11.125, 3.625, 11.25, 3.75], "texture": "#1"}
			}
		},
		{
			"name": "sr4_3",
			"from": [9, 11.975, 7.9],
			"to": [9.375, 12.225, 8.025],
			
			"faces": {
				"north": {"uv": [10.375, 3.375, 10, 3.625], "texture": "#1"},
				"south": {"uv": [10, 3.375, 10.375, 3.625], "texture": "#1"},
				"down": {"uv": [10, 3.5, 10.375, 3.625], "texture": "#1"}
			}
		},
		{
			"name": "sr4_4",
			"from": [6.125, 11.725, 7.9],
			"to": [7, 12.1, 8.025],
			
			"faces": {
				"north": {"uv": [8, 3.5, 7.125, 3.875], "texture": "#1"},
				"south": {"uv": [7.125, 3.5, 8, 3.875], "texture": "#1"},
				"down": {"uv": [7.125, 3.75, 8, 3.875], "texture": "#1"}
			}
		},
		{
			"name": "sr4_5",
			"from": [9.375, 11.85, 7.9],
			"to": [9.625, 12.1, 8.025],
			
			"faces": {
				"north": {"uv": [10.625, 3.5, 10.375, 3.75], "texture": "#1"},
				"south": {"uv": [10.375, 3.5, 10.625, 3.75], "texture": "#1"},
				"west": {"uv": [10.375, 3.5, 10.5, 3.75], "texture": "#1"},
				"down": {"uv": [10.375, 3.625, 10.625, 3.75], "texture": "#1"}
			}
		},
		{
			"name": "sr4_6",
			"from": [5.75, 11.6, 7.9],
			"to": [6.125, 11.975, 8.025],
			
			"faces": {
				"north": {"uv": [7.125, 3.625, 6.75, 4], "texture": "#1"},
				"east": {"uv": [7, 3.625, 7.125, 4], "texture": "#1"},
				"south": {"uv": [6.75, 3.625, 7.125, 4], "texture": "#1"},
				"down": {"uv": [6.75, 3.875, 7.125, 4], "texture": "#1"}
			}
		},
		{
			"name": "sr4_7",
			"from": [7, 11.6, 7.9],
			"to": [7.125, 11.975, 8.025],
			
			"faces": {
				"north": {"uv": [8.125, 3.625, 8, 4], "texture": "#1"},
				"south": {"uv": [8, 3.625, 8.125, 4], "texture": "#1"},
				"west": {"uv": [8, 3.625, 8.125, 4], "texture": "#1"},
				"down": {"uv": [8, 3.875, 8.125, 4], "texture": "#1"}
			}
		},
		{
			"name": "sr4_8",
			"from": [9.625, 10.85, 7.9],
			"to": [9.75, 11.975, 8.025],
			
			"faces": {
				"north": {"uv": [10.75, 3.625, 10.625, 4.75], "texture": "#1"},
				"east": {"uv": [10.625, 3.625, 10.75, 4.75], "texture": "#1"},
				"south": {"uv": [10.625, 3.625, 10.75, 4.75], "texture": "#1"},
				"west": {"uv": [10.625, 3.625, 10.75, 4.75], "texture": "#1"},
				"down": {"uv": [10.625, 4.625, 10.75, 4.75], "texture": "#1"}
			}
		},
		{
			"name": "sr4_9",
			"from": [9.875, 11.225, 7.9],
			"to": [10, 11.975, 8.025],
			
			"faces": {
				"north": {"uv": [11, 3.625, 10.875, 4.375], "texture": "#1"},
				"east": {"uv": [10.875, 3.625, 11, 4.375], "texture": "#1"},
				"south": {"uv": [10.875, 3.625, 11, 4.375], "texture": "#1"},
				"down": {"uv": [10.875, 4.25, 11, 4.375], "texture": "#1"}
			}
		},
		{
			"name": "sr4_10",
			"from": [5.375, 11.475, 7.9],
			"to": [5.75, 11.85, 8.025],
			
			"faces": {
				"north": {"uv": [6.75, 3.75, 6.375, 4.125], "texture": "#1"},
				"east": {"uv": [6.625, 3.75, 6.75, 4.125], "texture": "#1"},
				"south": {"uv": [6.375, 3.75, 6.75, 4.125], "texture": "#1"},
				"down": {"uv": [6.375, 4, 6.75, 4.125], "texture": "#1"}
			}
		},
		{
			"name": "sr4_11",
			"from": [9.5, 11.725, 7.9],
			"to": [9.625, 11.85, 8.025],
			
			"faces": {
				"north": {"uv": [10.625, 3.75, 10.5, 3.875], "texture": "#1"},
				"south": {"uv": [10.5, 3.75, 10.625, 3.875], "texture": "#1"},
				"west": {"uv": [10.5, 3.75, 10.625, 3.875], "texture": "#1"},
				"down": {"uv": [10.5, 3.75, 10.625, 3.875], "texture": "#1"}
			}
		},
		{
			"name": "sr4_12",
			"from": [5.125, 11.35, 7.9],
			"to": [5.375, 11.725, 8.025],
			
			"faces": {
				"north": {"uv": [6.375, 3.875, 6.125, 4.25], "texture": "#1"},
				"east": {"uv": [6.25, 3.875, 6.375, 4.25], "texture": "#1"},
				"south": {"uv": [6.125, 3.875, 6.375, 4.25], "texture": "#1"},
				"down": {"uv": [6.125, 4.125, 6.375, 4.25], "texture": "#1"}
			}
		},
		{
			"name": "sr4_13",
			"from": [7.125, 11.475, 7.9],
			"to": [7.25, 11.725, 8.025],
			
			"faces": {
				"north": {"uv": [8.25, 3.875, 8.125, 4.125], "texture": "#1"},
				"south": {"uv": [8.125, 3.875, 8.25, 4.125], "texture": "#1"},
				"west": {"uv": [8.125, 3.875, 8.25, 4.125], "texture": "#1"},
				"down": {"uv": [8.125, 4, 8.25, 4.125], "texture": "#1"}
			}
		},
		{
			"name": "sr4_14",
			"from": [9.75, 10.975, 7.9],
			"to": [9.875, 11.725, 8.025],
			
			"faces": {
				"north": {"uv": [10.875, 3.875, 10.75, 4.625], "texture": "#1"},
				"east": {"uv": [10.75, 3.875, 10.875, 4.625], "texture": "#1"},
				"south": {"uv": [10.75, 3.875, 10.875, 4.625], "texture": "#1"},
				"down": {"uv": [10.75, 4.5, 10.875, 4.625], "texture": "#1"}
			}
		},
		{
			"name": "sr4_15",
			"from": [4.75, 11.225, 7.9],
			"to": [5.125, 11.6, 8.025],
			
			"faces": {
				"north": {"uv": [6.125, 4, 5.75, 4.375], "texture": "#1"},
				"east": {"uv": [6, 4, 6.125, 4.375], "texture": "#1"},
				"south": {"uv": [5.75, 4, 6.125, 4.375], "texture": "#1"},
				"down": {"uv": [5.75, 4.25, 6.125, 4.375], "texture": "#1"}
			}
		},
		{
			"name": "sr4_16",
			"from": [7.25, 11.475, 7.9],
			"to": [7.375, 11.6, 8.025],
			
			"faces": {
				"north": {"uv": [8.375, 4, 8.25, 4.125], "texture": "#1"},
				"south": {"uv": [8.25, 4, 8.375, 4.125], "texture": "#1"},
				"down": {"uv": [8.25, 4, 8.375, 4.125], "texture": "#1"}
			}
		},
		{
			"name": "sr4_17",
			"from": [4.5, 11.1, 7.9],
			"to": [4.75, 11.475, 8.025],
			
			"faces": {
				"north": {"uv": [5.75, 4.125, 5.5, 4.5], "texture": "#1"},
				"east": {"uv": [5.625, 4.125, 5.75, 4.5], "texture": "#1"},
				"south": {"uv": [5.5, 4.125, 5.75, 4.5], "texture": "#1"},
				"down": {"uv": [5.5, 4.375, 5.75, 4.5], "texture": "#1"}
			}
		},
		{
			"name": "sr4_18",
			"from": [4.125, 10.975, 7.9],
			"to": [4.5, 11.35, 8.025],
			
			"faces": {
				"north": {"uv": [5.5, 4.25, 5.125, 4.625], "texture": "#1"},
				"east": {"uv": [5.375, 4.25, 5.5, 4.625], "texture": "#1"},
				"south": {"uv": [5.125, 4.25, 5.5, 4.625], "texture": "#1"},
				"down": {"uv": [5.125, 4.5, 5.5, 4.625], "texture": "#1"}
			}
		},
		{
			"name": "sr4_19",
			"from": [3.875, 10.85, 7.9],
			"to": [4.125, 11.225, 8.025],
			
			"faces": {
				"north": {"uv": [5.125, 4.375, 4.875, 4.75], "texture": "#1"},
				"south": {"uv": [4.875, 4.375, 5.125, 4.75], "texture": "#1"},
				"down": {"uv": [4.875, 4.625, 5.125, 4.75], "texture": "#1"}
			}
		},
		{
			"name": "sr4_20",
			"from": [3.75, 10.6, 7.9],
			"to": [3.875, 11.1, 8.025],
			
			"faces": {
				"north": {"uv": [4.875, 4.5, 4.75, 5], "texture": "#1"},
				"east": {"uv": [4.75, 4.5, 4.875, 5], "texture": "#1"},
				"south": {"uv": [4.75, 4.5, 4.875, 5], "texture": "#1"},
				"down": {"uv": [4.75, 4.875, 4.875, 5], "texture": "#1"}
			}
		},
		{
			"name": "sr4_21",
			"from": [4.125, 10.85, 7.9],
			"to": [4.25, 10.975, 8.025],
			
			"faces": {
				"north": {"uv": [5.25, 4.625, 5.125, 4.75], "texture": "#1"},
				"east": {"uv": [5.125, 4.625, 5.25, 4.75], "texture": "#1"},
				"south": {"uv": [5.125, 4.625, 5.25, 4.75], "texture": "#1"},
				"down": {"uv": [5.125, 4.625, 5.25, 4.75], "texture": "#1"}
			}
		},
		{
			"name": "sr4_22",
			"from": [3.625, 10.475, 7.9],
			"to": [3.75, 10.85, 8.025],
			
			"faces": {
				"north": {"uv": [4.75, 4.75, 4.625, 5.125], "texture": "#1"},
				"east": {"uv": [4.625, 4.75, 4.75, 5.125], "texture": "#1"},
				"south": {"uv": [4.625, 4.75, 4.75, 5.125], "texture": "#1"},
				"down": {"uv": [4.625, 5, 4.75, 5.125], "texture": "#1"}
			}
		},
		{
			"name": "sr4_23",
			"from": [3.875, 10.725, 7.9],
			"to": [4, 10.85, 8.025],
			
			"faces": {
				"north": {"uv": [5, 4.75, 4.875, 4.875], "texture": "#1"},
				"east": {"uv": [4.875, 4.75, 5, 4.875], "texture": "#1"},
				"south": {"uv": [4.875, 4.75, 5, 4.875], "texture": "#1"},
				"down": {"uv": [4.875, 4.75, 5, 4.875], "texture": "#1"}
			}
		},
		{
			"name": "sr4_24",
			"from": [3.5, 10.35, 7.9],
			"to": [3.625, 10.725, 8.025],
			
			"faces": {
				"north": {"uv": [4.625, 4.875, 4.5, 5.25], "texture": "#1"},
				"east": {"uv": [4.5, 4.875, 4.625, 5.25], "texture": "#1"},
				"south": {"uv": [4.5, 4.875, 4.625, 5.25], "texture": "#1"},
				"down": {"uv": [4.5, 5.125, 4.625, 5.25], "texture": "#1"}
			}
		},
		{
			"name": "sr4_25",
			"from": [3.25, 10.225, 7.9],
			"to": [3.5, 10.475, 8.025],
			
			"faces": {
				"north": {"uv": [4.5, 5.125, 4.25, 5.375], "texture": "#1"},
				"east": {"uv": [4.375, 5.125, 4.5, 5.375], "texture": "#1"},
				"south": {"uv": [4.25, 5.125, 4.5, 5.375], "texture": "#1"},
				"down": {"uv": [4.25, 5.25, 4.5, 5.375], "texture": "#1"}
			}
		},
		{
			"name": "sr4_26",
			"from": [3.125, 9.975, 7.9],
			"to": [3.375, 10.225, 8.025],
			
			"faces": {
				"north": {"uv": [4.375, 5.375, 4.125, 5.625], "texture": "#1"},
				"east": {"uv": [4.25, 5.375, 4.375, 5.625], "texture": "#1"},
				"south": {"uv": [4.125, 5.375, 4.375, 5.625], "texture": "#1"},
				"west": {"uv": [4.125, 5.375, 4.25, 5.625], "texture": "#1"},
				"down": {"uv": [4.125, 5.5, 4.375, 5.625], "texture": "#1"}
			}
		},
		{
			"name": "sr4_27",
			"from": [3.125, 9.725, 7.9],
			"to": [3.25, 9.975, 8.025],
			
			"faces": {
				"north": {"uv": [4.25, 5.625, 4.125, 5.875], "texture": "#1"},
				"east": {"uv": [4.125, 5.625, 4.25, 5.875], "texture": "#1"},
				"south": {"uv": [4.125, 5.625, 4.25, 5.875], "texture": "#1"},
				"west": {"uv": [4.125, 5.625, 4.25, 5.875], "texture": "#1"},
				"down": {"uv": [4.125, 5.75, 4.25, 5.875], "texture": "#1"}
			}
		},
		{
			"from": [2, 5.7, 7.97],
			"to": [9, 12.7, 7.97],
			"faces": {
				"north": {"uv": [0, 0, 16, 16], "texture": "#4"},
				"south": {"uv": [16, 0, 0, 16], "texture": "#4"}
			}
		}
	],
	"gui_light": "front",
	"display": {
		"thirdperson_righthand": {
			"rotation": [0, -90, 0],
			"translation": [-0.25, 1.25, 1.75],
			"scale": [3, 3, 2.7]
		},
		"thirdperson_lefthand": {
			"rotation": [0, 90, 0],
			"translation": [-0.25, 1.75, 1.75],
			"scale": [3, 3, 2.7]
		},
		"firstperson_righthand": {
			"rotation": [8, -90, -12],
			"translation": [0, 5.5, -0.75],
			"scale": [1.9, 1.9, 2]
		},
		"firstperson_lefthand": {
			"rotation": [8, 90, 0],
			"translation": [0.5, 5.5, 0],
			"scale": [1.9, 1.9, 2]
		},
		"ground": {
			"translation": [0, 8.75, 0],
			"scale": [2, 2, 2]
		},
		"gui": {
			"rotation": [0, 0, -51],
			"translation": [0, -0.75, 0],
			"scale": [1.5, 1.5, 1.5]
		},
		"head": {
			"rotation": [0, 0, 144],
			"translation": [4, -16.25, 3.75],
			"scale": [4, 4, 3.75]
		},
		"fixed": {
			"rotation": [0, -180, -46],
			"translation": [-0.75, 1.25, -0.75],
			"scale": [3.8, 3.8, 2.5]
		}
	},
	"groups": [
		{
			"name": "sr1",
			"origin": [8, 8, 8],
			"color": 0,
			"children": [
				0,
				1,
				2,
				3,
				4,
				5,
				6,
				7,
				8,
				9,
				10,
				11,
				12,
				13,
				14,
				15,
				16,
				17,
				18,
				19,
				20,
				21,
				22,
				23,
				24,
				25,
				26,
				27,
				28,
				29,
				30,
				31,
				32,
				33,
				34,
				35,
				36,
				37,
				38,
				39,
				40,
				41,
				42,
				43,
				44,
				45,
				46,
				47,
				48,
				49,
				50,
				51,
				52
			]
		},
		{
			"name": "sr2",
			"origin": [8, 8, 8],
			"color": 0,
			"children": [53, 54, 55, 56, 57, 58, 59, 60, 61, 62, 63, 64, 65, 66, 67, 68, 69, 70, 71, 72, 73, 74, 75]
		},
		{
			"name": "sr3",
			"origin": [8, 8, 8],
			"color": 0,
			"children": [76, 77, 78, 79, 80, 81, 82, 83, 84, 85, 86, 87, 88, 89, 90, 91, 92, 93, 94, 95, 96, 97, 98, 99, 100, 101, 102, 103, 104, 105]
		},
		{
			"name": "sr4",
			"origin": [8, 8, 8],
			"color": 0,
			"children": [106, 107, 108, 109, 110, 111, 112, 113, 114, 115, 116, 117, 118, 119, 120, 121, 122, 123, 124, 125, 126, 127, 128, 129, 130, 131, 132, 133]
		},
		134
	]
}