{
	"format_version": "1.21.11",
	"credit": "Made with Blockbench",
	"textures": {
		"0": "item/stop_sign",
		"particle": "item/stop_sign"
	},
	"elements": [
		{
			"name": "stop_sign_0",
			"from": [7.5, 8.25, 7.85],
			"to": [8.875, 11.125, 7.975],
			"faces": {
				"north": {"uv": [12.125, 3.125, 10.75, 6], "texture": "#0"},
				"east": {"uv": [12, 3.125, 12.125, 6], "texture": "#0"},
				"south": {"uv": [10.75, 3.125, 12.125, 6], "texture": "#0"},
				"west": {"uv": [10.75, 3.125, 10.875, 6], "texture": "#0"},
				"up": {"uv": [10.75, 3.125, 12.125, 3.25], "texture": "#0"},
				"down": {"uv": [10.75, 5.875, 12.125, 6], "texture": "#0"}
			}
		},
		{
			"name": "stop_sign_1",
			"from": [7.375, 8.375, 7.85],
			"to": [7.5, 11, 7.975],
			"faces": {
				"north": {"uv": [10.75, 3.25, 10.625, 5.875], "texture": "#0"},
				"south": {"uv": [10.625, 3.25, 10.75, 5.875], "texture": "#0"},
				"west": {"uv": [10.625, 3.25, 10.75, 5.875], "texture": "#0"},
				"up": {"uv": [10.625, 3.25, 10.75, 3.375], "texture": "#0"},
				"down": {"uv": [10.625, 5.75, 10.75, 5.875], "texture": "#0"}
			}
		},
		{
			"name": "stop_sign_2",
			"from": [8.875, 8.375, 7.85],
			"to": [9, 11, 7.975],
			"faces": {
				"north": {"uv": [12.25, 3.25, 12.125, 5.875], "texture": "#0"},
				"east": {"uv": [12.125, 3.25, 12.25, 5.875], "texture": "#0"},
				"south": {"uv": [12.125, 3.25, 12.25, 5.875], "texture": "#0"},
				"up": {"uv": [12.125, 3.25, 12.25, 3.375], "texture": "#0"},
				"down": {"uv": [12.125, 5.75, 12.25, 5.875], "texture": "#0"}
			}
		},
		{
			"name": "stop_sign_3",
			"from": [7.25, 8.5, 7.85],
			"to": [7.375, 10.875, 7.975],
			"faces": {
				"north": {"uv": [10.625, 3.375, 10.5, 5.75], "texture": "#0"},
				"south": {"uv": [10.5, 3.375, 10.625, 5.75], "texture": "#0"},
				"west": {"uv": [10.5, 3.375, 10.625, 5.75], "texture": "#0"},
				"up": {"uv": [10.5, 3.375, 10.625, 3.5], "texture": "#0"},
				"down": {"uv": [10.5, 5.625, 10.625, 5.75], "texture": "#0"}
			}
		},
		{
			"name": "stop_sign_4",
			"from": [9, 8.5, 7.85],
			"to": [9.125, 10.875, 7.975],
			"faces": {
				"north": {"uv": [12.375, 3.375, 12.25, 5.75], "texture": "#0"},
				"east": {"uv": [12.25, 3.375, 12.375, 5.75], "texture": "#0"},
				"south": {"uv": [12.25, 3.375, 12.375, 5.75], "texture": "#0"},
				"up": {"uv": [12.25, 3.375, 12.375, 3.5], "texture": "#0"},
				"down": {"uv": [12.25, 5.625, 12.375, 5.75], "texture": "#0"}
			}
		},
		{
			"name": "stop_sign_5",
			"from": [7.125, 8.625, 7.85],
			"to": [7.25, 10.75, 7.975],
			"faces": {
				"north": {"uv": [10.5, 3.5, 10.375, 5.625], "texture": "#0"},
				"south": {"uv": [10.375, 3.5, 10.5, 5.625], "texture": "#0"},
				"west": {"uv": [10.375, 3.5, 10.5, 5.625], "texture": "#0"},
				"up": {"uv": [10.375, 3.5, 10.5, 3.625], "texture": "#0"},
				"down": {"uv": [10.375, 5.5, 10.5, 5.625], "texture": "#0"}
			}
		},
		{
			"name": "stop_sign_6",
			"from": [9.125, 8.625, 7.85],
			"to": [9.25, 10.75, 7.975],
			"faces": {
				"north": {"uv": [12.5, 3.5, 12.375, 5.625], "texture": "#0"},
				"east": {"uv": [12.375, 3.5, 12.5, 5.625], "texture": "#0"},
				"south": {"uv": [12.375, 3.5, 12.5, 5.625], "texture": "#0"},
				"up": {"uv": [12.375, 3.5, 12.5, 3.625], "texture": "#0"},
				"down": {"uv": [12.375, 5.5, 12.5, 5.625], "texture": "#0"}
			}
		},
		{
			"name": "stop_sign_7",
			"from": [7, 8.75, 7.85],
			"to": [7.125, 10.625, 7.975],
			"faces": {
				"north": {"uv": [10.375, 3.625, 10.25, 5.5], "texture": "#0"},
				"south": {"uv": [10.25, 3.625, 10.375, 5.5], "texture": "#0"},
				"west": {"uv": [10.25, 3.625, 10.375, 5.5], "texture": "#0"},
				"up": {"uv": [10.25, 3.625, 10.375, 3.75], "texture": "#0"},
				"down": {"uv": [10.25, 5.375, 10.375, 5.5], "texture": "#0"}
			}
		},
		{
			"name": "stop_sign_8",
			"from": [9.25, 8.75, 7.85],
			"to": [9.375, 10.625, 7.975],
			"faces": {
				"north": {"uv": [12.625, 3.625, 12.5, 5.5], "texture": "#0"},
				"east": {"uv": [12.5, 3.625, 12.625, 5.5], "texture": "#0"},
				"south": {"uv": [12.5, 3.625, 12.625, 5.5], "texture": "#0"},
				"up": {"uv": [12.5, 3.625, 12.625, 3.75], "texture": "#0"},
				"down": {"uv": [12.5, 5.375, 12.625, 5.5], "texture": "#0"}
			}
		},
		{
			"name": "stop_sign_9",
			"from": [6.875, 8.875, 7.85],
			"to": [7, 10.5, 7.975],
			"faces": {
				"north": {"uv": [10.25, 3.75, 10.125, 5.375], "texture": "#0"},
				"south": {"uv": [10.125, 3.75, 10.25, 5.375], "texture": "#0"},
				"west": {"uv": [10.125, 3.75, 10.25, 5.375], "texture": "#0"},
				"up": {"uv": [10.125, 3.75, 10.25, 3.875], "texture": "#0"},
				"down": {"uv": [10.125, 5.25, 10.25, 5.375], "texture": "#0"}
			}
		},
		{
			"name": "stop_sign_10",
			"from": [9.375, 8.875, 7.85],
			"to": [9.5, 10.5, 7.975],
			"faces": {
				"north": {"uv": [12.75, 3.75, 12.625, 5.375], "texture": "#0"},
				"east": {"uv": [12.625, 3.75, 12.75, 5.375], "texture": "#0"},
				"south": {"uv": [12.625, 3.75, 12.75, 5.375], "texture": "#0"},
				"up": {"uv": [12.625, 3.75, 12.75, 3.875], "texture": "#0"},
				"down": {"uv": [12.625, 5.25, 12.75, 5.375], "texture": "#0"}
			}
		},
		{
			"name": "stop_sign_11",
			"from": [6.75, 9, 7.85],
			"to": [6.875, 10.375, 7.975],
			"faces": {
				"north": {"uv": [10.125, 3.875, 10, 5.25], "texture": "#0"},
				"south": {"uv": [10, 3.875, 10.125, 5.25], "texture": "#0"},
				"west": {"uv": [10, 3.875, 10.125, 5.25], "texture": "#0"},
				"up": {"uv": [10, 3.875, 10.125, 4], "texture": "#0"},
				"down": {"uv": [10, 5.125, 10.125, 5.25], "texture": "#0"}
			}
		},
		{
			"name": "stop_sign_12",
			"from": [9.5, 9, 7.85],
			"to": [9.625, 10.375, 7.975],
			"faces": {
				"north": {"uv": [12.875, 3.875, 12.75, 5.25], "texture": "#0"},
				"east": {"uv": [12.75, 3.875, 12.875, 5.25], "texture": "#0"},
				"south": {"uv": [12.75, 3.875, 12.875, 5.25], "texture": "#0"},
				"up": {"uv": [12.75, 3.875, 12.875, 4], "texture": "#0"},
				"down": {"uv": [12.75, 5.125, 12.875, 5.25], "texture": "#0"}
			}
		},
		{
			"name": "stop_sign_13",
			"from": [8, 0.875, 7.55],
			"to": [8.375, 9.625, 7.875],
			"faces": {
				"north": {"uv": [8.375, 4.625, 8, 13.375], "texture": "#0"},
				"east": {"uv": [8.25, 4.625, 8.375, 13.375], "texture": "#0"},
				"south": {"uv": [8, 4.625, 8.375, 13.375], "texture": "#0"},
				"west": {"uv": [8, 4.625, 8.125, 13.375], "texture": "#0"},
				"up": {"uv": [8, 4.625, 8.375, 4.75], "texture": "#0"},
				"down": {"uv": [8, 13.25, 8.375, 13.375], "texture": "#0"}
			}
		}
	],
	"gui_light": "front",
	"display": {
		"thirdperson_righthand": {
			"rotation": [0, 90, 0],
			"translation": [0.5, 8.75, 2.25],
			"scale": [3.5, 3.5, 3]
		},
		"thirdperson_lefthand": {
			"rotation": [0, 90, 0],
			"translation": [0.25, 8.75, 1],
			"scale": [3.5, 3.5, 3]
		},
		"firstperson_righthand": {
			"rotation": [-179.76, -2.22, 174],
			"translation": [2.25, 7.75, 0.25],
			"scale": [2.5, 2.5, 2.5]
		},
		"firstperson_lefthand": {
			"rotation": [-178.68, 1.55, 176.66],
			"translation": [3.25, 8.75, -1.5],
			"scale": [2.5, 2.5, 2.5]
		},
		"ground": {
			"translation": [0, 7.75, 0],
			"scale": [2, 2, 2]
		},
		"gui": {
			"rotation": [0, 0, -46],
			"translation": [2, 2.75, 0],
			"scale": [2, 2, 1.75]
		},
		"head": {
			"rotation": [0, 0, -32],
			"translation": [6, -8, 4.75],
			"scale": [4, 4, 3.5]
		},
		"fixed": {
			"rotation": [-180, 0, 138],
			"translation": [-5.25, 6, -0.5],
			"scale": [4, 4, 3]
		}
	},
	"groups": [
		{
			"name": "stop_sign",
			"origin": [8, 8, 8],
			"color": 0,
			"children": [0, 1, 2, 3, 4, 5, 6, 7, 8, 9, 10, 11, 12, 13]
		}
	]
}