{
	"format_version": "1.21.11",
	"credit": "Made with Blockbench",
	"textures": {
		"0": "item/thousanddemondaggers",
		"particle": "item/thousanddemondaggers"
	},
	"elements": [
		{
			"from": [8.25, 2.25, 8],
			"to": [9.25, 9, 8.75],
			"faces": {
				"north": {"uv": [7.75, 11.5, 8.25, 14.875], "texture": "#0"},
				"east": {"uv": [8.625, 11.5, 9, 14.875], "texture": "#0"},
				"south": {"uv": [8.25, 11.5, 7.75, 14.875], "texture": "#0"},
				"west": {"uv": [8.625, 11.5, 9, 14.875], "texture": "#0"},
				"down": {"uv": [7.875, 12.75, 8.25, 13], "texture": "#0"}
			}
		},
		{
			"from": [8, 8.75, 7.75],
			"to": [9.5, 9.25, 9],
			"faces": {
				"north": {"uv": [7.625, 11.25, 8.375, 11.5], "texture": "#0"},
				"east": {"uv": [8.375, 11.25, 8.5, 11.5], "texture": "#0"},
				"south": {"uv": [7.5, 11.25, 8.5, 11.5], "texture": "#0"},
				"west": {"uv": [8.375, 11.25, 8.5, 11.5], "texture": "#0"},
				"up": {"uv": [7.625, 11.25, 7.75, 11.375], "texture": "#0"},
				"down": {"uv": [7.625, 11.375, 7.75, 11.5], "texture": "#0"}
			}
		},
		{
			"from": [7.75, 8.75, 8],
			"to": [8, 9.25, 8.75],
			"faces": {
				"north": {"uv": [8.375, 11.25, 8.5, 11.5], "texture": "#0"},
				"south": {"uv": [8.375, 11.25, 8.5, 11.5], "texture": "#0"},
				"west": {"uv": [8.375, 11.25, 8.5, 11.5], "texture": "#0"},
				"up": {"uv": [7.625, 11.25, 7.75, 11.375], "texture": "#0"},
				"down": {"uv": [7.625, 11.25, 7.75, 11.375], "texture": "#0"}
			}
		},
		{
			"from": [9.5, 8.75, 8],
			"to": [9.75, 9.25, 8.75],
			"faces": {
				"north": {"uv": [8.375, 11.25, 8.5, 11.5], "texture": "#0"},
				"east": {"uv": [8.375, 11.25, 8.5, 11.5], "texture": "#0"},
				"south": {"uv": [8.375, 11.25, 8.5, 11.5], "texture": "#0"},
				"up": {"uv": [7.625, 11.25, 7.75, 11.375], "texture": "#0"},
				"down": {"uv": [7.625, 11.25, 7.75, 11.375], "texture": "#0"}
			}
		},
		{
			"from": [7.5, 8.75, 8.25],
			"to": [7.75, 9.25, 8.5],
			"faces": {
				"north": {"uv": [8.375, 11.25, 8.5, 11.5], "texture": "#0"},
				"south": {"uv": [8.375, 11.25, 8.5, 11.5], "texture": "#0"},
				"west": {"uv": [8.375, 11.25, 8.5, 11.5], "texture": "#0"},
				"up": {"uv": [7.625, 11.25, 7.75, 11.375], "texture": "#0"},
				"down": {"uv": [7.625, 11.25, 7.75, 11.375], "texture": "#0"}
			}
		},
		{
			"from": [9.75, 8.75, 8.25],
			"to": [10, 9.25, 8.5],
			"faces": {
				"north": {"uv": [8.375, 11.25, 8.5, 11.5], "texture": "#0"},
				"east": {"uv": [8.375, 11.25, 8.5, 11.5], "texture": "#0"},
				"south": {"uv": [8.375, 11.25, 8.5, 11.5], "texture": "#0"},
				"up": {"uv": [7.625, 11.25, 7.75, 11.375], "texture": "#0"},
				"down": {"uv": [7.625, 11.25, 7.75, 11.375], "texture": "#0"}
			}
		},
		{
			"from": [8.248, 9.25, 8.132],
			"to": [9.253, 11.25, 8.582],
			"faces": {
				"north": {"uv": [7.75, 10.25, 8.25, 11.25], "texture": "#0"},
				"east": {"uv": [7.75, 10.25, 7.875, 11.25], "texture": "#0"},
				"south": {"uv": [8.25, 10.25, 7.75, 11.25], "texture": "#0"},
				"west": {"uv": [8.5, 10.25, 8.625, 11.25], "texture": "#0"},
				"up": {"uv": [7.875, 10.125, 8, 10.25], "texture": "#0"}
			}
		},
		{
			"from": [8.248, 11.25, 8.132],
			"to": [9.003, 11.75, 8.582],
			"faces": {
				"north": {"uv": [7.875, 10, 8.25, 10.25], "texture": "#0"},
				"east": {"uv": [7.875, 10, 8, 10.25], "texture": "#0"},
				"south": {"uv": [7.875, 10, 8.25, 10.25], "texture": "#0"},
				"west": {"uv": [8.5, 10, 8.625, 10.25], "texture": "#0"},
				"up": {"uv": [7.875, 10.125, 8, 10.25], "texture": "#0"}
			}
		},
		{
			"from": [8.248, 11.75, 8.132],
			"to": [8.753, 13.75, 8.582],
			"faces": {
				"north": {"uv": [8, 9, 8.25, 10], "texture": "#0"},
				"east": {"uv": [7.875, 10.125, 8, 10.25], "texture": "#0"},
				"south": {"uv": [8.25, 9, 8, 10], "texture": "#0"},
				"west": {"uv": [8.5, 9, 8.625, 10], "texture": "#0"},
				"up": {"uv": [7.875, 10.125, 8, 10.25], "texture": "#0"}
			}
		},
		{
			"from": [8.248, 13.75, 8.132],
			"to": [8.503, 14.25, 8.582],
			"faces": {
				"north": {"uv": [8.125, 8.75, 8.25, 9], "texture": "#0"},
				"east": {"uv": [7.875, 10.125, 8, 10.25], "texture": "#0"},
				"south": {"uv": [8.125, 8.75, 8.25, 9], "texture": "#0"},
				"west": {"uv": [8.5, 8.75, 8.625, 9], "texture": "#0"},
				"up": {"uv": [7.875, 10.125, 8, 10.25], "texture": "#0"}
			}
		},
		{
			"from": [8.25, 9.25, 8.3],
			"to": [9.25, 18, 8.425],
			"faces": {
				"north": {"uv": [7.75, 6.875, 8.25, 11.25], "texture": "#0"},
				"east": {"uv": [7.875, 6.875, 7.75, 11.25], "texture": "#0"},
				"south": {"uv": [8.25, 6.875, 7.75, 11.25], "texture": "#0"},
				"up": {"uv": [7.875, 7.125, 7.75, 7.25], "texture": "#0"}
			}
		},
		{
			"from": [8.249, 9.25, 8.17],
			"to": [8.74901, 18, 8.545],
			"faces": {
				"north": {"uv": [8, 6.875, 8.25, 11.25], "texture": "#0"},
				"east": {"uv": [8, 7.125, 7.875, 11.25], "texture": "#0"},
				"south": {"uv": [8.25, 6.875, 8, 11.25], "texture": "#0"},
				"west": {"uv": [8.125, 6.875, 8.25, 11.25], "texture": "#0"},
				"up": {"uv": [8, 7.125, 7.875, 7.25], "texture": "#0"}
			}
		},
		{
			"from": [8, 18, 8.3],
			"to": [9, 22.5, 8.425],
			"faces": {
				"north": {"uv": [7.875, 4.625, 8.375, 6.875], "texture": "#0"},
				"east": {"uv": [8, 4.625, 7.875, 6.875], "texture": "#0"},
				"south": {"uv": [8.375, 4.625, 7.875, 6.875], "texture": "#0"},
				"up": {"uv": [8, 4.375, 8.125, 4.5], "texture": "#0"}
			}
		},
		{
			"from": [7.999, 18, 8.17],
			"to": [8.499, 22.5, 8.545],
			"faces": {
				"north": {"uv": [8.125, 4.625, 8.375, 6.875], "texture": "#0"},
				"east": {"uv": [8.125, 4.875, 8, 7.125], "texture": "#0"},
				"south": {"uv": [8.375, 4.625, 8.125, 6.875], "texture": "#0"},
				"west": {"uv": [8.25, 4.625, 8.375, 6.875], "texture": "#0"},
				"up": {"uv": [8, 7.125, 7.875, 7.25], "texture": "#0"},
				"down": {"uv": [8.125, 7.25, 8.25, 7.375], "texture": "#0"}
			}
		},
		{
			"from": [7.75, 22.5, 8.3],
			"to": [8.75, 23, 8.425],
			"faces": {
				"north": {"uv": [8, 4.375, 8.5, 4.625], "texture": "#0"},
				"east": {"uv": [8, 4.375, 8.125, 4.625], "texture": "#0"},
				"south": {"uv": [8.5, 4.375, 8, 4.625], "texture": "#0"},
				"up": {"uv": [8, 4.375, 8.125, 4.5], "texture": "#0"}
			}
		},
		{
			"from": [7.749, 22.5, 8.17],
			"to": [8.249, 23, 8.545],
			"faces": {
				"north": {"uv": [8.25, 4.375, 8.5, 4.625], "texture": "#0"},
				"east": {"uv": [8, 7.125, 7.875, 7.25], "texture": "#0"},
				"south": {"uv": [8.5, 4.375, 8.25, 4.625], "texture": "#0"},
				"west": {"uv": [8.125, 7.25, 8.25, 7.375], "texture": "#0"},
				"up": {"uv": [8, 7.125, 7.875, 7.25], "texture": "#0"},
				"down": {"uv": [8.125, 7.25, 8.25, 7.375], "texture": "#0"}
			}
		},
		{
			"from": [7.5, 23, 8.3],
			"to": [8.5, 23.5, 8.425],
			"faces": {
				"north": {"uv": [8.125, 4.125, 8.625, 4.375], "texture": "#0"},
				"east": {"uv": [8.125, 4.125, 8.25, 4.375], "texture": "#0"},
				"south": {"uv": [8.625, 4.125, 8.125, 4.375], "texture": "#0"},
				"up": {"uv": [8, 4.375, 8.125, 4.5], "texture": "#0"}
			}
		},
		{
			"from": [7.499, 23, 8.17],
			"to": [7.999, 23.5, 8.545],
			"faces": {
				"north": {"uv": [8.375, 4.125, 8.625, 4.375], "texture": "#0"},
				"east": {"uv": [8, 7.125, 7.875, 7.25], "texture": "#0"},
				"south": {"uv": [8.625, 4.125, 8.375, 4.375], "texture": "#0"},
				"west": {"uv": [8.125, 7.25, 8.25, 7.375], "texture": "#0"},
				"up": {"uv": [8, 7.125, 7.875, 7.25], "texture": "#0"},
				"down": {"uv": [8.125, 7.25, 8.25, 7.375], "texture": "#0"}
			}
		},
		{
			"from": [7.5, 23.5, 8.3],
			"to": [8.25, 23.75, 8.425],
			"faces": {
				"north": {"uv": [8.25, 4, 8.625, 4.125], "texture": "#0"},
				"east": {"uv": [7.875, 7.125, 7.75, 7.25], "texture": "#0"},
				"south": {"uv": [8.625, 4, 8.25, 4.125], "texture": "#0"},
				"up": {"uv": [7.875, 7.125, 7.75, 7.25], "texture": "#0"}
			}
		},
		{
			"from": [7.499, 23.5, 8.17],
			"to": [7.749, 23.75, 8.545],
			"faces": {
				"north": {"uv": [8.5, 4.25, 8.625, 4.375], "texture": "#0"},
				"east": {"uv": [8, 7.125, 7.875, 7.25], "texture": "#0"},
				"south": {"uv": [8.625, 4.25, 8.5, 4.375], "texture": "#0"},
				"west": {"uv": [8.125, 7.25, 8.25, 7.375], "texture": "#0"},
				"up": {"uv": [8, 7.125, 7.875, 7.25], "texture": "#0"}
			}
		},
		{
			"from": [7.5, 23.75, 8.3],
			"to": [8, 24, 8.425],
			"faces": {
				"north": {"uv": [8.375, 3.875, 8.625, 4], "texture": "#0"},
				"east": {"uv": [7.875, 7.125, 7.75, 7.25], "texture": "#0"},
				"south": {"uv": [8.625, 3.875, 8.375, 4], "texture": "#0"},
				"west": {"uv": [8.5, 4, 8.625, 4.125], "texture": "#0"},
				"up": {"uv": [7.875, 7.125, 7.75, 7.25], "texture": "#0"}
			}
		},
		{
			"from": [7.5, 24, 8.3],
			"to": [7.75, 24.25, 8.425],
			"faces": {
				"north": {"uv": [8.5, 3.75, 8.625, 3.875], "texture": "#0"},
				"east": {"uv": [8, 4.375, 8.125, 4.5], "texture": "#0"},
				"south": {"uv": [8.5, 4, 8.625, 4.125], "texture": "#0"},
				"west": {"uv": [8, 4.375, 8.125, 4.5], "texture": "#0"},
				"up": {"uv": [8, 4.375, 8.125, 4.5], "texture": "#0"}
			}
		}
	],
	"display": {
		"thirdperson_righthand": {
			"rotation": [0, 90, 0],
			"translation": [-0.5, -0.25, 3],
			"scale": [1.53, 1.53, 1.53]
		},
		"thirdperson_lefthand": {
			"rotation": [0, -90, 0],
			"translation": [0.5, -0.25, 3],
			"scale": [1.53, 1.53, 1.53]
		},
		"firstperson_righthand": {
			"rotation": [8, 95, 0],
			"translation": [0, 0.5, 0.5],
			"scale": [1.25, 1.25, 1.25]
		},
		"firstperson_lefthand": {
			"rotation": [8, -89, 0],
			"translation": [2, 1.5, 1],
			"scale": [1.25, 1.25, 1.25]
		},
		"ground": {
			"rotation": [0, 0, -45],
			"translation": [0, 3.3956, 0],
			"scale": [1.5, 1.5, 1.5]
		},
		"gui": {
			"rotation": [0, 0, -45],
			"translation": [-4.75, -4, 0],
			"scale": [1.2, 1.2, 1.2]
		},
		"head": {
			"rotation": [0, 0, 45],
			"translation": [0, 19, 0],
			"scale": [2, 2, 2]
		},
		"fixed": {
			"rotation": [0, 0, 45],
			"translation": [5.75, -6.75, -2],
			"scale": [2, 2, 2.2]
		}
	},
	"groups": [
		{
			"name": "hilt",
			"origin": [8, 8, 8],
			"color": 0,
			"children": [0, 1, 2, 3, 4, 5, 6, 7, 8, 9]
		},
		{
			"name": "blade",
			"origin": [8, 8, 8],
			"color": 0,
			"children": [10, 11, 12, 13, 14, 15, 16, 17, 18, 19, 20, 21]
		}
	]
}