{
	"format_version": "1.21.11",
	"credit": "Made with Blockbench",
	"textures": {
		"0": "item/thunderbrand",
		"1": "item/thunderbrand_layer",
		"2": "item/thunderbrand_layer_2",
		"particle": "item/thunderbrand"
	},
	"elements": [
		{
			"from": [2.3, 11.4, 7.94],
			"to": [8.3, 17.4, 8.19],
			
			"faces": {
				"north": {"uv": [6.66667, 0, 16, 9], "texture": "#2"},
				"south": {"uv": [16, 0, 6.66667, 9], "texture": "#2"}
			}
		},
		{
			"from": [1.3, 11.8, 8.075],
			"to": [7.3, 17.8, 8.075],
			
			"faces": {
				"north": {"uv": [6.66667, 0, 16, 9], "texture": "#1"},
				"south": {"uv": [16, 0, 6.66667, 9], "texture": "#1"}
			}
		},
		{
			"name": "td1_0",
			"from": [8, 14.625, 8],
			"to": [8.125, 15.25, 8.125],
			
			"faces": {
				"north": {"uv": [8.125, 0.75, 8, 1.375], "texture": "#0"},
				"east": {"uv": [8, 0.75, 8.125, 1.375], "texture": "#0"},
				"south": {"uv": [8, 0.75, 8.125, 1.375], "texture": "#0"},
				"west": {"uv": [8, 0.75, 8.125, 1.375], "texture": "#0"},
				"up": {"uv": [8, 0.75, 8.125, 0.875], "texture": "#0"}
			}
		},
		{
			"name": "td1_1",
			"from": [7.875, 13.875, 8],
			"to": [8, 14.625, 8.125],
			
			"faces": {
				"north": {"uv": [8, 1.375, 7.875, 2.125], "texture": "#0"},
				"south": {"uv": [7.875, 1.375, 8, 2.125], "texture": "#0"},
				"west": {"uv": [7.875, 1.375, 8, 2.125], "texture": "#0"},
				"up": {"uv": [7.875, 1.375, 8, 1.5], "texture": "#0"}
			}
		},
		{
			"name": "td1_2",
			"from": [8.125, 13.875, 8],
			"to": [8.25, 14.625, 8.125],
			
			"faces": {
				"north": {"uv": [8.25, 1.375, 8.125, 2.125], "texture": "#0"},
				"east": {"uv": [8.125, 1.375, 8.25, 2.125], "texture": "#0"},
				"south": {"uv": [8.125, 1.375, 8.25, 2.125], "texture": "#0"},
				"up": {"uv": [8.125, 1.375, 8.25, 1.5], "texture": "#0"}
			}
		},
		{
			"name": "td1_3",
			"from": [7.25, 13.875, 7.95],
			"to": [7.375, 14.125, 8.175],
			
			"faces": {
				"north": {"uv": [7.375, 1.875, 7.25, 2.125], "texture": "#0"},
				"east": {"uv": [7.25, 1.875, 7.375, 2.125], "texture": "#0"},
				"south": {"uv": [7.25, 1.875, 7.375, 2.125], "texture": "#0"},
				"west": {"uv": [7.25, 1.875, 7.375, 2.125], "texture": "#0"},
				"up": {"uv": [7.25, 1.875, 7.375, 2], "texture": "#0"},
				"down": {"uv": [7.25, 2, 7.375, 2.125], "texture": "#0"}
			}
		},
		{
			"name": "td1_4",
			"from": [7.125, 13.5, 7.95],
			"to": [7.25, 14, 8.175],
			
			"faces": {
				"north": {"uv": [7.25, 2, 7.125, 2.5], "texture": "#0"},
				"east": {"uv": [7.125, 2, 7.25, 2.5], "texture": "#0"},
				"south": {"uv": [7.125, 2, 7.25, 2.5], "texture": "#0"},
				"west": {"uv": [7.125, 2, 7.25, 2.5], "texture": "#0"},
				"up": {"uv": [7.125, 2, 7.25, 2.125], "texture": "#0"},
				"down": {"uv": [7.125, 2.375, 7.25, 2.5], "texture": "#0"}
			}
		},
		{
			"name": "td1_5",
			"from": [7, 11, 7.95],
			"to": [7.125, 13.875, 8.175],
			
			"faces": {
				"north": {"uv": [7.125, 2.125, 7, 5], "texture": "#0"},
				"east": {"uv": [7, 2.125, 7.125, 5], "texture": "#0"},
				"south": {"uv": [7, 2.125, 7.125, 5], "texture": "#0"},
				"west": {"uv": [7, 2.125, 7.125, 5], "texture": "#0"},
				"up": {"uv": [7, 2.125, 7.125, 2.25], "texture": "#0"},
				"down": {"uv": [7, 4.875, 7.125, 5], "texture": "#0"}
			}
		},
		{
			"name": "td1_6",
			"from": [7.75, 13.25, 8],
			"to": [7.875, 13.875, 8.125],
			
			"faces": {
				"north": {"uv": [7.875, 2.125, 7.75, 2.75], "texture": "#0"},
				"south": {"uv": [7.75, 2.125, 7.875, 2.75], "texture": "#0"},
				"west": {"uv": [7.75, 2.125, 7.875, 2.75], "texture": "#0"},
				"up": {"uv": [7.75, 2.125, 7.875, 2.25], "texture": "#0"},
				"down": {"uv": [7.75, 2.625, 7.875, 2.75], "texture": "#0"}
			}
		},
		{
			"name": "td1_7",
			"from": [8.25, 13.25, 8],
			"to": [8.375, 13.875, 8.125],
			
			"faces": {
				"north": {"uv": [8.375, 2.125, 8.25, 2.75], "texture": "#0"},
				"east": {"uv": [8.25, 2.125, 8.375, 2.75], "texture": "#0"},
				"south": {"uv": [8.25, 2.125, 8.375, 2.75], "texture": "#0"},
				"up": {"uv": [8.25, 2.125, 8.375, 2.25], "texture": "#0"},
				"down": {"uv": [8.25, 2.625, 8.375, 2.75], "texture": "#0"}
			}
		},
		{
			"name": "td1_8",
			"from": [6.875, 11.375, 7.95],
			"to": [7, 13.75, 8.175],
			
			"faces": {
				"north": {"uv": [7, 2.25, 6.875, 4.625], "texture": "#0"},
				"south": {"uv": [6.875, 2.25, 7, 4.625], "texture": "#0"},
				"west": {"uv": [6.875, 2.25, 7, 4.625], "texture": "#0"},
				"up": {"uv": [6.875, 2.25, 7, 2.375], "texture": "#0"},
				"down": {"uv": [6.875, 4.5, 7, 4.625], "texture": "#0"}
			}
		},
		{
			"name": "td1_9",
			"from": [6.75, 11.5, 7.95],
			"to": [6.875, 13.625, 8.175],
			
			"faces": {
				"north": {"uv": [6.875, 2.375, 6.75, 4.5], "texture": "#0"},
				"south": {"uv": [6.75, 2.375, 6.875, 4.5], "texture": "#0"},
				"west": {"uv": [6.75, 2.375, 6.875, 4.5], "texture": "#0"},
				"up": {"uv": [6.75, 2.375, 6.875, 2.5], "texture": "#0"},
				"down": {"uv": [6.75, 4.375, 6.875, 4.5], "texture": "#0"}
			}
		},
		{
			"name": "td1_10",
			"from": [6.625, 11.625, 7.95],
			"to": [6.75, 13.5, 8.175],
			
			"faces": {
				"north": {"uv": [6.75, 2.5, 6.625, 4.375], "texture": "#0"},
				"south": {"uv": [6.625, 2.5, 6.75, 4.375], "texture": "#0"},
				"west": {"uv": [6.625, 2.5, 6.75, 4.375], "texture": "#0"},
				"up": {"uv": [6.625, 2.5, 6.75, 2.625], "texture": "#0"},
				"down": {"uv": [6.625, 4.25, 6.75, 4.375], "texture": "#0"}
			}
		},
		{
			"name": "td1_11",
			"from": [7.625, 13.375, 8],
			"to": [7.75, 13.5, 8.125],
			
			"faces": {
				"north": {"uv": [7.75, 2.5, 7.625, 2.625], "texture": "#0"},
				"south": {"uv": [7.625, 2.5, 7.75, 2.625], "texture": "#0"},
				"west": {"uv": [7.625, 2.5, 7.75, 2.625], "texture": "#0"},
				"up": {"uv": [7.625, 2.5, 7.75, 2.625], "texture": "#0"},
				"down": {"uv": [7.625, 2.5, 7.75, 2.625], "texture": "#0"}
			}
		},
		{
			"name": "td1_12",
			"from": [8.375, 13.375, 8],
			"to": [8.5, 13.5, 8.125],
			
			"faces": {
				"north": {"uv": [8.5, 2.5, 8.375, 2.625], "texture": "#0"},
				"east": {"uv": [8.375, 2.5, 8.5, 2.625], "texture": "#0"},
				"south": {"uv": [8.375, 2.5, 8.5, 2.625], "texture": "#0"},
				"up": {"uv": [8.375, 2.5, 8.5, 2.625], "texture": "#0"},
				"down": {"uv": [8.375, 2.5, 8.5, 2.625], "texture": "#0"}
			}
		},
		{
			"name": "td1_13",
			"from": [6.5, 11.75, 7.95],
			"to": [6.625, 13.25, 8.175],
			
			"faces": {
				"north": {"uv": [6.625, 2.75, 6.5, 4.25], "texture": "#0"},
				"south": {"uv": [6.5, 2.75, 6.625, 4.25], "texture": "#0"},
				"west": {"uv": [6.5, 2.75, 6.625, 4.25], "texture": "#0"},
				"up": {"uv": [6.5, 2.75, 6.625, 2.875], "texture": "#0"},
				"down": {"uv": [6.5, 4.125, 6.625, 4.25], "texture": "#0"}
			}
		},
		{
			"name": "td1_14",
			"from": [7.125, 10.125, 7.95],
			"to": [7.25, 13, 8.175],
			
			"faces": {
				"north": {"uv": [7.25, 3, 7.125, 5.875], "texture": "#0"},
				"east": {"uv": [7.125, 3, 7.25, 5.875], "texture": "#0"},
				"south": {"uv": [7.125, 3, 7.25, 5.875], "texture": "#0"},
				"west": {"uv": [7.125, 3, 7.25, 5.875], "texture": "#0"},
				"up": {"uv": [7.125, 3, 7.25, 3.125], "texture": "#0"},
				"down": {"uv": [7.125, 5.75, 7.25, 5.875], "texture": "#0"}
			}
		},
		{
			"name": "td1_15",
			"from": [6.375, 12, 7.95],
			"to": [6.5, 12.875, 8.175],
			
			"faces": {
				"north": {"uv": [6.5, 3.125, 6.375, 4], "texture": "#0"},
				"south": {"uv": [6.375, 3.125, 6.5, 4], "texture": "#0"},
				"west": {"uv": [6.375, 3.125, 6.5, 4], "texture": "#0"},
				"up": {"uv": [6.375, 3.125, 6.5, 3.25], "texture": "#0"},
				"down": {"uv": [6.375, 3.875, 6.5, 4], "texture": "#0"}
			}
		},
		{
			"name": "td1_16",
			"from": [8.75, 12, 7.95],
			"to": [8.875, 12.875, 8.175],
			
			"faces": {
				"north": {"uv": [8.875, 3.125, 8.75, 4], "texture": "#0"},
				"east": {"uv": [8.75, 3.125, 8.875, 4], "texture": "#0"},
				"south": {"uv": [8.75, 3.125, 8.875, 4], "texture": "#0"},
				"west": {"uv": [8.75, 3.125, 8.875, 4], "texture": "#0"},
				"up": {"uv": [8.75, 3.125, 8.875, 3.25], "texture": "#0"},
				"down": {"uv": [8.75, 3.875, 8.875, 4], "texture": "#0"}
			}
		},
		{
			"name": "td1_17",
			"from": [7.25, 11.875, 7.95],
			"to": [7.75, 12.75, 8.175],
			
			"faces": {
				"north": {"uv": [7.75, 3.25, 7.25, 4.125], "texture": "#0"},
				"south": {"uv": [7.25, 3.25, 7.75, 4.125], "texture": "#0"},
				"up": {"uv": [7.25, 3.25, 7.75, 3.375], "texture": "#0"},
				"down": {"uv": [7.25, 4, 7.75, 4.125], "texture": "#0"}
			}
		},
		{
			"name": "td1_18",
			"from": [8.375, 12.125, 7.95],
			"to": [8.5, 12.75, 8.175],
			
			"faces": {
				"north": {"uv": [8.5, 3.25, 8.375, 3.875], "texture": "#0"},
				"east": {"uv": [8.375, 3.25, 8.5, 3.875], "texture": "#0"},
				"south": {"uv": [8.375, 3.25, 8.5, 3.875], "texture": "#0"},
				"up": {"uv": [8.375, 3.25, 8.5, 3.375], "texture": "#0"},
				"down": {"uv": [8.375, 3.75, 8.5, 3.875], "texture": "#0"}
			}
		},
		{
			"name": "td1_19",
			"from": [8.875, 12.25, 7.95],
			"to": [9, 12.75, 8.175],
			
			"faces": {
				"north": {"uv": [9, 3.25, 8.875, 3.75], "texture": "#0"},
				"east": {"uv": [8.875, 3.25, 9, 3.75], "texture": "#0"},
				"south": {"uv": [8.875, 3.25, 9, 3.75], "texture": "#0"},
				"up": {"uv": [8.875, 3.25, 9, 3.375], "texture": "#0"},
				"down": {"uv": [8.875, 3.625, 9, 3.75], "texture": "#0"}
			}
		},
		{
			"name": "td1_20",
			"from": [8.5, 12.25, 7.95],
			"to": [8.75, 12.625, 8.175],
			
			"faces": {
				"north": {"uv": [8.75, 3.375, 8.5, 3.75], "texture": "#0"},
				"south": {"uv": [8.5, 3.375, 8.75, 3.75], "texture": "#0"},
				"up": {"uv": [8.5, 3.375, 8.75, 3.5], "texture": "#0"},
				"down": {"uv": [8.5, 3.625, 8.75, 3.75], "texture": "#0"}
			}
		},
		{
			"name": "td1_21",
			"from": [9, 12.5, 7.95],
			"to": [9.25, 12.625, 8.175],
			
			"faces": {
				"north": {"uv": [9.25, 3.375, 9, 3.5], "texture": "#0"},
				"east": {"uv": [9.125, 3.375, 9.25, 3.5], "texture": "#0"},
				"south": {"uv": [9, 3.375, 9.25, 3.5], "texture": "#0"},
				"up": {"uv": [9, 3.375, 9.25, 3.5], "texture": "#0"},
				"down": {"uv": [9, 3.375, 9.25, 3.5], "texture": "#0"}
			}
		},
		{
			"name": "td1_22",
			"from": [9, 12.375, 7.95],
			"to": [9.125, 12.5, 8.175],
			
			"faces": {
				"north": {"uv": [9.125, 3.5, 9, 3.625], "texture": "#0"},
				"east": {"uv": [9, 3.5, 9.125, 3.625], "texture": "#0"},
				"south": {"uv": [9, 3.5, 9.125, 3.625], "texture": "#0"},
				"down": {"uv": [9, 3.5, 9.125, 3.625], "texture": "#0"}
			}
		},
		{
			"name": "td1_23",
			"from": [8.625, 12.125, 7.95],
			"to": [8.75, 12.25, 8.175],
			
			"faces": {
				"north": {"uv": [8.75, 3.75, 8.625, 3.875], "texture": "#0"},
				"south": {"uv": [8.625, 3.75, 8.75, 3.875], "texture": "#0"},
				"west": {"uv": [8.625, 3.75, 8.75, 3.875], "texture": "#0"},
				"down": {"uv": [8.625, 3.75, 8.75, 3.875], "texture": "#0"}
			}
		},
		{
			"name": "td1_24",
			"from": [7.25, 11.625, 7.95],
			"to": [7.625, 11.875, 8.175],
			
			"faces": {
				"north": {"uv": [7.625, 4.125, 7.25, 4.375], "texture": "#0"},
				"east": {"uv": [7.5, 4.125, 7.625, 4.375], "texture": "#0"},
				"south": {"uv": [7.25, 4.125, 7.625, 4.375], "texture": "#0"},
				"down": {"uv": [7.25, 4.25, 7.625, 4.375], "texture": "#0"}
			}
		},
		{
			"name": "td1_25",
			"from": [7.25, 10.625, 7.95],
			"to": [7.5, 11.625, 8.175],
			
			"faces": {
				"north": {"uv": [7.5, 4.375, 7.25, 5.375], "texture": "#0"},
				"east": {"uv": [7.375, 4.375, 7.5, 5.375], "texture": "#0"},
				"south": {"uv": [7.25, 4.375, 7.5, 5.375], "texture": "#0"},
				"down": {"uv": [7.25, 5.25, 7.5, 5.375], "texture": "#0"}
			}
		},
		{
			"name": "td1_26",
			"from": [7.875, 10.75, 7.9],
			"to": [8, 11.625, 8.225],
			
			"faces": {
				"north": {"uv": [8, 4.375, 7.875, 5.25], "texture": "#0"},
				"south": {"uv": [7.875, 4.375, 8, 5.25], "texture": "#0"},
				"west": {"uv": [7.875, 4.375, 8, 5.25], "texture": "#0"}
			}
		},
		{
			"name": "td1_27",
			"from": [8, 10.875, 7.9],
			"to": [8.125, 11.5, 8.225],
			
			"faces": {
				"north": {"uv": [8.125, 4.5, 8, 5.125], "texture": "#0"},
				"south": {"uv": [8, 4.5, 8.125, 5.125], "texture": "#0"}
			}
		},
		{
			"name": "td1_28",
			"from": [8.125, 11, 7.9],
			"to": [8.25, 11.375, 8.225],
			
			"faces": {
				"north": {"uv": [8.25, 4.625, 8.125, 5], "texture": "#0"},
				"east": {"uv": [8.125, 4.625, 8.25, 5], "texture": "#0"},
				"south": {"uv": [8.125, 4.625, 8.25, 5], "texture": "#0"}
			}
		},
		{
			"name": "td1_29",
			"from": [7.25, 10.375, 7.95],
			"to": [7.375, 10.625, 8.175],
			
			"faces": {
				"north": {"uv": [7.375, 5.375, 7.25, 5.625], "texture": "#0"},
				"east": {"uv": [7.25, 5.375, 7.375, 5.625], "texture": "#0"},
				"south": {"uv": [7.25, 5.375, 7.375, 5.625], "texture": "#0"},
				"down": {"uv": [7.25, 5.5, 7.375, 5.625], "texture": "#0"}
			}
		},
		{
			"name": "td1_30",
			"from": [7.75, 10.375, 7.8],
			"to": [8.375, 10.625, 8.325],
			
			"faces": {
				"north": {"uv": [8.375, 5.375, 7.75, 5.625], "texture": "#0"},
				"east": {"uv": [8.25, 5.375, 8.375, 5.625], "texture": "#0"},
				"south": {"uv": [7.75, 5.375, 8.375, 5.625], "texture": "#0"},
				"west": {"uv": [7.75, 5.375, 7.875, 5.625], "texture": "#0"},
				"up": {"uv": [7.75, 5.375, 8.375, 5.5], "texture": "#0"},
				"down": {"uv": [7.75, 5.5, 8.375, 5.625], "texture": "#0"}
			}
		},
		{
			"name": "td1_31",
			"from": [7, 10, 7.95],
			"to": [7.125, 10.25, 8.175],
			
			"faces": {
				"north": {"uv": [7.125, 5.75, 7, 6], "texture": "#0"},
				"east": {"uv": [7, 5.75, 7.125, 6], "texture": "#0"},
				"south": {"uv": [7, 5.75, 7.125, 6], "texture": "#0"},
				"west": {"uv": [7, 5.75, 7.125, 6], "texture": "#0"},
				"up": {"uv": [7, 5.75, 7.125, 5.875], "texture": "#0"},
				"down": {"uv": [7, 5.875, 7.125, 6], "texture": "#0"}
			}
		},
		{
			"name": "td1_32",
			"from": [7.75, 9.875, 7.8],
			"to": [8.375, 10.125, 8.325],
			
			"faces": {
				"north": {"uv": [8.375, 5.875, 7.75, 6.125], "texture": "#0"},
				"east": {"uv": [8.25, 5.875, 8.375, 6.125], "texture": "#0"},
				"south": {"uv": [7.75, 5.875, 8.375, 6.125], "texture": "#0"},
				"west": {"uv": [7.75, 5.875, 7.875, 6.125], "texture": "#0"},
				"up": {"uv": [7.75, 5.875, 8.375, 6], "texture": "#0"},
				"down": {"uv": [7.75, 6, 8.375, 6.125], "texture": "#0"}
			}
		},
		{
			"name": "td1_33",
			"from": [6.875, 9.875, 7.95],
			"to": [7, 10, 8.175],
			
			"faces": {
				"north": {"uv": [7, 6, 6.875, 6.125], "texture": "#0"},
				"east": {"uv": [6.875, 6, 7, 6.125], "texture": "#0"},
				"south": {"uv": [6.875, 6, 7, 6.125], "texture": "#0"},
				"west": {"uv": [6.875, 6, 7, 6.125], "texture": "#0"},
				"up": {"uv": [6.875, 6, 7, 6.125], "texture": "#0"},
				"down": {"uv": [6.875, 6, 7, 6.125], "texture": "#0"}
			}
		},
		{
			"name": "td1_34",
			"from": [6.75, 9.75, 7.95],
			"to": [6.875, 9.875, 8.175],
			
			"faces": {
				"north": {"uv": [6.875, 6.125, 6.75, 6.25], "texture": "#0"},
				"east": {"uv": [6.75, 6.125, 6.875, 6.25], "texture": "#0"},
				"south": {"uv": [6.75, 6.125, 6.875, 6.25], "texture": "#0"},
				"west": {"uv": [6.75, 6.125, 6.875, 6.25], "texture": "#0"},
				"up": {"uv": [6.75, 6.125, 6.875, 6.25], "texture": "#0"},
				"down": {"uv": [6.75, 6.125, 6.875, 6.25], "texture": "#0"}
			}
		},
		{
			"name": "td1_35",
			"from": [6.625, 9.625, 7.95],
			"to": [6.75, 9.75, 8.175],
			
			"faces": {
				"north": {"uv": [6.75, 6.25, 6.625, 6.375], "texture": "#0"},
				"east": {"uv": [6.625, 6.25, 6.75, 6.375], "texture": "#0"},
				"south": {"uv": [6.625, 6.25, 6.75, 6.375], "texture": "#0"},
				"west": {"uv": [6.625, 6.25, 6.75, 6.375], "texture": "#0"},
				"up": {"uv": [6.625, 6.25, 6.75, 6.375], "texture": "#0"},
				"down": {"uv": [6.625, 6.25, 6.75, 6.375], "texture": "#0"}
			}
		},
		{
			"name": "td1_36",
			"from": [7.75, 3.5, 7.8],
			"to": [8.375, 3.75, 8.325],
			
			"faces": {
				"north": {"uv": [8.375, 12.25, 7.75, 12.5], "texture": "#0"},
				"east": {"uv": [8.25, 12.25, 8.375, 12.5], "texture": "#0"},
				"south": {"uv": [7.75, 12.25, 8.375, 12.5], "texture": "#0"},
				"west": {"uv": [7.75, 12.25, 7.875, 12.5], "texture": "#0"},
				"up": {"uv": [7.75, 12.25, 8.375, 12.375], "texture": "#0"},
				"down": {"uv": [7.75, 12.375, 8.375, 12.5], "texture": "#0"}
			}
		},
		{
			"name": "td1_37",
			"from": [7.75, 1.5, 7.8],
			"to": [8.375, 1.75, 8.325],
			
			"faces": {
				"north": {"uv": [8.375, 14.25, 7.75, 14.5], "texture": "#0"},
				"east": {"uv": [8.25, 14.25, 8.375, 14.5], "texture": "#0"},
				"south": {"uv": [7.75, 14.25, 8.375, 14.5], "texture": "#0"},
				"west": {"uv": [7.75, 14.25, 7.875, 14.5], "texture": "#0"},
				"up": {"uv": [7.75, 14.25, 8.375, 14.375], "texture": "#0"},
				"down": {"uv": [7.75, 14.375, 8.375, 14.5], "texture": "#0"}
			}
		},
		{
			"name": "td1_38",
			"from": [7.75, 1.25, 8],
			"to": [7.875, 1.375, 8.125],
			
			"faces": {
				"north": {"uv": [7.875, 14.625, 7.75, 14.75], "texture": "#0"},
				"south": {"uv": [7.75, 14.625, 7.875, 14.75], "texture": "#0"},
				"west": {"uv": [7.75, 14.625, 7.875, 14.75], "texture": "#0"},
				"up": {"uv": [7.75, 14.625, 7.875, 14.75], "texture": "#0"},
				"down": {"uv": [7.75, 14.625, 7.875, 14.75], "texture": "#0"}
			}
		},
		{
			"name": "td1_39",
			"from": [8.25, 1.25, 8],
			"to": [8.375, 1.375, 8.125],
			
			"faces": {
				"north": {"uv": [8.375, 14.625, 8.25, 14.75], "texture": "#0"},
				"east": {"uv": [8.25, 14.625, 8.375, 14.75], "texture": "#0"},
				"south": {"uv": [8.25, 14.625, 8.375, 14.75], "texture": "#0"},
				"up": {"uv": [8.25, 14.625, 8.375, 14.75], "texture": "#0"},
				"down": {"uv": [8.25, 14.625, 8.375, 14.75], "texture": "#0"}
			}
		},
		{
			"name": "td1_40",
			"from": [7.875, 0.875, 8],
			"to": [8, 1.25, 8.125],
			
			"faces": {
				"north": {"uv": [8, 14.75, 7.875, 15.125], "texture": "#0"},
				"south": {"uv": [7.875, 14.75, 8, 15.125], "texture": "#0"},
				"west": {"uv": [7.875, 14.75, 8, 15.125], "texture": "#0"},
				"down": {"uv": [7.875, 15, 8, 15.125], "texture": "#0"}
			}
		},
		{
			"name": "td1_41",
			"from": [8.125, 0.875, 8],
			"to": [8.25, 1.25, 8.125],
			
			"faces": {
				"north": {"uv": [8.25, 14.75, 8.125, 15.125], "texture": "#0"},
				"east": {"uv": [8.125, 14.75, 8.25, 15.125], "texture": "#0"},
				"south": {"uv": [8.125, 14.75, 8.25, 15.125], "texture": "#0"},
				"down": {"uv": [8.125, 15, 8.25, 15.125], "texture": "#0"}
			}
		},
		{
			"name": "td1_42",
			"from": [8, 0.375, 8],
			"to": [8.125, 0.875, 8.125],
			
			"faces": {
				"north": {"uv": [8.125, 15.125, 8, 15.625], "texture": "#0"},
				"east": {"uv": [8, 15.125, 8.125, 15.625], "texture": "#0"},
				"south": {"uv": [8, 15.125, 8.125, 15.625], "texture": "#0"},
				"west": {"uv": [8, 15.125, 8.125, 15.625], "texture": "#0"},
				"down": {"uv": [8, 15.5, 8.125, 15.625], "texture": "#0"}
			}
		},
		{
			"name": "td2_0",
			"from": [8, 13.25, 7.95],
			"to": [8.125, 14.625, 8.175],
			
			"faces": {
				"north": {"uv": [8.125, 1.375, 8, 2.75], "texture": "#0"},
				"east": {"uv": [8, 1.375, 8.125, 2.75], "texture": "#0"},
				"south": {"uv": [8, 1.375, 8.125, 2.75], "texture": "#0"},
				"west": {"uv": [8, 1.375, 8.125, 2.75], "texture": "#0"},
				"up": {"uv": [8, 1.375, 8.125, 1.5], "texture": "#0"}
			}
		},
		{
			"name": "td2_1",
			"from": [7.25, 14.125, 8],
			"to": [7.5, 14.375, 8.125],
			
			"faces": {
				"north": {"uv": [7.5, 1.625, 7.25, 1.875], "texture": "#0"},
				"east": {"uv": [7.375, 1.625, 7.5, 1.875], "texture": "#0"},
				"south": {"uv": [7.25, 1.625, 7.5, 1.875], "texture": "#0"},
				"west": {"uv": [7.25, 1.625, 7.375, 1.875], "texture": "#0"},
				"up": {"uv": [7.25, 1.625, 7.5, 1.75], "texture": "#0"},
				"down": {"uv": [7.25, 1.75, 7.5, 1.875], "texture": "#0"}
			}
		},
		{
			"name": "td2_2",
			"from": [7.5, 14.25, 8],
			"to": [7.625, 14.375, 8.125],
			
			"faces": {
				"north": {"uv": [7.625, 1.625, 7.5, 1.75], "texture": "#0"},
				"east": {"uv": [7.5, 1.625, 7.625, 1.75], "texture": "#0"},
				"south": {"uv": [7.5, 1.625, 7.625, 1.75], "texture": "#0"},
				"up": {"uv": [7.5, 1.625, 7.625, 1.75], "texture": "#0"},
				"down": {"uv": [7.5, 1.625, 7.625, 1.75], "texture": "#0"}
			}
		},
		{
			"name": "td2_3",
			"from": [7, 14, 8],
			"to": [7.25, 14.25, 8.125],
			
			"faces": {
				"north": {"uv": [7.25, 1.75, 7, 2], "texture": "#0"},
				"south": {"uv": [7, 1.75, 7.25, 2], "texture": "#0"},
				"west": {"uv": [7, 1.75, 7.125, 2], "texture": "#0"},
				"up": {"uv": [7, 1.75, 7.25, 1.875], "texture": "#0"}
			}
		},
		{
			"name": "td2_4",
			"from": [6.875, 13.75, 8],
			"to": [7, 14.125, 8.125],
			
			"faces": {
				"north": {"uv": [7, 1.875, 6.875, 2.25], "texture": "#0"},
				"south": {"uv": [6.875, 1.875, 7, 2.25], "texture": "#0"},
				"west": {"uv": [6.875, 1.875, 7, 2.25], "texture": "#0"},
				"up": {"uv": [6.875, 1.875, 7, 2], "texture": "#0"}
			}
		},
		{
			"name": "td2_5",
			"from": [6.75, 13.625, 8],
			"to": [6.875, 14, 8.125],
			
			"faces": {
				"north": {"uv": [6.875, 2, 6.75, 2.375], "texture": "#0"},
				"south": {"uv": [6.75, 2, 6.875, 2.375], "texture": "#0"},
				"west": {"uv": [6.75, 2, 6.875, 2.375], "texture": "#0"},
				"up": {"uv": [6.75, 2, 6.875, 2.125], "texture": "#0"}
			}
		},
		{
			"name": "td2_6",
			"from": [7, 13.875, 8],
			"to": [7.125, 14, 8.125],
			
			"faces": {
				"north": {"uv": [7.125, 2, 7, 2.125], "texture": "#0"},
				"south": {"uv": [7, 2, 7.125, 2.125], "texture": "#0"}
			}
		},
		{
			"name": "td2_7",
			"from": [6.625, 13.5, 8],
			"to": [6.75, 13.875, 8.125],
			
			"faces": {
				"north": {"uv": [6.75, 2.125, 6.625, 2.5], "texture": "#0"},
				"south": {"uv": [6.625, 2.125, 6.75, 2.5], "texture": "#0"},
				"west": {"uv": [6.625, 2.125, 6.75, 2.5], "texture": "#0"},
				"up": {"uv": [6.625, 2.125, 6.75, 2.25], "texture": "#0"}
			}
		},
		{
			"name": "td2_8",
			"from": [7.875, 13.25, 7.95],
			"to": [8, 13.875, 8.175],
			
			"faces": {
				"north": {"uv": [8, 2.125, 7.875, 2.75], "texture": "#0"},
				"south": {"uv": [7.875, 2.125, 8, 2.75], "texture": "#0"},
				"west": {"uv": [7.875, 2.125, 8, 2.75], "texture": "#0"},
				"up": {"uv": [7.875, 2.125, 8, 2.25], "texture": "#0"}
			}
		},
		{
			"name": "td2_9",
			"from": [8.125, 13.25, 7.95],
			"to": [8.25, 13.875, 8.175],
			
			"faces": {
				"north": {"uv": [8.25, 2.125, 8.125, 2.75], "texture": "#0"},
				"east": {"uv": [8.125, 2.125, 8.25, 2.75], "texture": "#0"},
				"south": {"uv": [8.125, 2.125, 8.25, 2.75], "texture": "#0"},
				"up": {"uv": [8.125, 2.125, 8.25, 2.25], "texture": "#0"}
			}
		},
		{
			"name": "td2_10",
			"from": [6.5, 13.25, 8],
			"to": [6.625, 13.75, 8.125],
			
			"faces": {
				"north": {"uv": [6.625, 2.25, 6.5, 2.75], "texture": "#0"},
				"south": {"uv": [6.5, 2.25, 6.625, 2.75], "texture": "#0"},
				"west": {"uv": [6.5, 2.25, 6.625, 2.75], "texture": "#0"},
				"up": {"uv": [6.5, 2.25, 6.625, 2.375], "texture": "#0"}
			}
		},
		{
			"name": "td2_11",
			"from": [6.375, 12.875, 8],
			"to": [6.5, 13.625, 8.125],
			
			"faces": {
				"north": {"uv": [6.5, 2.375, 6.375, 3.125], "texture": "#0"},
				"south": {"uv": [6.375, 2.375, 6.5, 3.125], "texture": "#0"},
				"west": {"uv": [6.375, 2.375, 6.5, 3.125], "texture": "#0"},
				"up": {"uv": [6.375, 2.375, 6.5, 2.5], "texture": "#0"}
			}
		},
		{
			"name": "td2_12",
			"from": [6.25, 11.75, 8],
			"to": [6.375, 13.375, 8.125],
			
			"faces": {
				"north": {"uv": [6.375, 2.625, 6.25, 4.25], "texture": "#0"},
				"south": {"uv": [6.25, 2.625, 6.375, 4.25], "texture": "#0"},
				"west": {"uv": [6.25, 2.625, 6.375, 4.25], "texture": "#0"},
				"up": {"uv": [6.25, 2.625, 6.375, 2.75], "texture": "#0"},
				"down": {"uv": [6.25, 4.125, 6.375, 4.25], "texture": "#0"}
			}
		},
		{
			"name": "td2_13",
			"from": [8.75, 12.875, 8],
			"to": [8.875, 13.25, 8.125],
			
			"faces": {
				"north": {"uv": [8.875, 2.75, 8.75, 3.125], "texture": "#0"},
				"east": {"uv": [8.75, 2.75, 8.875, 3.125], "texture": "#0"},
				"south": {"uv": [8.75, 2.75, 8.875, 3.125], "texture": "#0"},
				"west": {"uv": [8.75, 2.75, 8.875, 3.125], "texture": "#0"},
				"up": {"uv": [8.75, 2.75, 8.875, 2.875], "texture": "#0"}
			}
		},
		{
			"name": "td2_14",
			"from": [8.875, 12.75, 8],
			"to": [9, 13.125, 8.125],
			
			"faces": {
				"north": {"uv": [9, 2.875, 8.875, 3.25], "texture": "#0"},
				"east": {"uv": [8.875, 2.875, 9, 3.25], "texture": "#0"},
				"south": {"uv": [8.875, 2.875, 9, 3.25], "texture": "#0"},
				"up": {"uv": [8.875, 2.875, 9, 3], "texture": "#0"}
			}
		},
		{
			"name": "td2_15",
			"from": [6.125, 11.875, 8],
			"to": [6.25, 13, 8.125],
			
			"faces": {
				"north": {"uv": [6.25, 3, 6.125, 4.125], "texture": "#0"},
				"south": {"uv": [6.125, 3, 6.25, 4.125], "texture": "#0"},
				"west": {"uv": [6.125, 3, 6.25, 4.125], "texture": "#0"},
				"up": {"uv": [6.125, 3, 6.25, 3.125], "texture": "#0"},
				"down": {"uv": [6.125, 4, 6.25, 4.125], "texture": "#0"}
			}
		},
		{
			"name": "td2_16",
			"from": [7.75, 11.75, 7.8],
			"to": [8.375, 13, 8.325],
			
			"faces": {
				"north": {"uv": [8.375, 3, 7.75, 4.25], "texture": "#0"},
				"east": {"uv": [8.25, 3, 8.375, 4.25], "texture": "#0"},
				"south": {"uv": [7.75, 3, 8.375, 4.25], "texture": "#0"},
				"west": {"uv": [7.75, 3, 7.875, 4.25], "texture": "#0"},
				"up": {"uv": [7.75, 3, 8.375, 3.125], "texture": "#0"},
				"down": {"uv": [7.75, 4.125, 8.375, 4.25], "texture": "#0"}
			}
		},
		{
			"name": "td2_17",
			"from": [8.625, 12.625, 8],
			"to": [8.75, 12.875, 8.125],
			
			"faces": {
				"north": {"uv": [8.75, 3.125, 8.625, 3.375], "texture": "#0"},
				"south": {"uv": [8.625, 3.125, 8.75, 3.375], "texture": "#0"},
				"west": {"uv": [8.625, 3.125, 8.75, 3.375], "texture": "#0"},
				"up": {"uv": [8.625, 3.125, 8.75, 3.25], "texture": "#0"}
			}
		},
		{
			"name": "td2_18",
			"from": [9, 12.625, 8],
			"to": [9.125, 12.875, 8.125],
			
			"faces": {
				"north": {"uv": [9.125, 3.125, 9, 3.375], "texture": "#0"},
				"east": {"uv": [9, 3.125, 9.125, 3.375], "texture": "#0"},
				"south": {"uv": [9, 3.125, 9.125, 3.375], "texture": "#0"},
				"up": {"uv": [9, 3.125, 9.125, 3.25], "texture": "#0"}
			}
		},
		{
			"name": "td2_19",
			"from": [8.5, 12.625, 8],
			"to": [8.625, 12.75, 8.125],
			
			"faces": {
				"north": {"uv": [8.625, 3.25, 8.5, 3.375], "texture": "#0"},
				"south": {"uv": [8.5, 3.25, 8.625, 3.375], "texture": "#0"},
				"up": {"uv": [8.5, 3.25, 8.625, 3.375], "texture": "#0"}
			}
		},
		{
			"name": "td2_20",
			"from": [9.125, 12.625, 8],
			"to": [9.25, 12.75, 8.125],
			
			"faces": {
				"north": {"uv": [9.25, 3.25, 9.125, 3.375], "texture": "#0"},
				"east": {"uv": [9.125, 3.25, 9.25, 3.375], "texture": "#0"},
				"south": {"uv": [9.125, 3.25, 9.25, 3.375], "texture": "#0"},
				"up": {"uv": [9.125, 3.25, 9.25, 3.375], "texture": "#0"}
			}
		},
		{
			"name": "td2_21",
			"from": [9.25, 12.375, 8],
			"to": [9.625, 12.625, 8.125],
			
			"faces": {
				"north": {"uv": [9.625, 3.375, 9.25, 3.625], "texture": "#0"},
				"east": {"uv": [9.5, 3.375, 9.625, 3.625], "texture": "#0"},
				"south": {"uv": [9.25, 3.375, 9.625, 3.625], "texture": "#0"},
				"up": {"uv": [9.25, 3.375, 9.625, 3.5], "texture": "#0"},
				"down": {"uv": [9.25, 3.5, 9.625, 3.625], "texture": "#0"}
			}
		},
		{
			"name": "td2_22",
			"from": [9.125, 12.375, 8],
			"to": [9.25, 12.5, 8.125],
			
			"faces": {
				"north": {"uv": [9.25, 3.5, 9.125, 3.625], "texture": "#0"},
				"south": {"uv": [9.125, 3.5, 9.25, 3.625], "texture": "#0"},
				"down": {"uv": [9.125, 3.5, 9.25, 3.625], "texture": "#0"}
			}
		},
		{
			"name": "td2_23",
			"from": [9.625, 12.375, 8],
			"to": [9.875, 12.5, 8.125],
			
			"faces": {
				"north": {"uv": [9.875, 3.5, 9.625, 3.625], "texture": "#0"},
				"east": {"uv": [9.75, 3.5, 9.875, 3.625], "texture": "#0"},
				"south": {"uv": [9.625, 3.5, 9.875, 3.625], "texture": "#0"},
				"up": {"uv": [9.625, 3.5, 9.875, 3.625], "texture": "#0"},
				"down": {"uv": [9.625, 3.5, 9.875, 3.625], "texture": "#0"}
			}
		},
		{
			"name": "td2_24",
			"from": [9, 12.125, 8],
			"to": [9.125, 12.375, 8.125],
			
			"faces": {
				"north": {"uv": [9.125, 3.625, 9, 3.875], "texture": "#0"},
				"east": {"uv": [9, 3.625, 9.125, 3.875], "texture": "#0"},
				"south": {"uv": [9, 3.625, 9.125, 3.875], "texture": "#0"},
				"down": {"uv": [9, 3.75, 9.125, 3.875], "texture": "#0"}
			}
		},
		{
			"name": "td2_25",
			"from": [8.875, 11.875, 8],
			"to": [9, 12.25, 8.125],
			
			"faces": {
				"north": {"uv": [9, 3.75, 8.875, 4.125], "texture": "#0"},
				"east": {"uv": [8.875, 3.75, 9, 4.125], "texture": "#0"},
				"south": {"uv": [8.875, 3.75, 9, 4.125], "texture": "#0"},
				"down": {"uv": [8.875, 4, 9, 4.125], "texture": "#0"}
			}
		},
		{
			"name": "td2_26",
			"from": [6.375, 11.5, 8],
			"to": [6.5, 12, 8.125],
			
			"faces": {
				"north": {"uv": [6.5, 4, 6.375, 4.5], "texture": "#0"},
				"south": {"uv": [6.375, 4, 6.5, 4.5], "texture": "#0"},
				"west": {"uv": [6.375, 4, 6.5, 4.5], "texture": "#0"},
				"down": {"uv": [6.375, 4.375, 6.5, 4.5], "texture": "#0"}
			}
		},
		{
			"name": "td2_27",
			"from": [8.75, 11.375, 8],
			"to": [8.875, 12, 8.125],
			
			"faces": {
				"north": {"uv": [8.875, 4, 8.75, 4.625], "texture": "#0"},
				"east": {"uv": [8.75, 4, 8.875, 4.625], "texture": "#0"},
				"south": {"uv": [8.75, 4, 8.875, 4.625], "texture": "#0"},
				"west": {"uv": [8.75, 4, 8.875, 4.625], "texture": "#0"},
				"down": {"uv": [8.75, 4.5, 8.875, 4.625], "texture": "#0"}
			}
		},
		{
			"name": "td2_28",
			"from": [6.5, 11.25, 8],
			"to": [6.625, 11.75, 8.125],
			
			"faces": {
				"north": {"uv": [6.625, 4.25, 6.5, 4.75], "texture": "#0"},
				"south": {"uv": [6.5, 4.25, 6.625, 4.75], "texture": "#0"},
				"west": {"uv": [6.5, 4.25, 6.625, 4.75], "texture": "#0"},
				"down": {"uv": [6.5, 4.625, 6.625, 4.75], "texture": "#0"}
			}
		},
		{
			"name": "td2_29",
			"from": [6.625, 11.25, 8],
			"to": [6.75, 11.625, 8.125],
			
			"faces": {
				"north": {"uv": [6.75, 4.375, 6.625, 4.75], "texture": "#0"},
				"south": {"uv": [6.625, 4.375, 6.75, 4.75], "texture": "#0"},
				"down": {"uv": [6.625, 4.625, 6.75, 4.75], "texture": "#0"}
			}
		},
		{
			"name": "td2_30",
			"from": [6.75, 10.75, 8],
			"to": [6.875, 11.5, 8.125],
			
			"faces": {
				"north": {"uv": [6.875, 4.5, 6.75, 5.25], "texture": "#0"},
				"south": {"uv": [6.75, 4.5, 6.875, 5.25], "texture": "#0"},
				"west": {"uv": [6.75, 4.5, 6.875, 5.25], "texture": "#0"},
				"down": {"uv": [6.75, 5.125, 6.875, 5.25], "texture": "#0"}
			}
		},
		{
			"name": "td2_31",
			"from": [6.875, 10, 8],
			"to": [7, 11.375, 8.125],
			
			"faces": {
				"north": {"uv": [7, 4.625, 6.875, 6], "texture": "#0"},
				"south": {"uv": [6.875, 4.625, 7, 6], "texture": "#0"},
				"west": {"uv": [6.875, 4.625, 7, 6], "texture": "#0"}
			}
		},
		{
			"name": "td2_32",
			"from": [7, 10.25, 8],
			"to": [7.125, 11, 8.125],
			
			"faces": {
				"north": {"uv": [7.125, 5, 7, 5.75], "texture": "#0"},
				"south": {"uv": [7, 5, 7.125, 5.75], "texture": "#0"}
			}
		},
		{
			"name": "td2_33",
			"from": [7.875, 10.125, 7.9],
			"to": [8.25, 10.375, 8.225],
			
			"faces": {
				"north": {"uv": [8.25, 5.625, 7.875, 5.875], "texture": "#0"},
				"east": {"uv": [8.125, 5.625, 8.25, 5.875], "texture": "#0"},
				"south": {"uv": [7.875, 5.625, 8.25, 5.875], "texture": "#0"},
				"west": {"uv": [7.875, 5.625, 8, 5.875], "texture": "#0"}
			}
		},
		{
			"name": "td2_34",
			"from": [6.75, 9.875, 8],
			"to": [6.875, 10.25, 8.125],
			
			"faces": {
				"north": {"uv": [6.875, 5.75, 6.75, 6.125], "texture": "#0"},
				"south": {"uv": [6.75, 5.75, 6.875, 6.125], "texture": "#0"},
				"west": {"uv": [6.75, 5.75, 6.875, 6.125], "texture": "#0"},
				"up": {"uv": [6.75, 5.75, 6.875, 5.875], "texture": "#0"}
			}
		},
		{
			"name": "td2_35",
			"from": [6.625, 9.75, 8],
			"to": [6.75, 10, 8.125],
			
			"faces": {
				"north": {"uv": [6.75, 6, 6.625, 6.25], "texture": "#0"},
				"south": {"uv": [6.625, 6, 6.75, 6.25], "texture": "#0"},
				"west": {"uv": [6.625, 6, 6.75, 6.25], "texture": "#0"},
				"up": {"uv": [6.625, 6, 6.75, 6.125], "texture": "#0"}
			}
		},
		{
			"name": "td2_36",
			"from": [6.5, 9.625, 8],
			"to": [6.625, 9.875, 8.125],
			
			"faces": {
				"north": {"uv": [6.625, 6.125, 6.5, 6.375], "texture": "#0"},
				"south": {"uv": [6.5, 6.125, 6.625, 6.375], "texture": "#0"},
				"west": {"uv": [6.5, 6.125, 6.625, 6.375], "texture": "#0"},
				"up": {"uv": [6.5, 6.125, 6.625, 6.25], "texture": "#0"},
				"down": {"uv": [6.5, 6.25, 6.625, 6.375], "texture": "#0"}
			}
		},
		{
			"name": "td2_37",
			"from": [7.875, 3.75, 7.9],
			"to": [8.25, 9.875, 8.225],
			
			"faces": {
				"north": {"uv": [8.25, 6.125, 7.875, 12.25], "texture": "#0"},
				"east": {"uv": [8.125, 6.125, 8.25, 12.25], "texture": "#0"},
				"south": {"uv": [7.875, 6.125, 8.25, 12.25], "texture": "#0"},
				"west": {"uv": [7.875, 6.125, 8, 12.25], "texture": "#0"}
			}
		},
		{
			"name": "td2_38",
			"from": [6.375, 9.625, 8],
			"to": [6.5, 9.75, 8.125],
			
			"faces": {
				"north": {"uv": [6.5, 6.25, 6.375, 6.375], "texture": "#0"},
				"south": {"uv": [6.375, 6.25, 6.5, 6.375], "texture": "#0"},
				"west": {"uv": [6.375, 6.25, 6.5, 6.375], "texture": "#0"},
				"up": {"uv": [6.375, 6.25, 6.5, 6.375], "texture": "#0"},
				"down": {"uv": [6.375, 6.25, 6.5, 6.375], "texture": "#0"}
			}
		},
		{
			"name": "td2_39",
			"from": [7.875, 1.75, 7.9],
			"to": [8.25, 3.5, 8.225],
			
			"faces": {
				"north": {"uv": [8.25, 12.5, 7.875, 14.25], "texture": "#0"},
				"east": {"uv": [8.125, 12.5, 8.25, 14.25], "texture": "#0"},
				"south": {"uv": [7.875, 12.5, 8.25, 14.25], "texture": "#0"},
				"west": {"uv": [7.875, 12.5, 8, 14.25], "texture": "#0"}
			}
		},
		{
			"name": "td2_40",
			"from": [7.875, 1.25, 7.95],
			"to": [8.25, 1.5, 8.175],
			
			"faces": {
				"north": {"uv": [8.25, 14.5, 7.875, 14.75], "texture": "#0"},
				"east": {"uv": [8.125, 14.5, 8.25, 14.75], "texture": "#0"},
				"south": {"uv": [7.875, 14.5, 8.25, 14.75], "texture": "#0"},
				"west": {"uv": [7.875, 14.5, 8, 14.75], "texture": "#0"},
				"down": {"uv": [7.875, 14.625, 8.25, 14.75], "texture": "#0"}
			}
		},
		{
			"name": "td2_41",
			"from": [8, 0.875, 7.95],
			"to": [8.125, 1.25, 8.175],
			
			"faces": {
				"north": {"uv": [8.125, 14.75, 8, 15.125], "texture": "#0"},
				"east": {"uv": [8, 14.75, 8.125, 15.125], "texture": "#0"},
				"south": {"uv": [8, 14.75, 8.125, 15.125], "texture": "#0"},
				"west": {"uv": [8, 14.75, 8.125, 15.125], "texture": "#0"},
				"down": {"uv": [8, 15, 8.125, 15.125], "texture": "#0"}
			}
		},
		{
			"name": "td3_0",
			"from": [7.875, 13, 7.9],
			"to": [8.25, 13.25, 8.225],
			
			"faces": {
				"north": {"uv": [8.25, 2.75, 7.875, 3], "texture": "#0"},
				"east": {"uv": [8.125, 2.75, 8.25, 3], "texture": "#0"},
				"south": {"uv": [7.875, 2.75, 8.25, 3], "texture": "#0"},
				"west": {"uv": [7.875, 2.75, 8, 3], "texture": "#0"},
				"up": {"uv": [7.875, 2.75, 8.25, 2.875], "texture": "#0"}
			}
		},
		{
			"name": "td3_1",
			"from": [7.875, 11.625, 7.85],
			"to": [8.25, 11.75, 8.275],
			
			"faces": {
				"north": {"uv": [8.25, 4.25, 7.875, 4.375], "texture": "#0"},
				"east": {"uv": [8.125, 4.25, 8.25, 4.375], "texture": "#0"},
				"south": {"uv": [7.875, 4.25, 8.25, 4.375], "texture": "#0"},
				"west": {"uv": [7.875, 4.25, 8, 4.375], "texture": "#0"},
				"down": {"uv": [7.875, 4.25, 8.25, 4.375], "texture": "#0"}
			}
		},
		{
			"name": "td3_2",
			"from": [8, 11.5, 7.85],
			"to": [8.375, 11.625, 8.275],
			
			"faces": {
				"north": {"uv": [8.375, 4.375, 8, 4.5], "texture": "#0"},
				"east": {"uv": [8.25, 4.375, 8.375, 4.5], "texture": "#0"},
				"south": {"uv": [8, 4.375, 8.375, 4.5], "texture": "#0"},
				"west": {"uv": [8, 4.375, 8.125, 4.5], "texture": "#0"},
				"up": {"uv": [8, 4.375, 8.375, 4.5], "texture": "#0"},
				"down": {"uv": [8, 4.375, 8.375, 4.5], "texture": "#0"}
			}
		},
		{
			"name": "td3_3",
			"from": [8.125, 11.375, 7.85],
			"to": [8.5, 11.5, 8.275],
			
			"faces": {
				"north": {"uv": [8.5, 4.5, 8.125, 4.625], "texture": "#0"},
				"east": {"uv": [8.375, 4.5, 8.5, 4.625], "texture": "#0"},
				"south": {"uv": [8.125, 4.5, 8.5, 4.625], "texture": "#0"},
				"west": {"uv": [8.125, 4.5, 8.25, 4.625], "texture": "#0"},
				"up": {"uv": [8.125, 4.5, 8.5, 4.625], "texture": "#0"},
				"down": {"uv": [8.125, 4.5, 8.5, 4.625], "texture": "#0"}
			}
		},
		{
			"name": "td3_4",
			"from": [8.25, 11.25, 7.85],
			"to": [8.625, 11.375, 8.275],
			
			"faces": {
				"north": {"uv": [8.625, 4.625, 8.25, 4.75], "texture": "#0"},
				"east": {"uv": [8.5, 4.625, 8.625, 4.75], "texture": "#0"},
				"south": {"uv": [8.25, 4.625, 8.625, 4.75], "texture": "#0"},
				"west": {"uv": [8.25, 4.625, 8.375, 4.75], "texture": "#0"},
				"up": {"uv": [8.25, 4.625, 8.625, 4.75], "texture": "#0"},
				"down": {"uv": [8.25, 4.625, 8.625, 4.75], "texture": "#0"}
			}
		},
		{
			"name": "td3_5",
			"from": [8.375, 11, 7.85],
			"to": [8.625, 11.25, 8.275],
			
			"faces": {
				"north": {"uv": [8.625, 4.75, 8.375, 5], "texture": "#0"},
				"east": {"uv": [8.5, 4.75, 8.625, 5], "texture": "#0"},
				"south": {"uv": [8.375, 4.75, 8.625, 5], "texture": "#0"},
				"west": {"uv": [8.375, 4.75, 8.5, 5], "texture": "#0"},
				"down": {"uv": [8.375, 4.875, 8.625, 5], "texture": "#0"}
			}
		},
		{
			"name": "td3_6",
			"from": [8.625, 11.125, 7.85],
			"to": [8.75, 11.25, 8.275],
			
			"faces": {
				"north": {"uv": [8.75, 4.75, 8.625, 4.875], "texture": "#0"},
				"east": {"uv": [8.625, 4.75, 8.75, 4.875], "texture": "#0"},
				"south": {"uv": [8.625, 4.75, 8.75, 4.875], "texture": "#0"},
				"up": {"uv": [8.625, 4.75, 8.75, 4.875], "texture": "#0"},
				"down": {"uv": [8.625, 4.75, 8.75, 4.875], "texture": "#0"}
			}
		},
		{
			"name": "td3_7",
			"from": [8.25, 10.75, 7.85],
			"to": [8.375, 11.125, 8.275],
			
			"faces": {
				"north": {"uv": [8.375, 4.875, 8.25, 5.25], "texture": "#0"},
				"east": {"uv": [8.25, 4.875, 8.375, 5.25], "texture": "#0"},
				"south": {"uv": [8.25, 4.875, 8.375, 5.25], "texture": "#0"},
				"west": {"uv": [8.25, 4.875, 8.375, 5.25], "texture": "#0"},
				"up": {"uv": [8.25, 4.875, 8.375, 5], "texture": "#0"},
				"down": {"uv": [8.25, 5.125, 8.375, 5.25], "texture": "#0"}
			}
		},
		{
			"name": "td3_8",
			"from": [8.125, 10.625, 7.85],
			"to": [8.25, 11, 8.275],
			
			"faces": {
				"north": {"uv": [8.25, 5, 8.125, 5.375], "texture": "#0"},
				"east": {"uv": [8.125, 5, 8.25, 5.375], "texture": "#0"},
				"south": {"uv": [8.125, 5, 8.25, 5.375], "texture": "#0"},
				"west": {"uv": [8.125, 5, 8.25, 5.375], "texture": "#0"},
				"up": {"uv": [8.125, 5, 8.25, 5.125], "texture": "#0"}
			}
		},
		{
			"name": "td3_9",
			"from": [8.375, 10.875, 7.85],
			"to": [8.5, 11, 8.275],
			
			"faces": {
				"north": {"uv": [8.5, 5, 8.375, 5.125], "texture": "#0"},
				"east": {"uv": [8.375, 5, 8.5, 5.125], "texture": "#0"},
				"south": {"uv": [8.375, 5, 8.5, 5.125], "texture": "#0"},
				"down": {"uv": [8.375, 5, 8.5, 5.125], "texture": "#0"}
			}
		},
		{
			"name": "td3_10",
			"from": [8, 10.625, 7.85],
			"to": [8.125, 10.875, 8.275],
			
			"faces": {
				"north": {"uv": [8.125, 5.125, 8, 5.375], "texture": "#0"},
				"south": {"uv": [8, 5.125, 8.125, 5.375], "texture": "#0"},
				"west": {"uv": [8, 5.125, 8.125, 5.375], "texture": "#0"},
				"up": {"uv": [8, 5.125, 8.125, 5.25], "texture": "#0"}
			}
		},
		{
			"name": "td3_11",
			"from": [7.875, 10.625, 7.85],
			"to": [8, 10.75, 8.275],
			
			"faces": {
				"north": {"uv": [8, 5.25, 7.875, 5.375], "texture": "#0"},
				"south": {"uv": [7.875, 5.25, 8, 5.375], "texture": "#0"},
				"west": {"uv": [7.875, 5.25, 8, 5.375], "texture": "#0"},
				"up": {"uv": [7.875, 5.25, 8, 5.375], "texture": "#0"}
			}
		}
	],
	"gui_light": "front",
	"display": {
		"thirdperson_righthand": {
			"rotation": [0, -90, 0],
			"translation": [-0.25, 3.75, 1],
			"scale": [3.3, 3.3, 3.2]
		},
		"thirdperson_lefthand": {
			"rotation": [0, 90, 0],
			"translation": [-0.25, 3.75, 1],
			"scale": [3.3, 3.3, 3.2]
		},
		"firstperson_righthand": {
			"rotation": [8, -90, 0],
			"translation": [0, 4.5, 1.5],
			"scale": [1.8, 1.8, 1.8]
		},
		"firstperson_lefthand": {
			"rotation": [8, 90, 0],
			"translation": [0, 4.5, 1.5],
			"scale": [1.8, 1.8, 1.8]
		},
		"ground": {
			"translation": [0, 7, 0],
			"scale": [2, 2, 2]
		},
		"gui": {
			"rotation": [0, 0, -43],
			"translation": [-0.25, 0, 0],
			"scale": [1.5, 1.5, 1.6]
		},
		"head": {
			"rotation": [0, 0, 34],
			"translation": [-1.5, -16.75, 3.75],
			"scale": [4, 4, 4]
		},
		"fixed": {
			"rotation": [0, -180, -42],
			"translation": [-3.5, 3.25, -0.5],
			"scale": [3.8, 3.8, 3.4]
		}
	},
	"groups": [
		0,
		1,
		{
			"name": "td1",
			"origin": [8, 8, 8],
			"color": 0,
			"children": [2, 3, 4, 5, 6, 7, 8, 9, 10, 11, 12, 13, 14, 15, 16, 17, 18, 19, 20, 21, 22, 23, 24, 25, 26, 27, 28, 29, 30, 31, 32, 33, 34, 35, 36, 37, 38, 39, 40, 41, 42, 43, 44]
		},
		{
			"name": "td2",
			"origin": [8, 8, 8],
			"color": 0,
			"children": [45, 46, 47, 48, 49, 50, 51, 52, 53, 54, 55, 56, 57, 58, 59, 60, 61, 62, 63, 64, 65, 66, 67, 68, 69, 70, 71, 72, 73, 74, 75, 76, 77, 78, 79, 80, 81, 82, 83, 84, 85, 86]
		},
		{
			"name": "td3",
			"origin": [8, 8, 8],
			"color": 0,
			"children": [87, 88, 89, 90, 91, 92, 93, 94, 95, 96, 97, 98]
		}
	]
}