{
	"format_version": "1.21.11",
	"credit": "Made with Blockbench",
	"textures": {
		"0": "item/yoru",
		"particle": "item/yoru"
	},
	"elements": [
		{
			"name": "yoru_0",
			"from": [8.75, 15.125, 8],
			"to": [8.875, 15.5, 8.125],
			"faces": {
				"north": {"uv": [8.875, 0.5, 8.75, 0.875], "texture": "#0"},
				"east": {"uv": [8.75, 0.5, 8.875, 0.875], "texture": "#0"},
				"south": {"uv": [8.75, 0.5, 8.875, 0.875], "texture": "#0"},
				"west": {"uv": [8.75, 0.5, 8.875, 0.875], "texture": "#0"},
				"up": {"uv": [8.75, 0.5, 8.875, 0.625], "texture": "#0"},
				"down": {"uv": [8.75, 0.75, 8.875, 0.875], "texture": "#0"}
			}
		},
		{
			"name": "yoru_1",
			"from": [8.625, 15, 8],
			"to": [8.75, 15.375, 8.125],
			"faces": {
				"north": {"uv": [8.75, 0.625, 8.625, 1], "texture": "#0"},
				"east": {"uv": [8.625, 0.625, 8.75, 1], "texture": "#0"},
				"south": {"uv": [8.625, 0.625, 8.75, 1], "texture": "#0"},
				"west": {"uv": [8.625, 0.625, 8.75, 1], "texture": "#0"},
				"up": {"uv": [8.625, 0.625, 8.75, 0.75], "texture": "#0"},
				"down": {"uv": [8.625, 0.875, 8.75, 1], "texture": "#0"}
			}
		},
		{
			"name": "yoru_2",
			"from": [8.5, 14.75, 8],
			"to": [8.625, 15.25, 8.125],
			"faces": {
				"north": {"uv": [8.625, 0.75, 8.5, 1.25], "texture": "#0"},
				"east": {"uv": [8.5, 0.75, 8.625, 1.25], "texture": "#0"},
				"south": {"uv": [8.5, 0.75, 8.625, 1.25], "texture": "#0"},
				"west": {"uv": [8.5, 0.75, 8.625, 1.25], "texture": "#0"},
				"up": {"uv": [8.5, 0.75, 8.625, 0.875], "texture": "#0"},
				"down": {"uv": [8.5, 1.125, 8.625, 1.25], "texture": "#0"}
			}
		},
		{
			"name": "yoru_3",
			"from": [8.75, 15, 7.95],
			"to": [8.875, 15.125, 8.175],
			"faces": {
				"north": {"uv": [7.125, 0.875, 7, 1], "texture": "#0"},
				"east": {"uv": [7, 0.875, 7.125, 1], "texture": "#0"},
				"south": {"uv": [7, 0.875, 7.125, 1], "texture": "#0"},
				"west": {"uv": [7, 0.875, 7.125, 1], "texture": "#0"},
				"up": {"uv": [7, 0.875, 7.125, 1], "texture": "#0"},
				"down": {"uv": [7, 0.875, 7.125, 1], "texture": "#0"}
			}
		},
		{
			"name": "yoru_4",
			"from": [8.375, 14.5, 8],
			"to": [8.5, 15.125, 8.125],
			"faces": {
				"north": {"uv": [8.5, 0.875, 8.375, 1.5], "texture": "#0"},
				"east": {"uv": [8.375, 0.875, 8.5, 1.5], "texture": "#0"},
				"south": {"uv": [8.375, 0.875, 8.5, 1.5], "texture": "#0"},
				"west": {"uv": [8.375, 0.875, 8.5, 1.5], "texture": "#0"},
				"up": {"uv": [8.375, 0.875, 8.5, 1], "texture": "#0"},
				"down": {"uv": [8.375, 1.375, 8.5, 1.5], "texture": "#0"}
			}
		},
		{
			"name": "yoru_5",
			"from": [8.625, 14.5, 7.95],
			"to": [8.75, 15, 8.175],
			"faces": {
				"north": {"uv": [7, 1, 6.875, 1.5], "texture": "#0"},
				"east": {"uv": [6.875, 1, 7, 1.5], "texture": "#0"},
				"south": {"uv": [6.875, 1, 7, 1.5], "texture": "#0"},
				"west": {"uv": [6.875, 1, 7, 1.5], "texture": "#0"},
				"up": {"uv": [6.875, 1, 7, 1.125], "texture": "#0"},
				"down": {"uv": [6.875, 1.375, 7, 1.5], "texture": "#0"}
			}
		},
		{
			"name": "yoru_6",
			"from": [8.25, 14.25, 8],
			"to": [8.375, 14.875, 8.125],
			"faces": {
				"north": {"uv": [8.375, 1.125, 8.25, 1.75], "texture": "#0"},
				"east": {"uv": [8.25, 1.125, 8.375, 1.75], "texture": "#0"},
				"south": {"uv": [8.25, 1.125, 8.375, 1.75], "texture": "#0"},
				"west": {"uv": [8.25, 1.125, 8.375, 1.75], "texture": "#0"},
				"up": {"uv": [8.25, 1.125, 8.375, 1.25], "texture": "#0"},
				"down": {"uv": [8.25, 1.625, 8.375, 1.75], "texture": "#0"}
			}
		},
		{
			"name": "yoru_7",
			"from": [8.5, 13.5, 7.95],
			"to": [8.625, 14.75, 8.175],
			"faces": {
				"north": {"uv": [6.875, 1.25, 6.75, 2.5], "texture": "#0"},
				"east": {"uv": [6.75, 1.25, 6.875, 2.5], "texture": "#0"},
				"south": {"uv": [6.75, 1.25, 6.875, 2.5], "texture": "#0"},
				"west": {"uv": [6.75, 1.25, 6.875, 2.5], "texture": "#0"},
				"up": {"uv": [6.75, 1.25, 6.875, 1.375], "texture": "#0"},
				"down": {"uv": [6.75, 2.375, 6.875, 2.5], "texture": "#0"}
			}
		},
		{
			"name": "yoru_8",
			"from": [8.125, 13.5, 8],
			"to": [8.25, 14.625, 8.125],
			"faces": {
				"north": {"uv": [8.25, 1.375, 8.125, 2.5], "texture": "#0"},
				"east": {"uv": [8.125, 1.375, 8.25, 2.5], "texture": "#0"},
				"south": {"uv": [8.125, 1.375, 8.25, 2.5], "texture": "#0"},
				"west": {"uv": [8.125, 1.375, 8.25, 2.5], "texture": "#0"},
				"up": {"uv": [8.125, 1.375, 8.25, 1.5], "texture": "#0"},
				"down": {"uv": [8.125, 2.375, 8.25, 2.5], "texture": "#0"}
			}
		},
		{
			"name": "yoru_9",
			"from": [8.375, 13, 7.95],
			"to": [8.5, 14.5, 8.175],
			"faces": {
				"north": {"uv": [6.75, 1.5, 6.625, 3], "texture": "#0"},
				"east": {"uv": [6.625, 1.5, 6.75, 3], "texture": "#0"},
				"south": {"uv": [6.625, 1.5, 6.75, 3], "texture": "#0"},
				"west": {"uv": [6.625, 1.5, 6.75, 3], "texture": "#0"},
				"up": {"uv": [6.625, 1.5, 6.75, 1.625], "texture": "#0"},
				"down": {"uv": [6.625, 2.875, 6.75, 3], "texture": "#0"}
			}
		},
		{
			"name": "yoru_10",
			"from": [8, 13.25, 8],
			"to": [8.125, 14.375, 8.125],
			"faces": {
				"north": {"uv": [8.125, 1.625, 8, 2.75], "texture": "#0"},
				"east": {"uv": [8, 1.625, 8.125, 2.75], "texture": "#0"},
				"south": {"uv": [8, 1.625, 8.125, 2.75], "texture": "#0"},
				"west": {"uv": [8, 1.625, 8.125, 2.75], "texture": "#0"},
				"up": {"uv": [8, 1.625, 8.125, 1.75], "texture": "#0"},
				"down": {"uv": [8, 2.625, 8.125, 2.75], "texture": "#0"}
			}
		},
		{
			"name": "yoru_11",
			"from": [8.25, 12.125, 7.95],
			"to": [8.375, 14.25, 8.175],
			"faces": {
				"north": {"uv": [6.625, 1.75, 6.5, 3.875], "texture": "#0"},
				"east": {"uv": [6.5, 1.75, 6.625, 3.875], "texture": "#0"},
				"south": {"uv": [6.5, 1.75, 6.625, 3.875], "texture": "#0"},
				"west": {"uv": [6.5, 1.75, 6.625, 3.875], "texture": "#0"},
				"up": {"uv": [6.5, 1.75, 6.625, 1.875], "texture": "#0"},
				"down": {"uv": [6.5, 3.75, 6.625, 3.875], "texture": "#0"}
			}
		},
		{
			"name": "yoru_12",
			"from": [7.875, 12.125, 8],
			"to": [8, 14, 8.125],
			"faces": {
				"north": {"uv": [8, 2, 7.875, 3.875], "texture": "#0"},
				"east": {"uv": [7.875, 2, 8, 3.875], "texture": "#0"},
				"south": {"uv": [7.875, 2, 8, 3.875], "texture": "#0"},
				"west": {"uv": [7.875, 2, 8, 3.875], "texture": "#0"},
				"up": {"uv": [7.875, 2, 8, 2.125], "texture": "#0"},
				"down": {"uv": [7.875, 3.75, 8, 3.875], "texture": "#0"}
			}
		},
		{
			"name": "yoru_13",
			"from": [8.125, 9.5, 7.95],
			"to": [8.25, 13.5, 8.175],
			"faces": {
				"north": {"uv": [6.5, 2.5, 6.375, 6.5], "texture": "#0"},
				"east": {"uv": [6.375, 2.5, 6.5, 6.5], "texture": "#0"},
				"south": {"uv": [6.375, 2.5, 6.5, 6.5], "texture": "#0"},
				"west": {"uv": [6.375, 2.5, 6.5, 6.5], "texture": "#0"},
				"up": {"uv": [6.375, 2.5, 6.5, 2.625], "texture": "#0"},
				"down": {"uv": [6.375, 6.375, 6.5, 6.5], "texture": "#0"}
			}
		},
		{
			"name": "yoru_14",
			"from": [7.75, 9.5, 8],
			"to": [7.875, 13.5, 8.125],
			"faces": {
				"north": {"uv": [7.875, 2.5, 7.75, 6.5], "texture": "#0"},
				"east": {"uv": [7.75, 2.5, 7.875, 6.5], "texture": "#0"},
				"south": {"uv": [7.75, 2.5, 7.875, 6.5], "texture": "#0"},
				"west": {"uv": [7.75, 2.5, 7.875, 6.5], "texture": "#0"},
				"up": {"uv": [7.75, 2.5, 7.875, 2.625], "texture": "#0"},
				"down": {"uv": [7.75, 6.375, 7.875, 6.5], "texture": "#0"}
			}
		},
		{
			"name": "yoru_15",
			"from": [8, 4.875, 7.95],
			"to": [8.125, 13.25, 8.175],
			"faces": {
				"north": {"uv": [6.375, 2.75, 6.25, 11.125], "texture": "#0"},
				"east": {"uv": [6.25, 2.75, 6.375, 11.125], "texture": "#0"},
				"south": {"uv": [6.25, 2.75, 6.375, 11.125], "texture": "#0"},
				"west": {"uv": [6.25, 2.75, 6.375, 11.125], "texture": "#0"},
				"up": {"uv": [6.25, 2.75, 6.375, 2.875], "texture": "#0"},
				"down": {"uv": [6.25, 11, 6.375, 11.125], "texture": "#0"}
			}
		},
		{
			"name": "yoru_16",
			"from": [7.625, 7.375, 8],
			"to": [7.75, 13, 8.125],
			"faces": {
				"north": {"uv": [7.75, 3, 7.625, 8.625], "texture": "#0"},
				"east": {"uv": [7.625, 3, 7.75, 8.625], "texture": "#0"},
				"south": {"uv": [7.625, 3, 7.75, 8.625], "texture": "#0"},
				"west": {"uv": [7.625, 3, 7.75, 8.625], "texture": "#0"},
				"up": {"uv": [7.625, 3, 7.75, 3.125], "texture": "#0"},
				"down": {"uv": [7.625, 8.5, 7.75, 8.625], "texture": "#0"}
			}
		},
		{
			"name": "yoru_17",
			"from": [7.5, 7.375, 8],
			"to": [7.625, 12.375, 8.125],
			"faces": {
				"north": {"uv": [7.625, 3.625, 7.5, 8.625], "texture": "#0"},
				"east": {"uv": [7.5, 3.625, 7.625, 8.625], "texture": "#0"},
				"south": {"uv": [7.5, 3.625, 7.625, 8.625], "texture": "#0"},
				"west": {"uv": [7.5, 3.625, 7.625, 8.625], "texture": "#0"},
				"up": {"uv": [7.5, 3.625, 7.625, 3.75], "texture": "#0"},
				"down": {"uv": [7.5, 8.5, 7.625, 8.625], "texture": "#0"}
			}
		},
		{
			"name": "yoru_18",
			"from": [7.875, 7.375, 7.95],
			"to": [8, 12.125, 8.175],
			"faces": {
				"north": {"uv": [6.25, 3.875, 6.125, 8.625], "texture": "#0"},
				"east": {"uv": [6.125, 3.875, 6.25, 8.625], "texture": "#0"},
				"south": {"uv": [6.125, 3.875, 6.25, 8.625], "texture": "#0"},
				"west": {"uv": [6.125, 3.875, 6.25, 8.625], "texture": "#0"},
				"up": {"uv": [6.125, 3.875, 6.25, 4], "texture": "#0"},
				"down": {"uv": [6.125, 8.5, 6.25, 8.625], "texture": "#0"}
			}
		},
		{
			"name": "yoru_19",
			"from": [7.75, 7.375, 7.95],
			"to": [7.875, 9.5, 8.175],
			"faces": {
				"north": {"uv": [6.125, 6.5, 6, 8.625], "texture": "#0"},
				"east": {"uv": [6, 6.5, 6.125, 8.625], "texture": "#0"},
				"south": {"uv": [6, 6.5, 6.125, 8.625], "texture": "#0"},
				"west": {"uv": [6, 6.5, 6.125, 8.625], "texture": "#0"},
				"up": {"uv": [6, 6.5, 6.125, 6.625], "texture": "#0"},
				"down": {"uv": [6, 8.5, 6.125, 8.625], "texture": "#0"}
			}
		},
		{
			"name": "yoru_20",
			"from": [7.375, 4.875, 8],
			"to": [7.5, 9.5, 8.125],
			"faces": {
				"north": {"uv": [7.5, 6.5, 7.375, 11.125], "texture": "#0"},
				"east": {"uv": [7.375, 6.5, 7.5, 11.125], "texture": "#0"},
				"south": {"uv": [7.375, 6.5, 7.5, 11.125], "texture": "#0"},
				"west": {"uv": [7.375, 6.5, 7.5, 11.125], "texture": "#0"},
				"up": {"uv": [7.375, 6.5, 7.5, 6.625], "texture": "#0"},
				"down": {"uv": [7.375, 11, 7.5, 11.125], "texture": "#0"}
			}
		},
		{
			"name": "yoru_21",
			"from": [7.5, 4.875, 7.9],
			"to": [8, 7.375, 8.225],
			"faces": {
				"north": {"uv": [9, 8.625, 8.5, 11.125], "texture": "#0"},
				"east": {"uv": [8.875, 8.625, 9, 11.125], "texture": "#0"},
				"south": {"uv": [8.5, 8.625, 9, 11.125], "texture": "#0"},
				"west": {"uv": [8.5, 8.625, 8.625, 11.125], "texture": "#0"},
				"up": {"uv": [8.5, 8.625, 9, 8.75], "texture": "#0"},
				"down": {"uv": [8.5, 11, 9, 11.125], "texture": "#0"}
			}
		},
		{
			"name": "yoru_22",
			"from": [5.25, 4, 7.9],
			"to": [5.375, 5.25, 8.225],
			"faces": {
				"north": {"uv": [9.375, 10.75, 9.25, 12], "texture": "#0"},
				"east": {"uv": [9.25, 10.75, 9.375, 12], "texture": "#0"},
				"south": {"uv": [9.25, 10.75, 9.375, 12], "texture": "#0"},
				"west": {"uv": [9.25, 10.75, 9.375, 12], "texture": "#0"},
				"up": {"uv": [9.25, 10.75, 9.375, 10.875], "texture": "#0"},
				"down": {"uv": [9.25, 11.875, 9.375, 12], "texture": "#0"}
			}
		},
		{
			"name": "yoru_23",
			"from": [10.125, 4, 7.9],
			"to": [10.25, 5.25, 8.225],
			"faces": {
				"north": {"uv": [14.25, 10.75, 14.125, 12], "texture": "#0"},
				"east": {"uv": [14.125, 10.75, 14.25, 12], "texture": "#0"},
				"south": {"uv": [14.125, 10.75, 14.25, 12], "texture": "#0"},
				"west": {"uv": [14.125, 10.75, 14.25, 12], "texture": "#0"},
				"up": {"uv": [14.125, 10.75, 14.25, 10.875], "texture": "#0"},
				"down": {"uv": [14.125, 11.875, 14.25, 12], "texture": "#0"}
			}
		},
		{
			"name": "yoru_24",
			"from": [5.125, 4.75, 7.9],
			"to": [5.25, 5.125, 8.225],
			"faces": {
				"north": {"uv": [9.25, 10.875, 9.125, 11.25], "texture": "#0"},
				"east": {"uv": [9.125, 10.875, 9.25, 11.25], "texture": "#0"},
				"south": {"uv": [9.125, 10.875, 9.25, 11.25], "texture": "#0"},
				"west": {"uv": [9.125, 10.875, 9.25, 11.25], "texture": "#0"},
				"up": {"uv": [9.125, 10.875, 9.25, 11], "texture": "#0"},
				"down": {"uv": [9.125, 11.125, 9.25, 11.25], "texture": "#0"}
			}
		},
		{
			"name": "yoru_25",
			"from": [5.375, 4.125, 7.9],
			"to": [5.5, 5.125, 8.225],
			"faces": {
				"north": {"uv": [9.5, 10.875, 9.375, 11.875], "texture": "#0"},
				"east": {"uv": [9.375, 10.875, 9.5, 11.875], "texture": "#0"},
				"south": {"uv": [9.375, 10.875, 9.5, 11.875], "texture": "#0"},
				"west": {"uv": [9.375, 10.875, 9.5, 11.875], "texture": "#0"},
				"up": {"uv": [9.375, 10.875, 9.5, 11], "texture": "#0"},
				"down": {"uv": [9.375, 11.75, 9.5, 11.875], "texture": "#0"}
			}
		},
		{
			"name": "yoru_26",
			"from": [10, 4.125, 7.9],
			"to": [10.125, 5.125, 8.225],
			"faces": {
				"north": {"uv": [14.125, 10.875, 14, 11.875], "texture": "#0"},
				"east": {"uv": [14, 10.875, 14.125, 11.875], "texture": "#0"},
				"south": {"uv": [14, 10.875, 14.125, 11.875], "texture": "#0"},
				"west": {"uv": [14, 10.875, 14.125, 11.875], "texture": "#0"},
				"up": {"uv": [14, 10.875, 14.125, 11], "texture": "#0"},
				"down": {"uv": [14, 11.75, 14.125, 11.875], "texture": "#0"}
			}
		},
		{
			"name": "yoru_27",
			"from": [10.25, 4.75, 7.9],
			"to": [10.375, 5.125, 8.225],
			"faces": {
				"north": {"uv": [14.375, 10.875, 14.25, 11.25], "texture": "#0"},
				"east": {"uv": [14.25, 10.875, 14.375, 11.25], "texture": "#0"},
				"south": {"uv": [14.25, 10.875, 14.375, 11.25], "texture": "#0"},
				"west": {"uv": [14.25, 10.875, 14.375, 11.25], "texture": "#0"},
				"up": {"uv": [14.25, 10.875, 14.375, 11], "texture": "#0"},
				"down": {"uv": [14.25, 11.125, 14.375, 11.25], "texture": "#0"}
			}
		},
		{
			"name": "yoru_28",
			"from": [5.5, 4.25, 7.9],
			"to": [5.625, 5, 8.225],
			"faces": {
				"north": {"uv": [9.625, 11, 9.5, 11.75], "texture": "#0"},
				"east": {"uv": [9.5, 11, 9.625, 11.75], "texture": "#0"},
				"south": {"uv": [9.5, 11, 9.625, 11.75], "texture": "#0"},
				"west": {"uv": [9.5, 11, 9.625, 11.75], "texture": "#0"},
				"up": {"uv": [9.5, 11, 9.625, 11.125], "texture": "#0"},
				"down": {"uv": [9.5, 11.625, 9.625, 11.75], "texture": "#0"}
			}
		},
		{
			"name": "yoru_29",
			"from": [9.875, 4.25, 7.9],
			"to": [10, 5, 8.225],
			"faces": {
				"north": {"uv": [14, 11, 13.875, 11.75], "texture": "#0"},
				"east": {"uv": [13.875, 11, 14, 11.75], "texture": "#0"},
				"south": {"uv": [13.875, 11, 14, 11.75], "texture": "#0"},
				"west": {"uv": [13.875, 11, 14, 11.75], "texture": "#0"},
				"up": {"uv": [13.875, 11, 14, 11.125], "texture": "#0"},
				"down": {"uv": [13.875, 11.625, 14, 11.75], "texture": "#0"}
			}
		},
		{
			"name": "yoru_30",
			"from": [5.625, 4.375, 7.9],
			"to": [9.875, 4.875, 8.225],
			"faces": {
				"north": {"uv": [13.875, 11.125, 9.625, 11.625], "texture": "#0"},
				"east": {"uv": [13.75, 11.125, 13.875, 11.625], "texture": "#0"},
				"south": {"uv": [9.625, 11.125, 13.875, 11.625], "texture": "#0"},
				"west": {"uv": [9.625, 11.125, 9.75, 11.625], "texture": "#0"},
				"up": {"uv": [9.625, 11.125, 13.875, 11.25], "texture": "#0"},
				"down": {"uv": [9.625, 11.5, 13.875, 11.625], "texture": "#0"}
			}
		},
		{
			"name": "yoru_31",
			"from": [5.125, 4.125, 7.9],
			"to": [5.25, 4.5, 8.225],
			"faces": {
				"north": {"uv": [9.25, 11.5, 9.125, 11.875], "texture": "#0"},
				"east": {"uv": [9.125, 11.5, 9.25, 11.875], "texture": "#0"},
				"south": {"uv": [9.125, 11.5, 9.25, 11.875], "texture": "#0"},
				"west": {"uv": [9.125, 11.5, 9.25, 11.875], "texture": "#0"},
				"up": {"uv": [9.125, 11.5, 9.25, 11.625], "texture": "#0"},
				"down": {"uv": [9.125, 11.75, 9.25, 11.875], "texture": "#0"}
			}
		},
		{
			"name": "yoru_32",
			"from": [10.25, 4.125, 7.9],
			"to": [10.375, 4.5, 8.225],
			"faces": {
				"north": {"uv": [14.375, 11.5, 14.25, 11.875], "texture": "#0"},
				"east": {"uv": [14.25, 11.5, 14.375, 11.875], "texture": "#0"},
				"south": {"uv": [14.25, 11.5, 14.375, 11.875], "texture": "#0"},
				"west": {"uv": [14.25, 11.5, 14.375, 11.875], "texture": "#0"},
				"up": {"uv": [14.25, 11.5, 14.375, 11.625], "texture": "#0"},
				"down": {"uv": [14.25, 11.75, 14.375, 11.875], "texture": "#0"}
			}
		},
		{
			"name": "yoru_33",
			"from": [7.5, 1.125, 7.9],
			"to": [8, 4.375, 8.225],
			"faces": {
				"north": {"uv": [8, 11.875, 7.5, 15.125], "texture": "#0"},
				"east": {"uv": [7.875, 11.875, 8, 15.125], "texture": "#0"},
				"south": {"uv": [7.5, 11.875, 8, 15.125], "texture": "#0"},
				"west": {"uv": [7.5, 11.875, 7.625, 15.125], "texture": "#0"},
				"up": {"uv": [7.5, 11.875, 8, 12], "texture": "#0"},
				"down": {"uv": [7.5, 15, 8, 15.125], "texture": "#0"}
			}
		},
		{
			"name": "yoru_34",
			"from": [7.5, 0.75, 7.9],
			"to": [8, 1.125, 8.225],
			"faces": {
				"north": {"uv": [8.75, 15.125, 8.25, 15.5], "texture": "#0"},
				"east": {"uv": [8.625, 15.125, 8.75, 15.5], "texture": "#0"},
				"south": {"uv": [8.25, 15.125, 8.75, 15.5], "texture": "#0"},
				"west": {"uv": [8.25, 15.125, 8.375, 15.5], "texture": "#0"},
				"up": {"uv": [8.25, 15.125, 8.75, 15.25], "texture": "#0"},
				"down": {"uv": [8.25, 15.375, 8.75, 15.5], "texture": "#0"}
			}
		},
		{
			"name": "yoru_35",
			"from": [7.375, 0.625, 7.9],
			"to": [7.5, 1, 8.225],
			"faces": {
				"north": {"uv": [8.25, 15.25, 8.125, 15.625], "texture": "#0"},
				"east": {"uv": [8.125, 15.25, 8.25, 15.625], "texture": "#0"},
				"south": {"uv": [8.125, 15.25, 8.25, 15.625], "texture": "#0"},
				"west": {"uv": [8.125, 15.25, 8.25, 15.625], "texture": "#0"},
				"up": {"uv": [8.125, 15.25, 8.25, 15.375], "texture": "#0"},
				"down": {"uv": [8.125, 15.5, 8.25, 15.625], "texture": "#0"}
			}
		},
		{
			"name": "yoru_36",
			"from": [8, 0.625, 7.9],
			"to": [8.125, 1, 8.225],
			"faces": {
				"north": {"uv": [8.875, 15.25, 8.75, 15.625], "texture": "#0"},
				"east": {"uv": [8.75, 15.25, 8.875, 15.625], "texture": "#0"},
				"south": {"uv": [8.75, 15.25, 8.875, 15.625], "texture": "#0"},
				"west": {"uv": [8.75, 15.25, 8.875, 15.625], "texture": "#0"},
				"up": {"uv": [8.75, 15.25, 8.875, 15.375], "texture": "#0"},
				"down": {"uv": [8.75, 15.5, 8.875, 15.625], "texture": "#0"}
			}
		},
		{
			"name": "yoru_37",
			"from": [7.25, 0.75, 7.9],
			"to": [7.375, 0.875, 8.225],
			"faces": {
				"north": {"uv": [8.125, 15.375, 8, 15.5], "texture": "#0"},
				"east": {"uv": [8, 15.375, 8.125, 15.5], "texture": "#0"},
				"south": {"uv": [8, 15.375, 8.125, 15.5], "texture": "#0"},
				"west": {"uv": [8, 15.375, 8.125, 15.5], "texture": "#0"},
				"up": {"uv": [8, 15.375, 8.125, 15.5], "texture": "#0"},
				"down": {"uv": [8, 15.375, 8.125, 15.5], "texture": "#0"}
			}
		},
		{
			"name": "yoru_38",
			"from": [8.125, 0.75, 7.9],
			"to": [8.25, 0.875, 8.225],
			"faces": {
				"north": {"uv": [9, 15.375, 8.875, 15.5], "texture": "#0"},
				"east": {"uv": [8.875, 15.375, 9, 15.5], "texture": "#0"},
				"south": {"uv": [8.875, 15.375, 9, 15.5], "texture": "#0"},
				"west": {"uv": [8.875, 15.375, 9, 15.5], "texture": "#0"},
				"up": {"uv": [8.875, 15.375, 9, 15.5], "texture": "#0"},
				"down": {"uv": [8.875, 15.375, 9, 15.5], "texture": "#0"}
			}
		},
		{
			"name": "yoru_39",
			"from": [7.625, 0.25, 7.95],
			"to": [7.875, 0.75, 8.175],
			"faces": {
				"north": {"uv": [7.875, 15.5, 7.625, 16], "texture": "#0"},
				"east": {"uv": [7.75, 15.5, 7.875, 16], "texture": "#0"},
				"south": {"uv": [7.625, 15.5, 7.875, 16], "texture": "#0"},
				"west": {"uv": [7.625, 15.5, 7.75, 16], "texture": "#0"},
				"up": {"uv": [7.625, 15.5, 7.875, 15.625], "texture": "#0"},
				"down": {"uv": [7.625, 15.875, 7.875, 16], "texture": "#0"}
			}
		},
		{
			"name": "yoru_40",
			"from": [7.5, 0.625, 7.9],
			"to": [7.625, 0.75, 8.225],
			"faces": {
				"north": {"uv": [8.375, 15.5, 8.25, 15.625], "texture": "#0"},
				"east": {"uv": [8.25, 15.5, 8.375, 15.625], "texture": "#0"},
				"south": {"uv": [8.25, 15.5, 8.375, 15.625], "texture": "#0"},
				"west": {"uv": [8.25, 15.5, 8.375, 15.625], "texture": "#0"},
				"up": {"uv": [8.25, 15.5, 8.375, 15.625], "texture": "#0"},
				"down": {"uv": [8.25, 15.5, 8.375, 15.625], "texture": "#0"}
			}
		},
		{
			"name": "yoru_41",
			"from": [7.875, 0.625, 7.9],
			"to": [8, 0.75, 8.225],
			"faces": {
				"north": {"uv": [8.75, 15.5, 8.625, 15.625], "texture": "#0"},
				"east": {"uv": [8.625, 15.5, 8.75, 15.625], "texture": "#0"},
				"south": {"uv": [8.625, 15.5, 8.75, 15.625], "texture": "#0"},
				"west": {"uv": [8.625, 15.5, 8.75, 15.625], "texture": "#0"},
				"up": {"uv": [8.625, 15.5, 8.75, 15.625], "texture": "#0"},
				"down": {"uv": [8.625, 15.5, 8.75, 15.625], "texture": "#0"}
			}
		},
		{
			"name": "yoru_42",
			"from": [7.5, 0.375, 7.95],
			"to": [7.625, 0.625, 8.175],
			"faces": {
				"north": {"uv": [7.625, 15.625, 7.5, 15.875], "texture": "#0"},
				"east": {"uv": [7.5, 15.625, 7.625, 15.875], "texture": "#0"},
				"south": {"uv": [7.5, 15.625, 7.625, 15.875], "texture": "#0"},
				"west": {"uv": [7.5, 15.625, 7.625, 15.875], "texture": "#0"},
				"up": {"uv": [7.5, 15.625, 7.625, 15.75], "texture": "#0"},
				"down": {"uv": [7.5, 15.75, 7.625, 15.875], "texture": "#0"}
			}
		},
		{
			"name": "yoru_43",
			"from": [7.875, 0.375, 7.95],
			"to": [8, 0.625, 8.175],
			"faces": {
				"north": {"uv": [8, 15.625, 7.875, 15.875], "texture": "#0"},
				"east": {"uv": [7.875, 15.625, 8, 15.875], "texture": "#0"},
				"south": {"uv": [7.875, 15.625, 8, 15.875], "texture": "#0"},
				"west": {"uv": [7.875, 15.625, 8, 15.875], "texture": "#0"},
				"up": {"uv": [7.875, 15.625, 8, 15.75], "texture": "#0"},
				"down": {"uv": [7.875, 15.75, 8, 15.875], "texture": "#0"}
			}
		}
	],
	"gui_light": "front",
	"display": {
		"thirdperson_righthand": {
			"rotation": [0, -90, 0],
			"translation": [0, 11.75, 2.25],
			"scale": [3, 3, 3]
		},
		"thirdperson_lefthand": {
			"rotation": [0, 90, 0],
			"translation": [0, 12, 2.5],
			"scale": [3, 3, 3]
		},
		"firstperson_righthand": {
			"rotation": [0, -90, -4],
			"translation": [1.5, 8.75, 1.5],
			"scale": [1.7, 1.7, 1.75]
		},
		"firstperson_lefthand": {
			"rotation": [0, 90, 1],
			"translation": [1.5, 8.75, 1.5],
			"scale": [1.7, 1.7, 1.75]
		},
		"ground": {
			"translation": [0, 8.5, 0],
			"scale": [2.5, 2.5, 2.5]
		},
		"gui": {
			"rotation": [0, 0, -42],
			"translation": [-0.25, 0.5, 0],
			"scale": [1.4, 1.4, 1]
		},
		"head": {
			"rotation": [0, 0, 134],
			"translation": [0, -10.5, 3.5],
			"scale": [4, 4, 4]
		},
		"fixed": {
			"rotation": [-180, 0, 138],
			"translation": [-1.25, 1.75, -0.75],
			"scale": [4, 4, 3]
		}
	},
	"groups": [
		{
			"name": "yoru",
			"origin": [8, 8, 8],
			"color": 0,
			"children": [0, 1, 2, 3, 4, 5, 6, 7, 8, 9, 10, 11, 12, 13, 14, 15, 16, 17, 18, 19, 20, 21, 22, 23, 24, 25, 26, 27, 28, 29, 30, 31, 32, 33, 34, 35, 36, 37, 38, 39, 40, 41, 42, 43]
		}
	]
}