{
	"format_version": "1.21.11",
	"credit": "Made by Nico4play",
	"textures": {
		"lantern": "minecraft:block/",
		"particle": "#lantern"
	},
	"elements": [
		{
			"name": "Bottom base",
			"from": [5, 0.5, 5],
			"to": [11, 1, 11],
			"rotation": {"angle": 0, "axis": "y", "origin": [14, 8, 13]},
			"faces": {
				"north": {"uv": [0, 9, 6, 10], "texture": "#lantern"},
				"east": {"uv": [0, 9, 1, 15], "rotation": 90, "texture": "#lantern"},
				"south": {"uv": [0, 14, 6, 15], "texture": "#lantern"},
				"west": {"uv": [5, 15, 6, 9], "rotation": 90, "texture": "#lantern"},
				"up": {"uv": [0, 9, 6, 15], "texture": "#lantern"},
				"down": {"uv": [0, 9, 6, 15], "texture": "#lantern"}
			}
		},
		{
			"name": "Foot north-west",
			"from": [5, 0, 5],
			"to": [7, 1, 6],
			"rotation": {"angle": 0, "axis": "y", "origin": [13, 8, 13]},
			"faces": {
				"north": {"uv": [6, 9, 4, 10], "rotation": 180, "texture": "#lantern"},
				"east": {"uv": [4, 9, 5, 10], "texture": "#lantern"},
				"south": {"uv": [6, 9, 4, 10], "texture": "#lantern"},
				"west": {"uv": [5, 9, 6, 10], "texture": "#lantern"},
				"down": {"uv": [6, 9, 4, 10], "texture": "#lantern", "cullface": "down"}
			}
		},
		{
			"name": "Foot north-west",
			"from": [5, 0, 6],
			"to": [6, 1, 7],
			"rotation": {"angle": 0, "axis": "y", "origin": [13, 8, 14]},
			"faces": {
				"east": {"uv": [5, 10, 6, 11], "texture": "#lantern"},
				"south": {"uv": [5, 10, 6, 11], "texture": "#lantern"},
				"west": {"uv": [5, 10, 6, 11], "texture": "#lantern"},
				"down": {"uv": [5, 10, 6, 11], "texture": "#lantern", "cullface": "down"}
			}
		},
		{
			"name": "Foot north-east",
			"from": [9, 0, 5],
			"to": [11, 1, 6],
			"rotation": {"angle": 0, "axis": "y", "origin": [17, 8, 13]},
			"faces": {
				"north": {"uv": [0, 9, 2, 10], "texture": "#lantern"},
				"east": {"uv": [0, 9, 1, 10], "texture": "#lantern"},
				"south": {"uv": [0, 9, 2, 10], "rotation": 180, "texture": "#lantern"},
				"west": {"uv": [1, 9, 2, 10], "texture": "#lantern"},
				"down": {"uv": [0, 9, 1, 11], "rotation": 90, "texture": "#lantern", "cullface": "down"}
			}
		},
		{
			"name": "Foot north-east",
			"from": [10, 0, 6],
			"to": [11, 1, 7],
			"rotation": {"angle": 0, "axis": "y", "origin": [18, 8, 14]},
			"faces": {
				"east": {"uv": [0, 10, 1, 11], "texture": "#lantern"},
				"south": {"uv": [0, 10, 1, 11], "texture": "#lantern"},
				"west": {"uv": [0, 10, 1, 11], "texture": "#lantern"},
				"down": {"uv": [0, 10, 1, 11], "texture": "#lantern", "cullface": "down"}
			}
		},
		{
			"name": "Foot south-east",
			"from": [9, 0, 10],
			"to": [11, 1, 11],
			"rotation": {"angle": 0, "axis": "y", "origin": [17, 8, 18]},
			"faces": {
				"north": {"uv": [6, 14, 4, 15], "texture": "#lantern"},
				"east": {"uv": [5, 14, 6, 15], "texture": "#lantern"},
				"south": {"uv": [6, 14, 4, 15], "rotation": 180, "texture": "#lantern"},
				"west": {"uv": [4, 14, 5, 15], "texture": "#lantern"},
				"down": {"uv": [6, 14, 4, 15], "rotation": 180, "texture": "#lantern", "cullface": "down"}
			}
		},
		{
			"name": "Foot south-east",
			"from": [10, 0, 9],
			"to": [11, 1, 10],
			"rotation": {"angle": 0, "axis": "y", "origin": [18, 8, 17]},
			"faces": {
				"north": {"uv": [0, 13, 1, 14], "texture": "#lantern"},
				"east": {"uv": [0, 13, 1, 14], "texture": "#lantern"},
				"west": {"uv": [0, 13, 1, 14], "texture": "#lantern"},
				"down": {"uv": [0, 13, 1, 14], "texture": "#lantern", "cullface": "down"}
			}
		},
		{
			"name": "Foot south-west",
			"from": [5, 0, 10],
			"to": [7, 1, 11],
			"rotation": {"angle": 0, "axis": "y", "origin": [13, 8, 18]},
			"faces": {
				"north": {"uv": [0, 14, 2, 15], "rotation": 180, "texture": "#lantern"},
				"east": {"uv": [1, 14, 2, 15], "texture": "#lantern"},
				"south": {"uv": [0, 14, 2, 15], "texture": "#lantern"},
				"west": {"uv": [0, 14, 1, 15], "texture": "#lantern"},
				"down": {"uv": [0, 14, 2, 15], "texture": "#lantern", "cullface": "down"}
			}
		},
		{
			"name": "Foot south-west",
			"from": [5, 0, 9],
			"to": [6, 1, 10],
			"rotation": {"angle": 0, "axis": "y", "origin": [13, 8, 17]},
			"faces": {
				"north": {"uv": [5, 13, 6, 14], "texture": "#lantern"},
				"east": {"uv": [5, 13, 6, 14], "texture": "#lantern"},
				"west": {"uv": [5, 13, 6, 14], "texture": "#lantern"},
				"down": {"uv": [5, 13, 6, 14], "texture": "#lantern", "cullface": "down"}
			}
		},
		{
			"name": "Windows",
			"from": [6, 1, 6],
			"to": [10, 6, 10],
			"rotation": {"angle": 0, "axis": "y", "origin": [14, 9, 14]},
			"faces": {
				"north": {"uv": [1, 3, 5, 8], "texture": "#lantern"},
				"east": {"uv": [1, 3, 5, 8], "texture": "#lantern"},
				"south": {"uv": [1, 3, 5, 8], "texture": "#lantern"},
				"west": {"uv": [1, 3, 5, 8], "texture": "#lantern"}
			}
		},
		{
			"name": "Frame north-east",
			"from": [10, 1, 5.2],
			"to": [10.8, 6, 6],
			"rotation": {"angle": 0, "axis": "y", "origin": [18, 9, 13]},
			"faces": {
				"north": {"uv": [0, 3, 1, 8], "texture": "#lantern"},
				"east": {"uv": [0, 3, 1, 8], "texture": "#lantern"},
				"south": {"uv": [0, 3, 1, 8], "texture": "#lantern"},
				"west": {"uv": [0, 3, 1, 8], "texture": "#lantern"}
			}
		},
		{
			"name": "Frame south-est",
			"from": [10, 1, 10],
			"to": [10.8, 6, 10.8],
			"rotation": {"angle": 0, "axis": "y", "origin": [18, 9, 18]},
			"faces": {
				"north": {"uv": [0, 3, 1, 8], "texture": "#lantern"},
				"east": {"uv": [0, 3, 1, 8], "texture": "#lantern"},
				"south": {"uv": [0, 3, 1, 8], "texture": "#lantern"},
				"west": {"uv": [0, 3, 1, 8], "texture": "#lantern"}
			}
		},
		{
			"name": "Frame north-west",
			"from": [5.2, 1, 5.2],
			"to": [6, 6, 6],
			"rotation": {"angle": 0, "axis": "y", "origin": [13, 9, 13]},
			"faces": {
				"north": {"uv": [0, 3, 1, 8], "texture": "#lantern"},
				"east": {"uv": [0, 3, 1, 8], "texture": "#lantern"},
				"south": {"uv": [0, 3, 1, 8], "texture": "#lantern"},
				"west": {"uv": [0, 3, 1, 8], "texture": "#lantern"}
			}
		},
		{
			"name": "Frame south-west",
			"from": [5.2, 1, 10],
			"to": [6, 6, 10.8],
			"rotation": {"angle": 0, "axis": "y", "origin": [13, 9, 18]},
			"faces": {
				"north": {"uv": [0, 3, 1, 8], "texture": "#lantern"},
				"east": {"uv": [0, 3, 1, 8], "texture": "#lantern"},
				"south": {"uv": [0, 3, 1, 8], "texture": "#lantern"},
				"west": {"uv": [0, 3, 1, 8], "texture": "#lantern"}
			}
		},
		{
			"name": "Top",
			"from": [5, 6, 5],
			"to": [11, 7, 11],
			"rotation": {"angle": 0, "axis": "y", "origin": [18, 14, 13]},
			"faces": {
				"north": {"uv": [6, 9, 12, 10], "texture": "#lantern"},
				"east": {"uv": [11, 9, 12, 15], "rotation": 90, "texture": "#lantern"},
				"south": {"uv": [6, 14, 12, 15], "texture": "#lantern"},
				"west": {"uv": [6, 9, 7, 15], "rotation": 90, "texture": "#lantern"},
				"up": {"uv": [6, 9, 12, 15], "texture": "#lantern"},
				"down": {"uv": [6, 9, 12, 15], "texture": "#lantern"}
			}
		},
		{
			"name": "Top",
			"from": [6, 7, 6],
			"to": [10, 8, 10],
			"rotation": {"angle": 0, "axis": "y", "origin": [14, 15, 14]},
			"faces": {
				"north": {"uv": [1, 10, 5, 11], "texture": "#lantern"},
				"east": {"uv": [4, 10, 5, 14], "rotation": 90, "texture": "#lantern"},
				"south": {"uv": [1, 13, 5, 14], "texture": "#lantern"},
				"west": {"uv": [1, 10, 2, 14], "rotation": 90, "texture": "#lantern"},
				"up": {"uv": [1, 10, 5, 14], "texture": "#lantern"}
			}
		},
		{
			"name": "Top",
			"from": [7, 8, 6],
			"to": [9, 9, 10],
			"rotation": {"angle": 0, "axis": "y", "origin": [15, 16, 17]},
			"faces": {
				"north": {"uv": [2, 10, 4, 11], "texture": "#lantern"},
				"east": {"uv": [3, 10, 4, 14], "rotation": 90, "texture": "#lantern"},
				"south": {"uv": [2, 13, 4, 14], "texture": "#lantern"},
				"west": {"uv": [2, 10, 3, 14], "rotation": 90, "texture": "#lantern"},
				"up": {"uv": [2, 10, 4, 14], "texture": "#lantern"}
			}
		},
		{
			"name": "Top",
			"from": [7, 7, 5],
			"to": [9, 8, 11],
			"rotation": {"angle": 0, "axis": "y", "origin": [15, 15, 13]},
			"faces": {
				"north": {"uv": [2, 9, 4, 10], "texture": "#lantern"},
				"east": {"uv": [2, 9, 3, 15], "rotation": 90, "texture": "#lantern"},
				"south": {"uv": [2, 14, 4, 15], "texture": "#lantern"},
				"west": {"uv": [3, 9, 4, 15], "rotation": 90, "texture": "#lantern"},
				"up": {"uv": [2, 9, 4, 15], "texture": "#lantern"}
			}
		},
		{
			"name": "Top",
			"from": [5, 7, 7],
			"to": [11, 8, 9],
			"rotation": {"angle": 0, "axis": "y", "origin": [3, 15, 15]},
			"faces": {
				"north": {"uv": [0, 11, 6, 12], "texture": "#lantern"},
				"east": {"uv": [5, 11, 6, 13], "texture": "#lantern"},
				"south": {"uv": [0, 12, 6, 13], "texture": "#lantern"},
				"west": {"uv": [5, 11, 6, 13], "texture": "#lantern"},
				"up": {"uv": [0, 11, 6, 13], "texture": "#lantern"}
			}
		},
		{
			"name": "Top",
			"from": [6, 8, 7],
			"to": [10, 9, 9],
			"rotation": {"angle": 0, "axis": "y", "origin": [-1, 16, 15]},
			"faces": {
				"north": {"uv": [1, 11, 5, 12], "texture": "#lantern"},
				"east": {"uv": [4, 11, 5, 13], "rotation": 90, "texture": "#lantern"},
				"south": {"uv": [1, 12, 5, 13], "texture": "#lantern"},
				"west": {"uv": [2, 11, 1, 13], "rotation": 90, "texture": "#lantern"},
				"up": {"uv": [1, 11, 5, 13], "texture": "#lantern"}
			}
		},
		{
			"name": "Chain",
			"from": [7.75, 10, 6.5],
			"to": [8.25, 11, 9.5],
			"rotation": {"angle": 45, "axis": "y", "origin": [8, 5.5, 8]},
			"faces": {
				"north": {"uv": [15, 10, 16, 11], "texture": "#lantern"},
				"east": {"uv": [13, 10, 16, 11], "texture": "#lantern"},
				"south": {"uv": [13, 10, 14, 11], "texture": "#lantern"},
				"west": {"uv": [13, 10, 16, 11], "rotation": 180, "texture": "#lantern"},
				"up": {"uv": [13, 10, 16, 11], "rotation": 270, "texture": "#lantern"},
				"down": {"uv": [13, 10, 16, 11], "rotation": 90, "texture": "#lantern"}
			}
		},
		{
			"name": "Chain",
			"from": [7.75, 9, 6.5],
			"to": [8.25, 10, 7.5],
			"rotation": {"angle": 45, "axis": "y", "origin": [8, 5.5, 8]},
			"faces": {
				"north": {"uv": [15, 11, 16, 12], "texture": "#lantern"},
				"east": {"uv": [15, 11, 16, 12], "texture": "#lantern"},
				"south": {"uv": [15, 11, 16, 12], "texture": "#lantern"},
				"west": {"uv": [15, 11, 16, 12], "texture": "#lantern"}
			}
		},
		{
			"name": "Chain",
			"from": [7.75, 9, 8.5],
			"to": [8.25, 10, 9.5],
			"rotation": {"angle": 45, "axis": "y", "origin": [8, 5.5, 8]},
			"faces": {
				"north": {"uv": [13, 11, 14, 12], "texture": "#lantern"},
				"east": {"uv": [13, 11, 14, 12], "texture": "#lantern"},
				"south": {"uv": [13, 11, 14, 12], "texture": "#lantern"},
				"west": {"uv": [13, 11, 14, 12], "texture": "#lantern"}
			}
		}
	],
	"groups": [
		{
			"name": "Lantern",
			"origin": [8, 7, 8],
			"color": 0,
			"children": [0, 1, 2, 3, 4, 5, 6, 7, 8, 9, 10, 11, 12, 13, 14, 15, 16, 17, 18, 19, 20, 21, 22]
		}
	]
}