{
	"credit": "Made with Blockbench",
	"parent": "block/block",
	"texture_size": [20, 20],
	"textures": {
		"3": "block/rug",
		"particle": "block/enchanting_table_bottom",
		"bottom": "block/enchanting_table_bottom",
		"top": "block/enchanting_table_top",
		"side": "block/enchanting_table_side"
	},
	"elements": [
		{
			"name": "Topo",
			"from": [0, 8, 0],
			"to": [16, 12, 16],
			"faces": {
				"north": {"uv": [0, 4, 16, 8], "texture": "#side", "cullface": "north"},
				"east": {"uv": [0, 4, 16, 8], "texture": "#side", "cullface": "east"},
				"south": {"uv": [0, 4, 16, 8], "texture": "#side", "cullface": "south"},
				"west": {"uv": [0, 4, 16, 8], "texture": "#side", "cullface": "west"},
				"up": {"uv": [0, 0, 16, 16], "texture": "#top"},
				"down": {"uv": [0, 0, 16, 16], "texture": "#bottom"}
			}
		},
		{
			"name": "Parte1",
			"from": [4, 7, 0],
			"to": [12, 8, 0],
			"rotation": {"angle": 0, "axis": "y", "origin": [4, 8, 0]},
			"faces": {
				"north": {"uv": [4, 8, 12, 9], "texture": "#side"},
				"south": {"uv": [4, 8, 12, 9], "texture": "#side"}
			}
		},
		{
			"name": "Parte2",
			"from": [5, 6, 0],
			"to": [11, 7, 0],
			"rotation": {"angle": 0, "axis": "y", "origin": [4, 7, 0]},
			"faces": {
				"north": {"uv": [5, 9, 11, 10], "texture": "#side"},
				"south": {"uv": [5, 9, 11, 10], "texture": "#side"}
			}
		},
		{
			"name": "Parte3",
			"from": [6, 5, 0],
			"to": [10, 6, 0],
			"rotation": {"angle": 0, "axis": "y", "origin": [4, 6, 0]},
			"faces": {
				"north": {"uv": [6, 10, 10, 11], "texture": "#side"},
				"south": {"uv": [6, 10, 10, 11], "texture": "#side"}
			}
		},
		{
			"name": "Parte4",
			"from": [7, 4, 0],
			"to": [9, 5, 0],
			"rotation": {"angle": 0, "axis": "y", "origin": [4, 5, 0]},
			"faces": {
				"north": {"uv": [7, 11, 9, 12], "texture": "#side"},
				"south": {"uv": [7, 11, 9, 12], "texture": "#side"}
			}
		},
		{
			"name": "Parte1",
			"from": [4, 7, 16],
			"to": [12, 8, 16],
			"rotation": {"angle": 0, "axis": "y", "origin": [4, 8, 16]},
			"faces": {
				"north": {"uv": [4, 8, 12, 9], "texture": "#side"},
				"south": {"uv": [4, 8, 12, 9], "texture": "#side"}
			}
		},
		{
			"name": "Parte2",
			"from": [5, 6, 16],
			"to": [11, 7, 16],
			"rotation": {"angle": 0, "axis": "y", "origin": [4, 7, 16]},
			"faces": {
				"north": {"uv": [5, 9, 11, 10], "texture": "#side"},
				"south": {"uv": [5, 9, 11, 10], "texture": "#side"}
			}
		},
		{
			"name": "Parte3",
			"from": [6, 5, 16],
			"to": [10, 6, 16],
			"rotation": {"angle": 0, "axis": "y", "origin": [4, 6, 16]},
			"faces": {
				"north": {"uv": [6, 10, 10, 11], "texture": "#side"},
				"south": {"uv": [6, 10, 10, 11], "texture": "#side"}
			}
		},
		{
			"name": "Parte4",
			"from": [7, 4, 16],
			"to": [9, 5, 16],
			"rotation": {"angle": 0, "axis": "y", "origin": [4, 5, 16]},
			"faces": {
				"north": {"uv": [7, 11, 9, 12], "texture": "#side"},
				"south": {"uv": [7, 11, 9, 12], "texture": "#side"}
			}
		},
		{
			"name": "Parte1",
			"from": [0, 7, 4],
			"to": [0, 8, 12],
			"rotation": {"angle": 0, "axis": "y", "origin": [0, 8, 4]},
			"faces": {
				"east": {"uv": [4, 8, 12, 9], "texture": "#side"},
				"west": {"uv": [4, 8, 12, 9], "texture": "#side"}
			}
		},
		{
			"name": "Parte2",
			"from": [0, 6, 5],
			"to": [0, 7, 11],
			"rotation": {"angle": 0, "axis": "y", "origin": [0, 7, 4]},
			"faces": {
				"east": {"uv": [5, 9, 11, 10], "texture": "#side"},
				"west": {"uv": [5, 9, 11, 10], "texture": "#side"}
			}
		},
		{
			"name": "Parte3",
			"from": [0, 5, 6],
			"to": [0, 6, 10],
			"rotation": {"angle": 0, "axis": "y", "origin": [0, 6, 4]},
			"faces": {
				"east": {"uv": [6, 10, 10, 11], "texture": "#side"},
				"west": {"uv": [6, 10, 10, 11], "texture": "#side"}
			}
		},
		{
			"name": "Parte4",
			"from": [0, 4, 7],
			"to": [0, 5, 9],
			"rotation": {"angle": 0, "axis": "y", "origin": [0, 5, 4]},
			"faces": {
				"east": {"uv": [7, 11, 9, 12], "texture": "#side"},
				"west": {"uv": [7, 11, 9, 12], "texture": "#side"}
			}
		},
		{
			"name": "Parte1",
			"from": [16, 7, 4],
			"to": [16, 8, 12],
			"rotation": {"angle": 0, "axis": "y", "origin": [16, 8, 4]},
			"faces": {
				"east": {"uv": [4, 8, 12, 9], "texture": "#side"},
				"west": {"uv": [4, 8, 12, 9], "texture": "#side"}
			}
		},
		{
			"name": "Parte2",
			"from": [16, 6, 5],
			"to": [16, 7, 11],
			"rotation": {"angle": 0, "axis": "y", "origin": [16, 7, 4]},
			"faces": {
				"east": {"uv": [5, 9, 11, 10], "texture": "#side"},
				"west": {"uv": [5, 9, 11, 10], "texture": "#side"}
			}
		},
		{
			"name": "Parte3",
			"from": [16, 5, 6],
			"to": [16, 6, 10],
			"rotation": {"angle": 0, "axis": "y", "origin": [16, 6, 4]},
			"faces": {
				"east": {"uv": [6, 10, 10, 11], "texture": "#side"},
				"west": {"uv": [6, 10, 10, 11], "texture": "#side"}
			}
		},
		{
			"name": "Parte4",
			"from": [16, 4, 7],
			"to": [16, 5, 9],
			"rotation": {"angle": 0, "axis": "y", "origin": [16, 5, 4]},
			"faces": {
				"east": {"uv": [7, 11, 9, 12], "texture": "#side"},
				"west": {"uv": [7, 11, 9, 12], "texture": "#side"}
			}
		},
		{
			"name": "Base",
			"from": [2, 0, 2],
			"to": [14, 2, 14],
			"rotation": {"angle": 0, "axis": "y", "origin": [7, 0, 7]},
			"faces": {
				"north": {"uv": [1, 0, 15, 2], "texture": "#bottom"},
				"east": {"uv": [1, 8, 15, 10], "texture": "#bottom"},
				"south": {"uv": [1, 14, 15, 16], "texture": "#bottom"},
				"west": {"uv": [1, 6, 15, 8], "texture": "#bottom"},
				"up": {"uv": [2, 2, 14, 14], "texture": "#bottom"}
			}
		},
		{
			"name": "Tronco",
			"from": [5, 2, 5],
			"to": [11, 8, 11],
			"rotation": {"angle": 0, "axis": "y", "origin": [7, 2, 7]},
			"faces": {
				"north": {"uv": [10, 0, 16, 7], "texture": "#bottom"},
				"east": {"uv": [0, 0, 6, 7], "texture": "#bottom"},
				"south": {"uv": [5, 3, 11, 10], "texture": "#bottom"},
				"west": {"uv": [10, 9, 16, 16], "texture": "#bottom"}
			}
		},
		{
			"name": "Base",
			"from": [0, 0.01, 0],
			"to": [16, 0.01, 16],
			"rotation": {"angle": 0, "axis": "y", "origin": [0, -2, 0]},
			"faces": {
				"up": {"uv": [1.6, 1.6, 14.4, 14.4], "texture": "#3"},
				"down": {"uv": [1.6, 1.6, 14.4, 14.4], "texture": "#3"}
			}
		},
		{
			"name": "Ponta1",
			"from": [3, 0.01, -1],
			"to": [13, 0.01, 0],
			"rotation": {"angle": 0, "axis": "y", "origin": [3, 0, -2]},
			"faces": {
				"up": {"uv": [4, 1.6, 12, 0.8], "texture": "#3"},
				"down": {"uv": [4, 1.6, 12, 0.8], "texture": "#3"}
			}
		},
		{
			"name": "Ponta2",
			"from": [5, 0.01, -2],
			"to": [11, 0.01, -1],
			"rotation": {"angle": 0, "axis": "y", "origin": [3, 0, -3]},
			"faces": {
				"up": {"uv": [5.6, 0, 10.4, 0.8], "texture": "#3"},
				"down": {"uv": [5.6, 0, 10.4, 0.8], "texture": "#3"}
			}
		},
		{
			"name": "Ponta1",
			"from": [16, 0.01, 3],
			"to": [17, 0.01, 13],
			"rotation": {"angle": 0, "axis": "y", "origin": [16, -2, 3]},
			"faces": {
				"up": {"uv": [14.4, 4, 15.2, 12], "texture": "#3"},
				"down": {"uv": [14.4, 4, 15.2, 12], "texture": "#3"}
			}
		},
		{
			"name": "Ponta2",
			"from": [17, 0.01, 5],
			"to": [18, 0.01, 11],
			"rotation": {"angle": 0, "axis": "y", "origin": [17, -2, 3]},
			"faces": {
				"up": {"uv": [15.2, 5.6, 16, 10.4], "texture": "#3"},
				"down": {"uv": [15.2, 5.6, 16, 10.4], "texture": "#3"}
			}
		},
		{
			"name": "Ponta1",
			"from": [-1, 0.01, 3],
			"to": [0, 0.01, 13],
			"rotation": {"angle": 0, "axis": "y", "origin": [-2, -2, 2]},
			"faces": {
				"up": {"uv": [0.8, 4, 1.6, 12], "texture": "#3"},
				"down": {"uv": [0.8, 4, 1.6, 12], "texture": "#3"}
			}
		},
		{
			"name": "Ponta2",
			"from": [-2, 0.01, 5],
			"to": [-1, 0.01, 11],
			"rotation": {"angle": 0, "axis": "y", "origin": [-3, -2, 3]},
			"faces": {
				"up": {"uv": [0, 5.6, 0.8, 10.4], "texture": "#3"},
				"down": {"uv": [0, 5.6, 0.8, 10.4], "texture": "#3"}
			}
		},
		{
			"name": "Ponta1",
			"from": [3, 0.01, 16],
			"to": [13, 0.01, 17],
			"rotation": {"angle": 0, "axis": "y", "origin": [3, 0, 16]},
			"faces": {
				"up": {"uv": [4, 14.4, 12, 15.2], "texture": "#3"},
				"down": {"uv": [4, 14.4, 12, 15.2], "texture": "#3"}
			}
		},
		{
			"name": "Ponta2",
			"from": [5, 0.01, 17],
			"to": [11, 0.01, 18],
			"rotation": {"angle": 0, "axis": "y", "origin": [3, 0, 17]},
			"faces": {
				"up": {"uv": [5.6, 15.2, 10.4, 16], "texture": "#3"},
				"down": {"uv": [5.6, 15.2, 10.4, 16], "texture": "#3"}
			}
		}
	],
	"groups": [
		0,
		{
			"name": "Pontas",
			"origin": [0, 0, 0],
			"color": 0,
			"children": [
				{
					"name": "Ponta1",
					"origin": [4, 8, 0],
					"color": 0,
					"children": [1, 2, 3, 4]
				},
				{
					"name": "Ponta2",
					"origin": [4, 8, 0],
					"color": 0,
					"children": [5, 6, 7, 8]
				},
				{
					"name": "Ponta3",
					"origin": [4, 8, 0],
					"color": 0,
					"children": [9, 10, 11, 12]
				},
				{
					"name": "Ponta4",
					"origin": [4, 8, 0],
					"color": 0,
					"children": [13, 14, 15, 16]
				}
			]
		},
		17,
		18,
		{
			"name": "Rug",
			"origin": [0, -2, 0],
			"color": 0,
			"children": [
				19,
				{
					"name": "Pontas1",
					"origin": [0, -2, 0],
					"color": 0,
					"children": [20, 21]
				},
				{
					"name": "Pontas2",
					"origin": [0, -2, 0],
					"color": 0,
					"children": [22, 23]
				},
				{
					"name": "Pontas3",
					"origin": [0, -2, 0],
					"color": 0,
					"children": [24, 25]
				},
				{
					"name": "Pontas4",
					"origin": [0, -2, 0],
					"color": 0,
					"children": [26, 27]
				}
			]
		}
	]
}