{
	"format_version": "1.21.6",
	"credit": "Made with Blockbench",
	"texture_size": [32, 32],
	"textures": {
		"0": "item/misc/2d_mace",
		"1": "item/outline/2d_mace_outline",
		"particle": "item/misc/2d_mace"
	},
	"elements": [
		{
			"name": "2d_mace_0",
			"from": [9, 6, 7.5],
			"to": [11, 16, 8.5],
			"light_emission": 15,
			"rotation": {"angle": 0, "axis": "y", "origin": [0, 0, 7.5]},
			"faces": {
				"north": {"uv": [11, 0, 9, 10], "texture": "#0"},
				"east": {"uv": [10, 0, 11, 10], "texture": "#0"},
				"south": {"uv": [9, 0, 11, 10], "texture": "#0"},
				"west": {"uv": [9, 0, 10, 10], "texture": "#0"},
				"up": {"uv": [9, 0, 11, 1], "texture": "#0"},
				"down": {"uv": [9, 9, 11, 10], "texture": "#0"}
			}
		},
		{
			"name": "2d_mace_1",
			"from": [8, 7, 7.5],
			"to": [9, 15, 8.5],
			"light_emission": 15,
			"rotation": {"angle": 0, "axis": "y", "origin": [0, 0, 7.5]},
			"faces": {
				"north": {"uv": [9, 1, 8, 9], "texture": "#0"},
				"east": {"uv": [8, 1, 9, 9], "texture": "#0"},
				"south": {"uv": [8, 1, 9, 9], "texture": "#0"},
				"west": {"uv": [8, 1, 9, 9], "texture": "#0"},
				"up": {"uv": [8, 1, 9, 2], "texture": "#0"},
				"down": {"uv": [8, 8, 9, 9], "texture": "#0"}
			}
		},
		{
			"name": "2d_mace_2",
			"from": [11, 5, 7.5],
			"to": [12, 15, 8.5],
			"light_emission": 15,
			"rotation": {"angle": 0, "axis": "y", "origin": [0, 0, 7.5]},
			"faces": {
				"north": {"uv": [12, 1, 11, 11], "texture": "#0"},
				"east": {"uv": [11, 1, 12, 11], "texture": "#0"},
				"south": {"uv": [11, 1, 12, 11], "texture": "#0"},
				"west": {"uv": [11, 1, 12, 11], "texture": "#0"},
				"up": {"uv": [11, 1, 12, 2], "texture": "#0"},
				"down": {"uv": [11, 10, 12, 11], "texture": "#0"}
			}
		},
		{
			"name": "2d_mace_3",
			"from": [13, 13, 7.5],
			"to": [15, 15, 8.5],
			"light_emission": 15,
			"rotation": {"angle": 0, "axis": "y", "origin": [0, 0, 7.5]},
			"faces": {
				"north": {"uv": [15, 1, 13, 3], "texture": "#0"},
				"east": {"uv": [14, 1, 15, 3], "texture": "#0"},
				"south": {"uv": [13, 1, 15, 3], "texture": "#0"},
				"west": {"uv": [13, 1, 14, 3], "texture": "#0"},
				"up": {"uv": [13, 1, 15, 2], "texture": "#0"},
				"down": {"uv": [13, 2, 15, 3], "texture": "#0"}
			}
		},
		{
			"name": "2d_mace_4",
			"from": [7, 6, 7.5],
			"to": [8, 14, 8.5],
			"light_emission": 15,
			"rotation": {"angle": 0, "axis": "y", "origin": [0, 0, 7.5]},
			"faces": {
				"north": {"uv": [8, 2, 7, 10], "texture": "#0"},
				"east": {"uv": [7, 2, 8, 10], "texture": "#0"},
				"south": {"uv": [7, 2, 8, 10], "texture": "#0"},
				"west": {"uv": [7, 2, 8, 10], "texture": "#0"},
				"up": {"uv": [7, 2, 8, 3], "texture": "#0"},
				"down": {"uv": [7, 9, 8, 10], "texture": "#0"}
			}
		},
		{
			"name": "2d_mace_5",
			"from": [12, 6, 7.5],
			"to": [13, 14, 8.5],
			"light_emission": 15,
			"rotation": {"angle": 0, "axis": "y", "origin": [0, 0, 7.5]},
			"faces": {
				"north": {"uv": [13, 2, 12, 10], "texture": "#0"},
				"east": {"uv": [12, 2, 13, 10], "texture": "#0"},
				"south": {"uv": [12, 2, 13, 10], "texture": "#0"},
				"west": {"uv": [12, 2, 13, 10], "texture": "#0"},
				"up": {"uv": [12, 2, 13, 3], "texture": "#0"},
				"down": {"uv": [12, 9, 13, 10], "texture": "#0"}
			}
		},
		{
			"name": "2d_mace_6",
			"from": [6, 9, 7.5],
			"to": [7, 13, 8.5],
			"light_emission": 15,
			"rotation": {"angle": 0, "axis": "y", "origin": [0, 0, 7.5]},
			"faces": {
				"north": {"uv": [7, 3, 6, 7], "texture": "#0"},
				"east": {"uv": [6, 3, 7, 7], "texture": "#0"},
				"south": {"uv": [6, 3, 7, 7], "texture": "#0"},
				"west": {"uv": [6, 3, 7, 7], "texture": "#0"},
				"up": {"uv": [6, 3, 7, 4], "texture": "#0"},
				"down": {"uv": [6, 6, 7, 7], "texture": "#0"}
			}
		},
		{
			"name": "2d_mace_7",
			"from": [13, 7, 7.5],
			"to": [14, 13, 8.5],
			"light_emission": 15,
			"rotation": {"angle": 0, "axis": "y", "origin": [0, 0, 7.5]},
			"faces": {
				"north": {"uv": [14, 3, 13, 9], "texture": "#0"},
				"east": {"uv": [13, 3, 14, 9], "texture": "#0"},
				"south": {"uv": [13, 3, 14, 9], "texture": "#0"},
				"west": {"uv": [13, 3, 14, 9], "texture": "#0"},
				"up": {"uv": [13, 3, 14, 4], "texture": "#0"},
				"down": {"uv": [13, 8, 14, 9], "texture": "#0"}
			}
		},
		{
			"name": "2d_mace_8",
			"from": [5, 10, 7.5],
			"to": [6, 12, 8.5],
			"light_emission": 15,
			"rotation": {"angle": 0, "axis": "y", "origin": [0, 0, 7.5]},
			"faces": {
				"north": {"uv": [6, 4, 5, 6], "texture": "#0"},
				"east": {"uv": [5, 4, 6, 6], "texture": "#0"},
				"south": {"uv": [5, 4, 6, 6], "texture": "#0"},
				"west": {"uv": [5, 4, 6, 6], "texture": "#0"},
				"up": {"uv": [5, 4, 6, 5], "texture": "#0"},
				"down": {"uv": [5, 5, 6, 6], "texture": "#0"}
			}
		},
		{
			"name": "2d_mace_9",
			"from": [14, 8, 7.5],
			"to": [15, 12, 8.5],
			"light_emission": 15,
			"rotation": {"angle": 0, "axis": "y", "origin": [0, 0, 7.5]},
			"faces": {
				"north": {"uv": [15, 4, 14, 8], "texture": "#0"},
				"east": {"uv": [14, 4, 15, 8], "texture": "#0"},
				"south": {"uv": [14, 4, 15, 8], "texture": "#0"},
				"west": {"uv": [14, 4, 15, 8], "texture": "#0"},
				"up": {"uv": [14, 4, 15, 5], "texture": "#0"},
				"down": {"uv": [14, 7, 15, 8], "texture": "#0"}
			}
		},
		{
			"name": "2d_mace_10",
			"from": [15, 9, 7.5],
			"to": [16, 11, 8.5],
			"light_emission": 15,
			"rotation": {"angle": 0, "axis": "y", "origin": [0, 0, 7.5]},
			"faces": {
				"north": {"uv": [16, 5, 15, 7], "texture": "#0"},
				"east": {"uv": [15, 5, 16, 7], "texture": "#0"},
				"south": {"uv": [15, 5, 16, 7], "texture": "#0"},
				"west": {"uv": [15, 5, 16, 7], "texture": "#0"},
				"up": {"uv": [15, 5, 16, 6], "texture": "#0"},
				"down": {"uv": [15, 6, 16, 7], "texture": "#0"}
			}
		},
		{
			"name": "2d_mace_11",
			"from": [6, 5, 7.5],
			"to": [7, 8, 8.5],
			"light_emission": 15,
			"rotation": {"angle": 0, "axis": "y", "origin": [0, 0, 7.5]},
			"faces": {
				"north": {"uv": [7, 8, 6, 11], "texture": "#0"},
				"east": {"uv": [6, 8, 7, 11], "texture": "#0"},
				"south": {"uv": [6, 8, 7, 11], "texture": "#0"},
				"west": {"uv": [6, 8, 7, 11], "texture": "#0"},
				"up": {"uv": [6, 8, 7, 9], "texture": "#0"},
				"down": {"uv": [6, 10, 7, 11], "texture": "#0"}
			}
		},
		{
			"name": "2d_mace_12",
			"from": [5, 4, 7.5],
			"to": [6, 7, 8.5],
			"light_emission": 15,
			"rotation": {"angle": 0, "axis": "y", "origin": [0, 0, 7.5]},
			"faces": {
				"north": {"uv": [6, 9, 5, 12], "texture": "#0"},
				"east": {"uv": [5, 9, 6, 12], "texture": "#0"},
				"south": {"uv": [5, 9, 6, 12], "texture": "#0"},
				"west": {"uv": [5, 9, 6, 12], "texture": "#0"},
				"up": {"uv": [5, 9, 6, 10], "texture": "#0"},
				"down": {"uv": [5, 11, 6, 12], "texture": "#0"}
			}
		},
		{
			"name": "2d_mace_13",
			"from": [4, 3, 7.5],
			"to": [5, 6, 8.5],
			"light_emission": 15,
			"rotation": {"angle": 0, "axis": "y", "origin": [0, 0, 7.5]},
			"faces": {
				"north": {"uv": [5, 10, 4, 13], "texture": "#0"},
				"east": {"uv": [4, 10, 5, 13], "texture": "#0"},
				"south": {"uv": [4, 10, 5, 13], "texture": "#0"},
				"west": {"uv": [4, 10, 5, 13], "texture": "#0"},
				"up": {"uv": [4, 10, 5, 11], "texture": "#0"},
				"down": {"uv": [4, 12, 5, 13], "texture": "#0"}
			}
		},
		{
			"name": "2d_mace_14",
			"from": [10, 5, 7.5],
			"to": [11, 6, 8.5],
			"light_emission": 15,
			"rotation": {"angle": 0, "axis": "y", "origin": [0, 0, 7.5]},
			"faces": {
				"north": {"uv": [11, 10, 10, 11], "texture": "#0"},
				"east": {"uv": [10, 10, 11, 11], "texture": "#0"},
				"south": {"uv": [10, 10, 11, 11], "texture": "#0"},
				"west": {"uv": [10, 10, 11, 11], "texture": "#0"},
				"up": {"uv": [10, 10, 11, 11], "texture": "#0"},
				"down": {"uv": [10, 10, 11, 11], "texture": "#0"}
			}
		},
		{
			"name": "2d_mace_15",
			"from": [3, 2, 7.5],
			"to": [4, 5, 8.5],
			"light_emission": 15,
			"rotation": {"angle": 0, "axis": "y", "origin": [0, 0, 7.5]},
			"faces": {
				"north": {"uv": [4, 11, 3, 14], "texture": "#0"},
				"east": {"uv": [3, 11, 4, 14], "texture": "#0"},
				"south": {"uv": [3, 11, 4, 14], "texture": "#0"},
				"west": {"uv": [3, 11, 4, 14], "texture": "#0"},
				"up": {"uv": [3, 11, 4, 12], "texture": "#0"},
				"down": {"uv": [3, 13, 4, 14], "texture": "#0"}
			}
		},
		{
			"name": "2d_mace_16",
			"from": [2, 0, 7.5],
			"to": [3, 4, 8.5],
			"light_emission": 15,
			"rotation": {"angle": 0, "axis": "y", "origin": [0, 0, 7.5]},
			"faces": {
				"north": {"uv": [3, 12, 2, 16], "texture": "#0"},
				"east": {"uv": [2, 12, 3, 16], "texture": "#0"},
				"south": {"uv": [2, 12, 3, 16], "texture": "#0"},
				"west": {"uv": [2, 12, 3, 16], "texture": "#0"},
				"up": {"uv": [2, 12, 3, 13], "texture": "#0"},
				"down": {"uv": [2, 15, 3, 16], "texture": "#0"}
			}
		},
		{
			"name": "2d_mace_17",
			"from": [0, 0, 7.5],
			"to": [2, 3, 8.5],
			"light_emission": 15,
			"rotation": {"angle": 0, "axis": "y", "origin": [0, 0, 7.5]},
			"faces": {
				"north": {"uv": [2, 13, 0, 16], "texture": "#0"},
				"east": {"uv": [1, 13, 2, 16], "texture": "#0"},
				"south": {"uv": [0, 13, 2, 16], "texture": "#0"},
				"west": {"uv": [0, 13, 1, 16], "texture": "#0"},
				"up": {"uv": [0, 13, 2, 14], "texture": "#0"},
				"down": {"uv": [0, 15, 2, 16], "texture": "#0"}
			}
		},
		{
			"name": "2d_mace_0_outline",
			"from": [11.2, 16.2, 8.7],
			"to": [8.8, 5.8, 7.3],
			"light_emission": 15,
			"rotation": {"angle": 0, "axis": "y", "origin": [0, 0, 7.5]},
			"faces": {
				"north": {"uv": [0, 0, 1, 5], "texture": "#1"},
				"east": {"uv": [3, 0, 3.5, 5], "texture": "#1"},
				"south": {"uv": [1.5, 0, 2.5, 5], "texture": "#1"},
				"west": {"uv": [4, 0, 4.5, 5], "texture": "#1"},
				"up": {"uv": [2, 14, 1, 13.5], "texture": "#1"},
				"down": {"uv": [14.5, 2, 13.5, 2.5], "texture": "#1"}
			}
		},
		{
			"name": "2d_mace_1_outline",
			"from": [9.2, 15.2, 8.7],
			"to": [7.8, 6.8, 7.3],
			"light_emission": 15,
			"rotation": {"angle": 0, "axis": "y", "origin": [0, 0, 7.5]},
			"faces": {
				"north": {"uv": [3, 5.5, 3.5, 9.5], "texture": "#1"},
				"east": {"uv": [4, 5.5, 4.5, 9.5], "texture": "#1"},
				"south": {"uv": [5, 5.5, 5.5, 9.5], "texture": "#1"},
				"west": {"uv": [6, 0, 6.5, 4], "texture": "#1"},
				"up": {"uv": [14.7, 16, 13.85, 15.5], "texture": "#1"},
				"down": {"uv": [16, 15.5, 15.3, 16], "rotation": 180, "texture": "#1"}
			}
		},
		{
			"name": "2d_mace_2_outline",
			"from": [12.2, 15.2, 8.7],
			"to": [10.8, 4.8, 7.3],
			"light_emission": 15,
			"rotation": {"angle": 0, "axis": "y", "origin": [0, 0, 7.5]},
			"faces": {
				"north": {"uv": [5, 0, 5.5, 5], "texture": "#1"},
				"east": {"uv": [0, 5.5, 0.5, 10.5], "texture": "#1"},
				"south": {"uv": [1, 5.5, 1.5, 10.5], "texture": "#1"},
				"west": {"uv": [2, 5.5, 2.5, 10.5], "texture": "#1"},
				"up": {"uv": [3.5, 15, 3, 14.5], "texture": "#1"},
				"down": {"uv": [16, 15.5, 15.3, 16], "texture": "#1"}
			}
		},
		{
			"name": "2d_mace_3_outline",
			"from": [15.2, 15.2, 8.7],
			"to": [12.8, 12.8, 7.3],
			"light_emission": 15,
			"rotation": {"angle": 0, "axis": "y", "origin": [0, 0, 7.5]},
			"faces": {
				"north": {"uv": [4.5, 10, 5.5, 11], "texture": "#1"},
				"east": {"uv": [13.5, 3, 14, 4], "texture": "#1"},
				"south": {"uv": [10, 5.5, 11, 6.5], "texture": "#1"},
				"west": {"uv": [13.5, 4.5, 14, 5.5], "texture": "#1"},
				"up": {"uv": [6.5, 14, 5.5, 13.5], "texture": "#1"},
				"down": {"uv": [15, 0, 14, 0.5], "texture": "#1"}
			}
		},
		{
			"name": "2d_mace_4_outline",
			"from": [8.2, 14.2, 8.7],
			"to": [6.8, 5.8, 7.3],
			"light_emission": 15,
			"rotation": {"angle": 0, "axis": "y", "origin": [0, 0, 7.5]},
			"faces": {
				"north": {"uv": [6, 4.5, 6.5, 8.5], "texture": "#1"},
				"east": {"uv": [7, 0, 7.5, 4], "texture": "#1"},
				"south": {"uv": [7, 4.5, 7.5, 8.5], "texture": "#1"},
				"west": {"uv": [8, 0, 8.5, 4], "texture": "#1"},
				"up": {"uv": [16, 16, 15.3, 15.5], "texture": "#1"},
				"down": {"uv": [16, 15.5, 15.3, 16], "rotation": 180, "texture": "#1"}
			}
		},
		{
			"name": "2d_mace_5_outline",
			"from": [13.2, 14.2, 8.7],
			"to": [11.8, 5.8, 7.3],
			"light_emission": 15,
			"rotation": {"angle": 0, "axis": "y", "origin": [0, 0, 7.5]},
			"faces": {
				"north": {"uv": [8, 4.5, 8.5, 8.5], "texture": "#1"},
				"east": {"uv": [9, 0, 9.5, 4], "texture": "#1"},
				"south": {"uv": [9, 4.5, 9.5, 8.5], "texture": "#1"},
				"west": {"uv": [6, 9, 6.5, 13], "texture": "#1"},
				"up": {"uv": [16, 16, 15.3, 15.5], "texture": "#1"},
				"down": {"uv": [14.75, 15.5, 13.75, 16], "texture": "#1"}
			}
		},
		{
			"name": "2d_mace_6_outline",
			"from": [7.2, 13.2, 8.7],
			"to": [5.8, 8.8, 7.3],
			"light_emission": 15,
			"rotation": {"angle": 0, "axis": "y", "origin": [0, 0, 7.5]},
			"faces": {
				"north": {"uv": [10, 7, 10.5, 9], "texture": "#1"},
				"east": {"uv": [10, 9.5, 10.5, 11.5], "texture": "#1"},
				"south": {"uv": [0, 11, 0.5, 13], "texture": "#1"},
				"west": {"uv": [11, 0, 11.5, 2], "texture": "#1"},
				"up": {"uv": [15.95, 16, 15.3, 15.5], "rotation": 180, "texture": "#1"},
				"down": {"uv": [16, 15.5, 15.3, 16], "rotation": 180, "texture": "#1"}
			}
		},
		{
			"name": "2d_mace_7_outline",
			"from": [14.2, 13.2, 8.7],
			"to": [12.8, 6.8, 7.3],
			"light_emission": 15,
			"rotation": {"angle": 0, "axis": "y", "origin": [0, 0, 7.5]},
			"faces": {
				"north": {"uv": [7, 9, 7.5, 12], "texture": "#1"},
				"east": {"uv": [8, 9, 8.5, 12], "texture": "#1"},
				"south": {"uv": [9, 9, 9.5, 12], "texture": "#1"},
				"west": {"uv": [10, 0, 10.5, 3], "texture": "#1"},
				"up": {"uv": [16, 16, 15.3, 15.5], "texture": "#1"},
				"down": {"uv": [13.5, 14.5, 13, 15], "texture": "#1"}
			}
		},
		{
			"name": "2d_mace_8_outline",
			"from": [6.2, 12.2, 8.7],
			"to": [4.8, 9.8, 7.3],
			"light_emission": 15,
			"rotation": {"angle": 0, "axis": "y", "origin": [0, 0, 7.5]},
			"faces": {
				"north": {"uv": [4, 14, 4.5, 15], "texture": "#1"},
				"east": {"uv": [14, 6, 14.5, 7], "texture": "#1"},
				"south": {"uv": [14, 7.5, 14.5, 8.5], "texture": "#1"},
				"west": {"uv": [14, 9, 14.5, 10], "texture": "#1"},
				"up": {"uv": [15.95, 16, 15.3, 15.5], "rotation": 180, "texture": "#1"},
				"down": {"uv": [16, 15.5, 15.3, 16], "rotation": 180, "texture": "#1"}
			}
		},
		{
			"name": "2d_mace_9_outline",
			"from": [15.2, 12.2, 8.7],
			"to": [13.8, 7.8, 7.3],
			"light_emission": 15,
			"rotation": {"angle": 0, "axis": "y", "origin": [0, 0, 7.5]},
			"faces": {
				"north": {"uv": [1, 11, 1.5, 13], "texture": "#1"},
				"east": {"uv": [2, 11, 2.5, 13], "texture": "#1"},
				"south": {"uv": [11, 7, 11.5, 9], "texture": "#1"},
				"west": {"uv": [11, 9.5, 11.5, 11.5], "texture": "#1"},
				"up": {"uv": [16, 16, 15.3, 15.5], "texture": "#1"},
				"down": {"uv": [16, 15.5, 15.3, 16], "texture": "#1"}
			}
		},
		{
			"name": "2d_mace_10_outline",
			"from": [16.2, 11.2, 8.7],
			"to": [14.8, 8.8, 7.3],
			"light_emission": 15,
			"rotation": {"angle": 0, "axis": "y", "origin": [0, 0, 7.5]},
			"faces": {
				"north": {"uv": [10, 14, 10.5, 15], "texture": "#1"},
				"east": {"uv": [14, 10.5, 14.5, 11.5], "texture": "#1"},
				"south": {"uv": [11, 14, 11.5, 15], "texture": "#1"},
				"west": {"uv": [14, 12, 14.5, 13], "texture": "#1"},
				"up": {"uv": [16, 16, 15.3, 15.5], "texture": "#1"},
				"down": {"uv": [16, 15.5, 15.3, 16], "texture": "#1"}
			}
		},
		{
			"name": "2d_mace_11_outline",
			"from": [7.2, 8.2, 8.7],
			"to": [5.8, 4.8, 7.3],
			"light_emission": 15,
			"rotation": {"angle": 0, "axis": "y", "origin": [0, 0, 7.5]},
			"faces": {
				"north": {"uv": [11.5, 5, 12, 6.5], "texture": "#1"},
				"east": {"uv": [12, 7, 12.5, 8.5], "texture": "#1"},
				"south": {"uv": [12, 9, 12.5, 10.5], "texture": "#1"},
				"west": {"uv": [10, 12, 10.5, 13.5], "texture": "#1"},
				"up": {"uv": [15.5, 10.5, 14.8, 10], "texture": "#1"},
				"down": {"uv": [15.7, 11, 15, 11.5], "texture": "#1"}
			}
		},
		{
			"name": "2d_mace_11_outline",
			"from": [6.2, 7.2, 8.7],
			"to": [4.8, 3.8, 7.3],
			"light_emission": 15,
			"rotation": {"angle": 0, "axis": "y", "origin": [-1, -1, 7.5]},
			"faces": {
				"north": {"uv": [11.5, 5, 12, 6.5], "texture": "#1"},
				"east": {"uv": [12, 7, 12.5, 8.5], "texture": "#1"},
				"south": {"uv": [12, 9, 12.5, 10.5], "texture": "#1"},
				"west": {"uv": [10, 12, 10.5, 13.5], "texture": "#1"},
				"up": {"uv": [15.5, 10.5, 14.8, 10], "texture": "#1"},
				"down": {"uv": [15.7, 11, 15, 11.5], "texture": "#1"}
			}
		},
		{
			"name": "2d_mace_11_outline",
			"from": [5.2, 6.2, 8.7],
			"to": [3.8, 2.8, 7.3],
			"light_emission": 15,
			"rotation": {"angle": 0, "axis": "y", "origin": [-2, -2, 7.5]},
			"faces": {
				"north": {"uv": [11.5, 5, 12, 6.5], "texture": "#1"},
				"east": {"uv": [12, 7, 12.5, 8.5], "texture": "#1"},
				"south": {"uv": [12, 9, 12.5, 10.5], "texture": "#1"},
				"west": {"uv": [10, 12, 10.5, 13.5], "texture": "#1"},
				"up": {"uv": [15.5, 10.5, 14.8, 10], "texture": "#1"},
				"down": {"uv": [15.7, 11, 15, 11.5], "texture": "#1"}
			}
		},
		{
			"name": "2d_mace_11_outline",
			"from": [4.2, 5.2, 8.7],
			"to": [2.8, 1.8, 7.3],
			"light_emission": 15,
			"rotation": {"angle": 0, "axis": "y", "origin": [-3, -3, 7.5]},
			"faces": {
				"north": {"uv": [11.5, 5, 12, 6.5], "texture": "#1"},
				"east": {"uv": [12, 7, 12.5, 8.5], "texture": "#1"},
				"south": {"uv": [12, 9, 12.5, 10.5], "texture": "#1"},
				"west": {"uv": [10, 12, 10.5, 13.5], "texture": "#1"},
				"up": {"uv": [15.5, 10.5, 14.8, 10], "texture": "#1"},
				"down": {"uv": [15.7, 11, 15, 11.5], "texture": "#1"}
			}
		},
		{
			"name": "2d_mace_14_outline",
			"from": [11.2, 6.2, 8.7],
			"to": [9.8, 4.8, 7.3],
			"light_emission": 15,
			"rotation": {"angle": 0, "axis": "y", "origin": [0, 0, 7.5]},
			"faces": {
				"north": {"uv": [15.5, 0, 16, 0.5], "texture": "#1"},
				"east": {"uv": [1, 15.5, 1.5, 16], "texture": "#1"},
				"south": {"uv": [15.5, 1, 16, 1.5], "texture": "#1"},
				"west": {"uv": [2, 15.5, 2.5, 16], "texture": "#1"},
				"up": {"uv": [3.5, 16, 3, 15.5], "texture": "#1"},
				"down": {"uv": [16, 3, 15.5, 3.5], "texture": "#1"}
			}
		},
		{
			"name": "2d_mace_16_outline",
			"from": [3.2, 4.2, 8.7],
			"to": [1.8, -0.2, 7.3],
			"light_emission": 15,
			"rotation": {"angle": 0, "axis": "y", "origin": [0, 0, 7.5]},
			"faces": {
				"north": {"uv": [11.5, 2.5, 12, 4.5], "texture": "#1"},
				"east": {"uv": [4.5, 11.5, 5, 13.5], "texture": "#1"},
				"south": {"uv": [12, 0, 12.5, 2], "texture": "#1"},
				"west": {"uv": [3, 12, 3.5, 14], "texture": "#1"},
				"up": {"uv": [5.5, 16, 5, 15.5], "texture": "#1"},
				"down": {"uv": [16, 5, 15.3, 5.5], "rotation": 180, "texture": "#1"}
			}
		},
		{
			"name": "2d_mace_17_outline",
			"from": [2.2, 3.2, 8.7],
			"to": [-0.2, -0.2, 7.3],
			"light_emission": 15,
			"rotation": {"angle": 0, "axis": "y", "origin": [0, 0, 7.5]},
			"faces": {
				"north": {"uv": [3, 10, 4, 11.5], "texture": "#1"},
				"east": {"uv": [13, 12.5, 13.5, 14], "texture": "#1"},
				"south": {"uv": [10, 3.5, 11, 5], "texture": "#1"},
				"west": {"uv": [0, 13.5, 0.5, 15], "texture": "#1"},
				"up": {"uv": [15, 1.5, 14, 1], "texture": "#1"},
				"down": {"uv": [15.2, 13.5, 14, 14], "texture": "#1"}
			}
		}
	],
	"display": {
		"thirdperson_righthand": {
			"rotation": [0, -90, 55],
			"translation": [0, 4, 0.5],
			"scale": [0.85, 0.85, 0.85]
		},
		"thirdperson_lefthand": {
			"rotation": [0, 90, -55],
			"translation": [0, 4, 0.5],
			"scale": [0.85, 0.85, 0.85]
		},
		"firstperson_righthand": {
			"rotation": [0, -90, 25],
			"translation": [1.13, 3.2, 1.13],
			"scale": [0.68, 0.68, 0.68]
		},
		"firstperson_lefthand": {
			"rotation": [0, -90, 25],
			"translation": [1.13, 3.2, 1.13],
			"scale": [0.68, 0.68, 0.68]
		},
		"ground": {
			"translation": [0, 2, 0],
			"scale": [0.5, 0.5, 0.5]
		},
		"head": {
			"rotation": [0, -180, 0],
			"translation": [0, 13, 7]
		},
		"fixed": {
			"rotation": [0, -180, 0]
		}
	},
	"groups": [
		{
			"name": "2d_mace",
			"origin": [8, 8, 8],
			"color": 0,
			"children": [0, 1, 2, 3, 4, 5, 6, 7, 8, 9, 10, 11, 12, 13, 14, 15, 16, 17]
		},
		{
			"name": "group",
			"origin": [0, 0, 7.5],
			"color": 0,
			"children": [18, 19, 20, 21, 22, 23, 24, 25, 26, 27, 28, 29, 30, 31, 32, 33, 34, 35]
		}
	]
}