{
	"format_version": "1.21.6",
	"credit": "Made with Blockbench",
	"texture_size": [64, 64],
	"textures": {
		"1": "item/misc/3d_shield_icon"
	},
	"elements": [
		{
			"name": "plate",
			"from": [2, 0, 11],
			"to": [14, 22, 12],
			"rotation": {"angle": 0, "axis": "y", "origin": [8, 11, 9.75]},
			"faces": {
				"north": {"uv": [3.5, 0.25, 6.5, 5.75], "texture": "#1"},
				"east": {"uv": [0, 0.25, 0.25, 5.75], "texture": "#1"},
				"south": {"uv": [0.25, 0.25, 3.25, 5.75], "texture": "#1"},
				"west": {"uv": [3.25, 0.25, 3.5, 5.75], "texture": "#1"},
				"up": {"uv": [3.25, 0.25, 0.25, 0], "texture": "#1"},
				"down": {"uv": [6.25, 0, 3.25, 0.25], "texture": "#1"}
			}
		},
		{
			"name": "handle",
			"from": [7, 8, 5],
			"to": [9, 14, 11],
			"rotation": {"angle": 0, "axis": "y", "origin": [8, 11, 9.75]},
			"faces": {
				"north": {"uv": [8, 1.5, 8.5, 3], "texture": "#1"},
				"east": {"uv": [6.5, 1.5, 8, 3], "texture": "#1"},
				"south": {"uv": [10, 1.5, 10.5, 3], "texture": "#1"},
				"west": {"uv": [8.5, 1.5, 10, 3], "texture": "#1"},
				"up": {"uv": [8.5, 1.5, 8, 0], "texture": "#1"},
				"down": {"uv": [9, 0, 8.5, 1.5], "texture": "#1"}
			}
		}
	],
	"gui_light": "front",
	"display": {
		"thirdperson_righthand": {
			"rotation": [0, 90, 0],
			"translation": [0, -5, 4]
		},
		"thirdperson_lefthand": {
			"rotation": [0, 90, 0],
			"translation": [0, -5, 4]
		},
		"firstperson_righthand": {
			"rotation": [0, -180, 5],
			"translation": [-1.25, -12.5, 2.5],
			"scale": [1.25, 1.25, 1.25]
		},
		"firstperson_lefthand": {
			"rotation": [0, -180, 5],
			"translation": [-1.25, -12.75, 2.5],
			"scale": [1.25, 1.25, 1.25]
		},
		"ground": {
			"translation": [0, 1.25, -0.5],
			"scale": [0.25, 0.25, 0.25]
		},
		"gui": {
			"rotation": [15, -25, -5],
			"translation": [-0.75, -1.25, -10],
			"scale": [0.7, 0.7, 0.7]
		},
		"fixed": {
			"rotation": [0, -180, 0],
			"scale": [0.5, 0.5, 0.5]
		}
	},
	"groups": [
		{
			"name": "plate",
			"origin": [0, 11, -1],
			"color": 0,
			"children": [0]
		},
		{
			"name": "handle",
			"origin": [0, 11, -1],
			"color": 0,
			"children": [1]
		}
	]
}