{
	"format_version": "1.21.6",
	"credit": "Made with Blockbench",
	"texture_size": [32, 32],
	"textures": {
		"0": "item/misc/trident_dropped",
		"1": "item/outline/trident_dropped",
		"particle": "item/misc/trident_dropped"
	},
	"elements": [
		{
			"name": "trident_dropped_0",
			"from": [9, 13, 7.5],
			"to": [11, 15, 8.5],
			"rotation": {"angle": 0, "axis": "y", "origin": [0, 0, 7.5]},
			"faces": {
				"north": {"uv": [11, 1, 9, 3], "texture": "#0"},
				"east": {"uv": [10, 1, 11, 3], "texture": "#0"},
				"south": {"uv": [9, 1, 11, 3], "texture": "#0"},
				"west": {"uv": [9, 1, 10, 3], "texture": "#0"},
				"up": {"uv": [9, 1, 11, 2], "texture": "#0"},
				"down": {"uv": [9, 2, 11, 3], "texture": "#0"}
			}
		},
		{
			"name": "trident_dropped_1",
			"from": [8, 7, 7.5],
			"to": [9, 14, 8.5],
			"rotation": {"angle": 0, "axis": "y", "origin": [0, 0, 7.5]},
			"faces": {
				"north": {"uv": [9, 2, 8, 9], "texture": "#0"},
				"east": {"uv": [8, 2, 9, 9], "texture": "#0"},
				"south": {"uv": [8, 2, 9, 9], "texture": "#0"},
				"west": {"uv": [8, 2, 9, 9], "texture": "#0"},
				"up": {"uv": [8, 2, 9, 3], "texture": "#0"},
				"down": {"uv": [8, 8, 9, 9], "texture": "#0"}
			}
		},
		{
			"name": "trident_dropped_2",
			"from": [12, 12, 7.5],
			"to": [14, 14, 8.5],
			"rotation": {"angle": 0, "axis": "y", "origin": [0, 0, 7.5]},
			"faces": {
				"north": {"uv": [14, 2, 12, 4], "texture": "#0"},
				"east": {"uv": [13, 2, 14, 4], "texture": "#0"},
				"south": {"uv": [12, 2, 14, 4], "texture": "#0"},
				"west": {"uv": [12, 2, 13, 4], "texture": "#0"},
				"up": {"uv": [12, 2, 14, 3], "texture": "#0"},
				"down": {"uv": [12, 3, 14, 4], "texture": "#0"}
			}
		},
		{
			"name": "trident_dropped_3",
			"from": [7, 6, 7.5],
			"to": [8, 13, 8.5],
			"rotation": {"angle": 0, "axis": "y", "origin": [0, 0, 7.5]},
			"faces": {
				"north": {"uv": [8, 3, 7, 10], "texture": "#0"},
				"east": {"uv": [7, 3, 8, 10], "texture": "#0"},
				"south": {"uv": [7, 3, 8, 10], "texture": "#0"},
				"west": {"uv": [7, 3, 8, 10], "texture": "#0"},
				"up": {"uv": [7, 3, 8, 4], "texture": "#0"},
				"down": {"uv": [7, 9, 8, 10], "texture": "#0"}
			}
		},
		{
			"name": "trident_dropped_4",
			"from": [9, 12, 7.5],
			"to": [10, 13, 8.5],
			"rotation": {"angle": 0, "axis": "y", "origin": [0, 0, 7.5]},
			"faces": {
				"north": {"uv": [10, 3, 9, 4], "texture": "#0"},
				"east": {"uv": [9, 3, 10, 4], "texture": "#0"},
				"south": {"uv": [9, 3, 10, 4], "texture": "#0"},
				"west": {"uv": [9, 3, 10, 4], "texture": "#0"},
				"up": {"uv": [9, 3, 10, 4], "texture": "#0"},
				"down": {"uv": [9, 3, 10, 4], "texture": "#0"}
			}
		},
		{
			"name": "trident_dropped_5",
			"from": [11, 10, 7.5],
			"to": [12, 13, 8.5],
			"rotation": {"angle": 0, "axis": "y", "origin": [0, 0, 7.5]},
			"faces": {
				"north": {"uv": [12, 3, 11, 6], "texture": "#0"},
				"east": {"uv": [11, 3, 12, 6], "texture": "#0"},
				"south": {"uv": [11, 3, 12, 6], "texture": "#0"},
				"west": {"uv": [11, 3, 12, 6], "texture": "#0"},
				"up": {"uv": [11, 3, 12, 4], "texture": "#0"},
				"down": {"uv": [11, 5, 12, 6], "texture": "#0"}
			}
		},
		{
			"name": "trident_dropped_6",
			"from": [10, 7, 7.5],
			"to": [11, 12, 8.5],
			"rotation": {"angle": 0, "axis": "y", "origin": [0, 0, 7.5]},
			"faces": {
				"north": {"uv": [11, 4, 10, 9], "texture": "#0"},
				"east": {"uv": [10, 4, 11, 9], "texture": "#0"},
				"south": {"uv": [10, 4, 11, 9], "texture": "#0"},
				"west": {"uv": [10, 4, 11, 9], "texture": "#0"},
				"up": {"uv": [10, 4, 11, 5], "texture": "#0"},
				"down": {"uv": [10, 8, 11, 9], "texture": "#0"}
			}
		},
		{
			"name": "trident_dropped_7",
			"from": [12, 11, 7.5],
			"to": [13, 12, 8.5],
			"rotation": {"angle": 0, "axis": "y", "origin": [0, 0, 7.5]},
			"faces": {
				"north": {"uv": [13, 4, 12, 5], "texture": "#0"},
				"east": {"uv": [12, 4, 13, 5], "texture": "#0"},
				"south": {"uv": [12, 4, 13, 5], "texture": "#0"},
				"west": {"uv": [12, 4, 13, 5], "texture": "#0"},
				"up": {"uv": [12, 4, 13, 5], "texture": "#0"},
				"down": {"uv": [12, 4, 13, 5], "texture": "#0"}
			}
		},
		{
			"name": "trident_dropped_8",
			"from": [9, 7, 7.5],
			"to": [10, 11, 8.5],
			"rotation": {"angle": 0, "axis": "y", "origin": [0, 0, 7.5]},
			"faces": {
				"north": {"uv": [10, 5, 9, 9], "texture": "#0"},
				"east": {"uv": [9, 5, 10, 9], "texture": "#0"},
				"south": {"uv": [9, 5, 10, 9], "texture": "#0"},
				"west": {"uv": [9, 5, 10, 9], "texture": "#0"},
				"up": {"uv": [9, 5, 10, 6], "texture": "#0"},
				"down": {"uv": [9, 8, 10, 9], "texture": "#0"}
			}
		},
		{
			"name": "trident_dropped_9",
			"from": [13, 9, 7.5],
			"to": [15, 11, 8.5],
			"rotation": {"angle": 0, "axis": "y", "origin": [0, 0, 7.5]},
			"faces": {
				"north": {"uv": [15, 5, 13, 7], "texture": "#0"},
				"east": {"uv": [14, 5, 15, 7], "texture": "#0"},
				"south": {"uv": [13, 5, 15, 7], "texture": "#0"},
				"west": {"uv": [13, 5, 14, 7], "texture": "#0"},
				"up": {"uv": [13, 5, 15, 6], "texture": "#0"},
				"down": {"uv": [13, 6, 15, 7], "texture": "#0"}
			}
		},
		{
			"name": "trident_dropped_10",
			"from": [12, 7, 7.5],
			"to": [13, 10, 8.5],
			"rotation": {"angle": 0, "axis": "y", "origin": [0, 0, 7.5]},
			"faces": {
				"north": {"uv": [13, 6, 12, 9], "texture": "#0"},
				"east": {"uv": [12, 6, 13, 9], "texture": "#0"},
				"south": {"uv": [12, 6, 13, 9], "texture": "#0"},
				"west": {"uv": [12, 6, 13, 9], "texture": "#0"},
				"up": {"uv": [12, 6, 13, 7], "texture": "#0"},
				"down": {"uv": [12, 8, 13, 9], "texture": "#0"}
			}
		},
		{
			"name": "trident_dropped_11",
			"from": [11, 7, 7.5],
			"to": [12, 9, 8.5],
			"rotation": {"angle": 0, "axis": "y", "origin": [0, 0, 7.5]},
			"faces": {
				"north": {"uv": [12, 7, 11, 9], "texture": "#0"},
				"east": {"uv": [11, 7, 12, 9], "texture": "#0"},
				"south": {"uv": [11, 7, 12, 9], "texture": "#0"},
				"west": {"uv": [11, 7, 12, 9], "texture": "#0"},
				"up": {"uv": [11, 7, 12, 8], "texture": "#0"},
				"down": {"uv": [11, 8, 12, 9], "texture": "#0"}
			}
		},
		{
			"name": "trident_dropped_12",
			"from": [13, 8, 7.5],
			"to": [14, 9, 8.5],
			"rotation": {"angle": 0, "axis": "y", "origin": [0, 0, 7.5]},
			"faces": {
				"north": {"uv": [14, 7, 13, 8], "texture": "#0"},
				"east": {"uv": [13, 7, 14, 8], "texture": "#0"},
				"south": {"uv": [13, 7, 14, 8], "texture": "#0"},
				"west": {"uv": [13, 7, 14, 8], "texture": "#0"},
				"up": {"uv": [13, 7, 14, 8], "texture": "#0"},
				"down": {"uv": [13, 7, 14, 8], "texture": "#0"}
			}
		},
		{
			"name": "trident_dropped_13",
			"from": [6, 5, 7.5],
			"to": [7, 8, 8.5],
			"rotation": {"angle": 0, "axis": "y", "origin": [0, 0, 7.5]},
			"faces": {
				"north": {"uv": [7, 8, 6, 11], "texture": "#0"},
				"east": {"uv": [6, 8, 7, 11], "texture": "#0"},
				"south": {"uv": [6, 8, 7, 11], "texture": "#0"},
				"west": {"uv": [6, 8, 7, 11], "texture": "#0"},
				"up": {"uv": [6, 8, 7, 9], "texture": "#0"},
				"down": {"uv": [6, 10, 7, 11], "texture": "#0"}
			}
		},
		{
			"name": "trident_dropped_14",
			"from": [5, 4, 7.5],
			"to": [6, 7, 8.5],
			"rotation": {"angle": 0, "axis": "y", "origin": [0, 0, 7.5]},
			"faces": {
				"north": {"uv": [6, 9, 5, 12], "texture": "#0"},
				"east": {"uv": [5, 9, 6, 12], "texture": "#0"},
				"south": {"uv": [5, 9, 6, 12], "texture": "#0"},
				"west": {"uv": [5, 9, 6, 12], "texture": "#0"},
				"up": {"uv": [5, 9, 6, 10], "texture": "#0"},
				"down": {"uv": [5, 11, 6, 12], "texture": "#0"}
			}
		},
		{
			"name": "trident_dropped_15",
			"from": [4, 3, 7.5],
			"to": [5, 6, 8.5],
			"rotation": {"angle": 0, "axis": "y", "origin": [0, 0, 7.5]},
			"faces": {
				"north": {"uv": [5, 10, 4, 13], "texture": "#0"},
				"east": {"uv": [4, 10, 5, 13], "texture": "#0"},
				"south": {"uv": [4, 10, 5, 13], "texture": "#0"},
				"west": {"uv": [4, 10, 5, 13], "texture": "#0"},
				"up": {"uv": [4, 10, 5, 11], "texture": "#0"},
				"down": {"uv": [4, 12, 5, 13], "texture": "#0"}
			}
		},
		{
			"name": "trident_dropped_16",
			"from": [3, 2, 7.5],
			"to": [4, 5, 8.5],
			"rotation": {"angle": 0, "axis": "y", "origin": [0, 0, 7.5]},
			"faces": {
				"north": {"uv": [4, 11, 3, 14], "texture": "#0"},
				"east": {"uv": [3, 11, 4, 14], "texture": "#0"},
				"south": {"uv": [3, 11, 4, 14], "texture": "#0"},
				"west": {"uv": [3, 11, 4, 14], "texture": "#0"},
				"up": {"uv": [3, 11, 4, 12], "texture": "#0"},
				"down": {"uv": [3, 13, 4, 14], "texture": "#0"}
			}
		},
		{
			"name": "trident_dropped_17",
			"from": [2, 1, 7.5],
			"to": [3, 4, 8.5],
			"rotation": {"angle": 0, "axis": "y", "origin": [0, 0, 7.5]},
			"faces": {
				"north": {"uv": [3, 12, 2, 15], "texture": "#0"},
				"east": {"uv": [2, 12, 3, 15], "texture": "#0"},
				"south": {"uv": [2, 12, 3, 15], "texture": "#0"},
				"west": {"uv": [2, 12, 3, 15], "texture": "#0"},
				"up": {"uv": [2, 12, 3, 13], "texture": "#0"},
				"down": {"uv": [2, 14, 3, 15], "texture": "#0"}
			}
		},
		{
			"name": "trident_dropped_18",
			"from": [1, 0, 7.5],
			"to": [2, 3, 8.5],
			"rotation": {"angle": 0, "axis": "y", "origin": [0, 0, 7.5]},
			"faces": {
				"north": {"uv": [2, 13, 1, 16], "texture": "#0"},
				"east": {"uv": [1, 13, 2, 16], "texture": "#0"},
				"south": {"uv": [1, 13, 2, 16], "texture": "#0"},
				"west": {"uv": [1, 13, 2, 16], "texture": "#0"},
				"up": {"uv": [1, 13, 2, 14], "texture": "#0"},
				"down": {"uv": [1, 15, 2, 16], "texture": "#0"}
			}
		},
		{
			"name": "trident_dropped_19",
			"from": [0, 0, 7.5],
			"to": [1, 2, 8.5],
			"rotation": {"angle": 0, "axis": "y", "origin": [0, 0, 7.5]},
			"faces": {
				"north": {"uv": [1, 14, 0, 16], "texture": "#0"},
				"east": {"uv": [0, 14, 1, 16], "texture": "#0"},
				"south": {"uv": [0, 14, 1, 16], "texture": "#0"},
				"west": {"uv": [0, 14, 1, 16], "texture": "#0"},
				"up": {"uv": [0, 14, 1, 15], "texture": "#0"},
				"down": {"uv": [0, 15, 1, 16], "texture": "#0"}
			}
		},
		{
			"name": "trident_dropped_0_outline",
			"from": [11.2, 15.2, 8.7],
			"to": [8.8, 12.8, 7.3],
			"rotation": {"angle": 0, "axis": "y", "origin": [0, 0, 7.5]},
			"faces": {
				"north": {"uv": [2, 3.5, 3, 4.5], "texture": "#1"},
				"east": {"uv": [7, 1.5, 7.5, 2.5], "texture": "#1"},
				"south": {"uv": [3.5, 2.5, 4.5, 3.5], "texture": "#1"},
				"west": {"uv": [7, 2.5, 7.5, 3.5], "texture": "#1"},
				"up": {"uv": [4, 7.5, 3, 7], "texture": "#1"},
				"down": {"uv": [8, 3.5, 7, 4], "texture": "#1"}
			}
		},
		{
			"name": "trident_dropped_1_outline",
			"from": [9.2, 14.2, 8.7],
			"to": [7.8, 6.8, 7.3],
			"rotation": {"angle": 0, "axis": "y", "origin": [0, 0, 7.5]},
			"faces": {
				"north": {"uv": [0, 0, 0.5, 3.5], "texture": "#1"},
				"east": {"uv": [0.5, 0, 1, 3.5], "texture": "#1"},
				"south": {"uv": [1, 0, 1.5, 3.5], "texture": "#1"},
				"west": {"uv": [1.5, 0, 2, 3.5], "texture": "#1"},
				"up": {"uv": [5.5, 8, 5, 7.5], "texture": "#1"},
				"down": {"uv": [6, 7.5, 5.5, 8], "texture": "#1"}
			}
		},
		{
			"name": "trident_dropped_2_outline",
			"from": [14.2, 14.2, 8.7],
			"to": [11.8, 11.8, 7.3],
			"rotation": {"angle": 0, "axis": "y", "origin": [0, 0, 7.5]},
			"faces": {
				"north": {"uv": [3, 3.5, 4, 4.5], "texture": "#1"},
				"east": {"uv": [4, 7, 4.5, 8], "texture": "#1"},
				"south": {"uv": [4, 0, 5, 1], "texture": "#1"},
				"west": {"uv": [7, 4, 7.5, 5], "texture": "#1"},
				"up": {"uv": [5.5, 7.5, 4.5, 7], "texture": "#1"},
				"down": {"uv": [8, 5, 7, 5.5], "texture": "#1"}
			}
		},
		{
			"name": "trident_dropped_3_outline",
			"from": [8.2, 13.2, 8.7],
			"to": [6.8, 5.8, 7.3],
			"rotation": {"angle": 0, "axis": "y", "origin": [0, 0, 7.5]},
			"faces": {
				"north": {"uv": [2, 0, 2.5, 3.5], "texture": "#1"},
				"east": {"uv": [2.5, 0, 3, 3.5], "texture": "#1"},
				"south": {"uv": [3, 0, 3.5, 3.5], "texture": "#1"},
				"west": {"uv": [0, 3.5, 0.5, 7], "texture": "#1"},
				"up": {"uv": [8, 6, 7.5, 5.5], "texture": "#1"},
				"down": {"uv": [6.5, 7.5, 6, 8], "texture": "#1"}
			}
		},
		{
			"name": "trident_dropped_4_outline",
			"from": [10.2, 13.2, 8.7],
			"to": [8.8, 11.8, 7.3],
			"rotation": {"angle": 0, "axis": "y", "origin": [0, 0, 7.5]},
			"faces": {
				"north": {"uv": [7.5, 6, 8, 6.5], "texture": "#1"},
				"east": {"uv": [6.5, 7.5, 7, 8], "texture": "#1"},
				"south": {"uv": [7.5, 6.5, 8, 7], "texture": "#1"},
				"west": {"uv": [7, 7.5, 7.5, 8], "texture": "#1"},
				"up": {"uv": [8, 7.5, 7.5, 7], "texture": "#1"},
				"down": {"uv": [8, 7.5, 7.5, 8], "texture": "#1"}
			}
		},
		{
			"name": "trident_dropped_5_outline",
			"from": [12.2, 13.2, 8.7],
			"to": [10.8, 9.8, 7.3],
			"rotation": {"angle": 0, "axis": "y", "origin": [0, 0, 7.5]},
			"faces": {
				"north": {"uv": [4, 1, 4.5, 2.5], "texture": "#1"},
				"east": {"uv": [4.5, 4, 5, 5.5], "texture": "#1"},
				"south": {"uv": [5, 0, 5.5, 1.5], "texture": "#1"},
				"west": {"uv": [5, 1.5, 5.5, 3], "texture": "#1"},
				"up": {"uv": [1, 8.5, 0.5, 8], "texture": "#1"},
				"down": {"uv": [8.5, 0.5, 8, 1], "texture": "#1"}
			}
		},
		{
			"name": "trident_dropped_6_outline",
			"from": [11.2, 12.2, 8.7],
			"to": [9.8, 6.8, 7.3],
			"rotation": {"angle": 0, "axis": "y", "origin": [0, 0, 7.5]},
			"faces": {
				"north": {"uv": [3.5, 0, 4, 2.5], "texture": "#1"},
				"east": {"uv": [0.5, 3.5, 1, 6], "texture": "#1"},
				"south": {"uv": [1, 3.5, 1.5, 6], "texture": "#1"},
				"west": {"uv": [1.5, 3.5, 2, 6], "texture": "#1"},
				"up": {"uv": [1.5, 8.5, 1, 8], "texture": "#1"},
				"down": {"uv": [8.5, 1, 8, 1.5], "texture": "#1"}
			}
		},
		{
			"name": "trident_dropped_7_outline",
			"from": [13.2, 12.2, 8.7],
			"to": [11.8, 10.8, 7.3],
			"rotation": {"angle": 0, "axis": "y", "origin": [0, 0, 7.5]},
			"faces": {
				"north": {"uv": [8, 1.5, 8.5, 2], "texture": "#1"},
				"east": {"uv": [2, 8, 2.5, 8.5], "texture": "#1"},
				"south": {"uv": [8, 2, 8.5, 2.5], "texture": "#1"},
				"west": {"uv": [2.5, 8, 3, 8.5], "texture": "#1"},
				"up": {"uv": [8.5, 3, 8, 2.5], "texture": "#1"},
				"down": {"uv": [8.5, 3, 8, 3.5], "texture": "#1"}
			}
		},
		{
			"name": "trident_dropped_8_outline",
			"from": [10.2, 11.2, 8.7],
			"to": [8.8, 6.8, 7.3],
			"rotation": {"angle": 0, "axis": "y", "origin": [0, 0, 7.5]},
			"faces": {
				"north": {"uv": [4, 3.5, 4.5, 5.5], "texture": "#1"},
				"east": {"uv": [4.5, 1, 5, 3], "texture": "#1"},
				"south": {"uv": [2, 4.5, 2.5, 6.5], "texture": "#1"},
				"west": {"uv": [2.5, 4.5, 3, 6.5], "texture": "#1"},
				"up": {"uv": [8.5, 4, 8, 3.5], "texture": "#1"},
				"down": {"uv": [4.5, 8, 4, 8.5], "texture": "#1"}
			}
		},
		{
			"name": "trident_dropped_9_outline",
			"from": [15.2, 11.2, 8.7],
			"to": [12.8, 8.8, 7.3],
			"rotation": {"angle": 0, "axis": "y", "origin": [0, 0, 7.5]},
			"faces": {
				"north": {"uv": [3, 4.5, 4, 5.5], "texture": "#1"},
				"east": {"uv": [7, 5.5, 7.5, 6.5], "texture": "#1"},
				"south": {"uv": [4.5, 3, 5.5, 4], "texture": "#1"},
				"west": {"uv": [7, 6.5, 7.5, 7.5], "texture": "#1"},
				"up": {"uv": [8.5, 0.5, 7.5, 0], "texture": "#1"},
				"down": {"uv": [1.5, 7.5, 0.5, 8], "texture": "#1"}
			}
		},
		{
			"name": "trident_dropped_10_outline",
			"from": [13.2, 10.2, 8.7],
			"to": [11.8, 6.8, 7.3],
			"rotation": {"angle": 0, "axis": "y", "origin": [0, 0, 7.5]},
			"faces": {
				"north": {"uv": [5, 4, 5.5, 5.5], "texture": "#1"},
				"east": {"uv": [5.5, 0, 6, 1.5], "texture": "#1"},
				"south": {"uv": [5.5, 1.5, 6, 3], "texture": "#1"},
				"west": {"uv": [3, 5.5, 3.5, 7], "texture": "#1"},
				"up": {"uv": [8.5, 4.5, 8, 4], "texture": "#1"},
				"down": {"uv": [8.5, 4.5, 8, 5], "texture": "#1"}
			}
		},
		{
			"name": "trident_dropped_11_outline",
			"from": [12.2, 9.2, 8.7],
			"to": [10.8, 6.8, 7.3],
			"rotation": {"angle": 0, "axis": "y", "origin": [0, 0, 7.5]},
			"faces": {
				"north": {"uv": [7.5, 0.5, 8, 1.5], "texture": "#1"},
				"east": {"uv": [1.5, 7.5, 2, 8.5], "texture": "#1"},
				"south": {"uv": [7.5, 1.5, 8, 2.5], "texture": "#1"},
				"west": {"uv": [7.5, 2.5, 8, 3.5], "texture": "#1"},
				"up": {"uv": [5.5, 8.5, 5, 8], "texture": "#1"},
				"down": {"uv": [8.5, 5, 8, 5.5], "texture": "#1"}
			}
		},
		{
			"name": "trident_dropped_12_outline",
			"from": [14.2, 9.2, 8.7],
			"to": [12.8, 7.8, 7.3],
			"rotation": {"angle": 0, "axis": "y", "origin": [0, 0, 7.5]},
			"faces": {
				"north": {"uv": [5.5, 8, 6, 8.5], "texture": "#1"},
				"east": {"uv": [8, 5.5, 8.5, 6], "texture": "#1"},
				"south": {"uv": [6, 8, 6.5, 8.5], "texture": "#1"},
				"west": {"uv": [8, 6, 8.5, 6.5], "texture": "#1"},
				"up": {"uv": [7, 8.5, 6.5, 8], "texture": "#1"},
				"down": {"uv": [8.5, 6.5, 8, 7], "texture": "#1"}
			}
		},
		{
			"name": "trident_dropped_13_outline",
			"from": [7.2, 8.2, 8.7],
			"to": [5.8, 4.8, 7.3],
			"rotation": {"angle": 0, "axis": "y", "origin": [0, 0, 7.5]},
			"faces": {
				"north": {"uv": [5.5, 3, 6, 4.5], "texture": "#1"},
				"east": {"uv": [3.5, 5.5, 4, 7], "texture": "#1"},
				"south": {"uv": [4, 5.5, 4.5, 7], "texture": "#1"},
				"west": {"uv": [4.5, 5.5, 5, 7], "texture": "#1"},
				"up": {"uv": [7.5, 8.5, 7, 8], "texture": "#1"},
				"down": {"uv": [8.5, 7, 8, 7.5], "texture": "#1"}
			}
		},
		{
			"name": "trident_dropped_14_outline",
			"from": [6.2, 7.2, 8.7],
			"to": [4.8, 3.8, 7.3],
			"rotation": {"angle": 0, "axis": "y", "origin": [0, 0, 7.5]},
			"faces": {
				"north": {"uv": [5.5, 4.5, 6, 6], "texture": "#1"},
				"east": {"uv": [5, 5.5, 5.5, 7], "texture": "#1"},
				"south": {"uv": [6, 0, 6.5, 1.5], "texture": "#1"},
				"west": {"uv": [0.5, 6, 1, 7.5], "texture": "#1"},
				"up": {"uv": [8, 8.5, 7.5, 8], "texture": "#1"},
				"down": {"uv": [8.5, 7.5, 8, 8], "texture": "#1"}
			}
		},
		{
			"name": "trident_dropped_15_outline",
			"from": [5.2, 6.2, 8.7],
			"to": [3.8, 2.8, 7.3],
			"rotation": {"angle": 0, "axis": "y", "origin": [0, 0, 7.5]},
			"faces": {
				"north": {"uv": [1, 6, 1.5, 7.5], "texture": "#1"},
				"east": {"uv": [1.5, 6, 2, 7.5], "texture": "#1"},
				"south": {"uv": [6, 1.5, 6.5, 3], "texture": "#1"},
				"west": {"uv": [6, 3, 6.5, 4.5], "texture": "#1"},
				"up": {"uv": [8.5, 8.5, 8, 8], "texture": "#1"},
				"down": {"uv": [0.5, 8.5, 0, 9], "texture": "#1"}
			}
		},
		{
			"name": "trident_dropped_16_outline",
			"from": [4.2, 5.2, 8.7],
			"to": [2.8, 1.8, 7.3],
			"rotation": {"angle": 0, "axis": "y", "origin": [0, 0, 7.5]},
			"faces": {
				"north": {"uv": [6, 4.5, 6.5, 6], "texture": "#1"},
				"east": {"uv": [5.5, 6, 6, 7.5], "texture": "#1"},
				"south": {"uv": [6, 6, 6.5, 7.5], "texture": "#1"},
				"west": {"uv": [6.5, 0, 7, 1.5], "texture": "#1"},
				"up": {"uv": [9, 0.5, 8.5, 0], "texture": "#1"},
				"down": {"uv": [1, 8.5, 0.5, 9], "texture": "#1"}
			}
		},
		{
			"name": "trident_dropped_17_outline",
			"from": [3.2, 4.2, 8.7],
			"to": [1.8, 0.8, 7.3],
			"rotation": {"angle": 0, "axis": "y", "origin": [0, 0, 7.5]},
			"faces": {
				"north": {"uv": [6.5, 1.5, 7, 3], "texture": "#1"},
				"east": {"uv": [2, 6.5, 2.5, 8], "texture": "#1"},
				"south": {"uv": [2.5, 6.5, 3, 8], "texture": "#1"},
				"west": {"uv": [6.5, 3, 7, 4.5], "texture": "#1"},
				"up": {"uv": [9, 1, 8.5, 0.5], "texture": "#1"},
				"down": {"uv": [1.5, 8.5, 1, 9], "texture": "#1"}
			}
		},
		{
			"name": "trident_dropped_18_outline",
			"from": [2.2, 3.2, 8.7],
			"to": [0.8, -0.2, 7.3],
			"rotation": {"angle": 0, "axis": "y", "origin": [0, 0, 7.5]},
			"faces": {
				"north": {"uv": [6.5, 4.5, 7, 6], "texture": "#1"},
				"east": {"uv": [6.5, 6, 7, 7.5], "texture": "#1"},
				"south": {"uv": [0, 7, 0.5, 8.5], "texture": "#1"},
				"west": {"uv": [7, 0, 7.5, 1.5], "texture": "#1"},
				"up": {"uv": [9, 1.5, 8.5, 1], "texture": "#1"},
				"down": {"uv": [2, 8.5, 1.5, 9], "texture": "#1"}
			}
		},
		{
			"name": "trident_dropped_19_outline",
			"from": [1.2, 2.2, 8.7],
			"to": [-0.2, -0.2, 7.3],
			"rotation": {"angle": 0, "axis": "y", "origin": [0, 0, 7.5]},
			"faces": {
				"north": {"uv": [3, 7.5, 3.5, 8.5], "texture": "#1"},
				"east": {"uv": [3.5, 7.5, 4, 8.5], "texture": "#1"},
				"south": {"uv": [7.5, 4, 8, 5], "texture": "#1"},
				"west": {"uv": [4.5, 7.5, 5, 8.5], "texture": "#1"},
				"up": {"uv": [9, 2, 8.5, 1.5], "texture": "#1"},
				"down": {"uv": [2.5, 8.5, 2, 9], "texture": "#1"}
			}
		}
	],
	"display": {
		"thirdperson_righthand": {
			"rotation": [0, -90, 55],
			"translation": [0, 4, 0.5],
			"scale": [0.85, 0.85, 0.85]
		},
		"thirdperson_lefthand": {
			"rotation": [0, 90, -55],
			"translation": [0, 4, 0.5],
			"scale": [0.85, 0.85, 0.85]
		},
		"firstperson_righthand": {
			"rotation": [0, -90, 25],
			"translation": [1.13, 3.2, 1.13],
			"scale": [0.68, 0.68, 0.68]
		},
		"firstperson_lefthand": {
			"rotation": [0, 90, -25],
			"translation": [1.13, 3.2, 1.13],
			"scale": [0.68, 0.68, 0.68]
		},
		"ground": {
			"translation": [0, 2, 0],
			"scale": [0.5, 0.5, 0.5]
		},
		"head": {
			"rotation": [0, -180, 0],
			"translation": [0, 13, 7]
		},
		"fixed": {
			"rotation": [0, -180, 0]
		}
	},
	"groups": [
		{
			"name": "trident_dropped",
			"origin": [8, 8, 8],
			"color": 0,
			"children": [0, 1, 2, 3, 4, 5, 6, 7, 8, 9, 10, 11, 12, 13, 14, 15, 16, 17, 18, 19]
		},
		20,
		21,
		22,
		23,
		24,
		25,
		26,
		27,
		28,
		29,
		30,
		31,
		32,
		33,
		34,
		35,
		36,
		37,
		38,
		39
	]
}